location_from,location_to,hour_of_day,traffic_volume,temperature,rainfall,visibility,accident_severity
Suburb,Suburb,18,81,-4.621201109260625,1.4413549799349847,11.672834869175372,0
Rural Route,Suburb,7,80,0.20343092192741352,0.3906826485676332,13.11978513232348,0
City Center,Suburb,6,43,13.19785377727697,1.6670555318476272,2.2270471465512003,0
Suburb,Suburb,15,62,15.766394437252433,1.1562229791381826,3.874005085807438,1
Suburb,Rural Route,18,23,23.62624691435484,0.27265472242613475,7.733777378618585,0
Rural Route,Suburb,5,25,13.105554624906583,1.24848386226405,9.088306342209917,0
City Center,City Center,19,52,19.880816100271762,0.3592088355442812,10.598707379813536,0
City Center,Suburb,20,82,17.94857327432208,2.623588407440991,10.374421349836275,1
Suburb,Rural Route,10,83,40.044650639397425,7.2724499999648815,10.526883138046799,0
Highway,Suburb,4,90,11.950243407498913,1.2681611376955704,5.310884157797459,2
Suburb,City Center,15,21,3.169554434383521,2.0013474879838493,7.6155788097486115,0
Suburb,Rural Route,6,79,31.190002325401046,1.127663662622761,9.032737939291149,0
Suburb,Rural Route,4,28,12.86043433388513,0.2980533186757302,9.547907289948158,0
Suburb,City Center,10,50,19.083367091497546,7.050481783611845,8.498675792634884,0
Rural Route,City Center,14,62,13.538245498736268,0.27755578081968757,10.763026380813798,0
City Center,City Center,2,38,27.37176098051193,0.2367267271836078,6.576316967311209,0
Rural Route,City Center,4,79,6.257254444452702,1.2293114432264203,8.552241977224675,0
Rural Route,City Center,22,68,-7.991918468959753,2.151084514820901,11.508928147654062,0
Rural Route,Rural Route,20,98,32.957162884732945,0.8767720190591216,10.613376668852215,0
Suburb,Rural Route,4,73,22.474708108231574,0.4276666084550361,8.879882082116355,0
Highway,Suburb,8,33,30.726444171572446,3.41811176321037,8.947973201083396,0
City Center,Suburb,14,98,32.62211972892907,0.9022956706494442,8.571758488681214,0
Highway,Highway,2,25,10.835337862076726,0.4321396915899649,8.994880571854289,1
Rural Route,Suburb,5,61,20.60664997896732,0.9085279087772126,8.488592066585806,0
Rural Route,Suburb,16,89,25.053884790955536,0.4830076680683309,8.906782900822199,0
Highway,City Center,20,15,18.917079278035274,1.4656385804539473,10.887102476885769,0
Highway,City Center,7,46,16.878487826642083,2.2069846703242164,10.824547715494823,0
Highway,Suburb,20,94,17.863488131385044,3.2144544875192604,6.061212266496801,1
Rural Route,Highway,10,13,30.83542871305383,0.5164071431659983,15.375290050037977,0
Rural Route,City Center,5,47,17.409878049124476,0.365332846197676,8.37052565843834,0
City Center,Suburb,7,50,26.002294676034765,0.03959623323895478,11.406639110100642,0
City Center,Suburb,9,90,23.468928036820934,0.5177688499789539,6.785026799092673,0
Rural Route,Rural Route,23,23,10.3581699482989,0.04839144474201452,14.388027256538148,0
Highway,Highway,2,80,23.01969489514126,0.8476885612824272,11.614576288893776,2
Highway,Rural Route,22,95,4.613289270674059,0.3149295379885679,11.147417338377306,1
City Center,Highway,13,60,24.01433236944378,1.7345040458927958,9.463333923614783,0
Rural Route,City Center,22,74,28.911171862575003,0.9681296830865614,4.47982232256478,2
City Center,Highway,13,61,31.21414029096922,0.19651679341156064,14.988465201798224,0
City Center,Suburb,9,39,10.473098593707475,1.0212061738469485,12.56107179493567,0
Suburb,Suburb,11,66,14.638459286031441,0.4697950082508714,9.035562650273985,0
Suburb,Highway,5,88,22.840652070645227,2.2799773195289923,11.435761980406006,1
Suburb,Highway,11,91,15.240751884645553,0.9064857408864748,6.06815594515613,0
Highway,Highway,22,39,0.7112301720399152,0.31806182580162495,4.280357913585955,2
Rural Route,Rural Route,13,51,14.583035262435537,0.8603407687006205,10.049340790544907,0
Rural Route,Highway,1,20,22.802016382406272,0.5081808428229388,7.607442912992372,1
Rural Route,City Center,8,36,30.675283146404823,3.1771050924185924,8.552178809364428,0
Rural Route,Rural Route,9,33,36.89208495226213,8.192800591383342,9.841910380979524,0
Suburb,Rural Route,16,48,21.24947834290077,0.05164384755557313,6.4381674821713695,0
Highway,Highway,16,81,25.664944863977915,2.3424958853888644,9.759429188949888,1
Highway,City Center,2,27,29.607839913137912,0.6129357412438127,6.687553227254154,1
Suburb,Rural Route,18,86,-0.5055949061675094,0.13743291339171096,13.037417024431665,0
Highway,Suburb,0,54,9.80783908490466,0.028910571244949695,9.698987188647497,2
Suburb,Rural Route,11,97,21.025622035725178,4.257426086115652,11.58267559164056,0
Rural Route,Highway,6,96,35.55944868219781,0.8726936614666589,4.682280488103093,1
Suburb,City Center,3,21,26.297607318736517,10.42203916104296,11.769272897602344,0
Rural Route,Highway,9,58,23.296996045890157,1.1681449455912465,14.491671073514127,0
Rural Route,Suburb,12,40,17.718879614551,0.415519363777037,10.352832364114827,0
City Center,Suburb,1,31,24.267941306235066,3.002455039774618,11.566423326327705,0
Suburb,Suburb,9,53,14.03559398467808,5.220727957211372,9.285746307766924,0
City Center,Highway,20,73,12.20170720468007,3.3815240482448794,11.12586286787467,1
Suburb,Rural Route,21,86,13.070630014080185,2.734546698234498,14.803547537871143,0
Suburb,Highway,3,34,33.40481511172945,0.8150335061437404,16.738773540714746,1
City Center,City Center,17,60,11.59747929204721,0.13332766566943421,10.951541686149554,0
City Center,Rural Route,4,16,16.0122291216888,0.4495381148676952,6.940956465516662,0
Suburb,Suburb,18,15,24.710112318255582,1.1841084312046146,11.869920864476338,0
Highway,Highway,1,33,11.198151474807785,6.256236987792938,6.287071662337998,2
Rural Route,Suburb,11,28,22.26163912324194,2.566422968288365,8.126744571953049,0
City Center,Suburb,16,92,22.258041934068164,3.523815538235577,8.46944050625198,0
Rural Route,City Center,9,18,13.755458912401114,0.6495052717565312,16.12352459811382,0
Highway,Rural Route,1,45,17.412197796627787,2.3029063649096595,14.286127472147989,1
Highway,City Center,5,49,10.564237100716705,3.9673631933863835,13.664879639646488,0
Highway,City Center,7,33,33.82766003542645,1.3055908103536498,12.4623160506106,0
City Center,City Center,18,57,22.575938606238545,1.1238584345089775,7.274771459575127,0
Highway,Suburb,10,72,9.513569211944024,2.541682392749279,10.708651314868705,1
City Center,City Center,11,78,21.263180830336694,1.641559718259767,15.513752843914151,0
Highway,City Center,8,62,21.715941620649115,9.973178423081977,11.342610312189317,1
Rural Route,Rural Route,1,63,-2.432398437392294,1.1071280760885764,13.090442385394127,1
Rural Route,Rural Route,7,51,33.40444044342945,0.38703182648814716,5.17051645972142,0
Suburb,City Center,10,54,10.103918877185409,1.2770719935079504,12.165627474716935,0
Rural Route,Rural Route,20,99,40.902146871371684,0.5362948917964561,6.83700074790892,0
Suburb,Rural Route,3,23,27.952907609706656,1.6476684252070293,9.337293973431107,1
Rural Route,City Center,9,38,8.73170260032754,0.2688853123991869,14.266094866085338,0
City Center,Suburb,20,15,16.85749379200124,5.990515714181999,11.04148909279639,0
Rural Route,City Center,19,16,29.226181605535483,3.929697048243627,12.445047749461963,0
Suburb,Rural Route,15,46,17.622472619445542,0.3381759691657572,9.445057782422982,0
Suburb,Suburb,7,62,31.78237334418594,0.3784335632182846,4.221960799478166,1
Highway,Highway,3,27,16.239311922218814,1.4366784010677225,7.194151037714395,1
City Center,Suburb,9,96,19.2133476713746,2.9645657478472462,12.04072879648637,0
Rural Route,Rural Route,11,47,29.50150030210835,0.4945634329259947,11.004141131251236,0
Highway,Suburb,13,68,26.033909931799872,0.1258193652248367,14.987304815000925,1
Rural Route,City Center,15,10,10.747725625209467,1.5772655684637809,10.379809547334709,0
Rural Route,Highway,21,77,24.340516364110975,2.352696559381726,7.321587171462937,0
Highway,Highway,17,53,21.674481106643086,0.5603949475902156,9.922526172984771,1
Highway,Highway,20,56,10.882665723633394,2.69236184505712,12.993482822776826,0
Highway,Rural Route,21,44,6.095230065594105,6.017383165452814,4.728713692091226,2
Highway,Rural Route,20,96,0.6861633505731213,0.2948537039466273,11.036943811660244,1
Highway,Highway,11,69,17.055759151694538,1.4309044590657578,6.218518669842182,0
Rural Route,Suburb,17,99,19.4599339725247,0.11704281544358777,10.488139764375394,1
Highway,Highway,6,61,25.045780561876573,0.46300933453475174,12.179331799537593,1
City Center,Suburb,19,17,28.20478619583097,0.18822437298427389,11.655621115558743,0
Suburb,Suburb,23,89,15.861411568906453,1.035051449058415,14.021165571141541,1
Highway,Rural Route,22,50,19.16928652959133,3.4388603916473857,10.752191989439655,1
Highway,Suburb,6,12,12.4127767901397,1.7213830823349587,11.540746231116898,0
Rural Route,Highway,8,78,20.87238420806157,0.5035615124151418,11.645661887777987,1
Highway,Rural Route,0,93,29.68508681638278,0.0818745171085538,7.090826193974547,1
Highway,City Center,5,23,21.011428414458152,1.6121757971566344,9.61756378838907,0
Highway,City Center,5,35,31.633254000085316,0.28496372047910307,2.623034937971581,1
Rural Route,Rural Route,21,79,29.51781660323624,0.8393330268883458,11.130642455112858,0
Highway,Highway,11,67,34.5769783531325,1.4274846600052224,1.7452608280357929,1
Suburb,City Center,21,49,21.292324320270765,4.681249749715306,12.547287583322097,0
Rural Route,City Center,11,60,14.675698251425276,0.17073090545369338,14.95993470741681,0
Suburb,Suburb,9,14,26.212335227559567,2.208904167857442,11.49618032884536,0
Rural Route,Suburb,22,86,16.270970031484904,0.028362734875914796,11.959228781011381,1
Highway,Highway,5,41,25.898516393246425,1.9880102961976833,13.61461597659515,0
Suburb,Rural Route,16,89,13.371966931163591,1.6038380801724306,8.69550299374812,0
Rural Route,Highway,18,10,11.715941480357957,3.3412082001986696,6.182517335039789,0
City Center,Rural Route,17,86,32.164459834974835,1.5171320623694549,9.742037919538426,0
Highway,City Center,5,63,9.87425569185679,0.8696331568426818,7.711225443350649,1
Rural Route,Suburb,23,20,30.22247778776032,0.5561259594469803,10.230286076044546,0
City Center,Highway,18,62,25.860309701594453,0.1782083856006993,10.764214189052504,1
Rural Route,Highway,9,17,20.94297567558768,1.5297705232197896,8.565345993339072,0
City Center,Rural Route,23,34,1.0735514756537015,4.3842697832525435,7.858843103877861,1
Highway,Rural Route,7,49,34.85659121847438,1.4461594203551735,3.537605218240091,1
Suburb,Highway,20,41,10.651603314275885,2.687258078481825,9.493552487253341,0
City Center,Rural Route,23,97,29.53153621879175,0.7088832741594157,8.689458868429247,0
Rural Route,Highway,5,37,13.090591984561064,1.1888886515998194,8.902185008355199,0
Highway,Highway,20,87,12.288367872815167,0.7849098281541096,12.194906534673848,0
City Center,Highway,6,12,26.686161119129306,0.23141912412705726,15.895826177245096,0
Rural Route,City Center,23,93,25.384650367777315,1.0790970888478426,8.929361832726352,1
Rural Route,Rural Route,0,88,8.549024528063079,2.8902825985216607,11.15815986752287,1
Rural Route,Suburb,17,71,34.367591205377934,1.0049709974763126,10.762117199387284,0
City Center,Suburb,23,36,17.939543346239265,2.1006686382574373,13.403949593291813,0
City Center,Rural Route,19,54,20.689286670393596,2.842728230177395,7.264666077476149,0
City Center,Highway,11,34,17.029223760337203,0.7793889237750677,7.1761249883881515,0
Suburb,Suburb,15,70,8.972360889724502,3.194174588613452,7.52566462189342,0
City Center,Suburb,9,53,27.35224461435071,0.8277781313421482,3.1974731602089186,1
City Center,Rural Route,9,55,22.895506950282055,0.5917163059435561,9.861985226224755,0
City Center,Suburb,13,23,11.949151555541906,0.5032047994353395,6.84205393003178,0
Suburb,Highway,19,17,29.441333299432593,0.4460474812956868,10.753533076914291,0
City Center,Rural Route,9,57,20.54836941254006,2.6721462357295356,2.8227637166415303,1
Rural Route,Highway,9,23,20.763770166100695,4.369768762464231,9.828972599572596,0
City Center,Suburb,10,74,37.76518691091141,0.5244145864579931,9.231488354113264,0
Rural Route,Suburb,22,89,3.9200020848303474,0.17818773747934777,8.365112124771263,1
Rural Route,Highway,1,91,3.7879609042904896,0.7530760484506208,12.994614944158725,2
Rural Route,City Center,19,16,6.039949341595605,2.1449959436524235,7.586173542276033,0
Suburb,Suburb,7,88,23.63633233161532,0.9193783087321279,10.91119486500198,0
Suburb,City Center,22,97,16.409564169997225,1.5933589112092403,8.104507930312163,1
Suburb,Suburb,6,58,17.20453547606081,2.727539633600047,14.97712306930675,0
City Center,City Center,7,64,10.575835883833475,1.0501146012530085,9.589121155880925,0
Rural Route,City Center,0,22,36.652512738216984,16.1892921056222,12.027423927028526,1
Suburb,City Center,20,82,40.01017970072886,0.7074991974030236,11.829074542430938,0
Suburb,Highway,1,65,28.989045627815372,7.656131496693336,13.43688632851457,2
City Center,City Center,17,65,4.927143271555714,0.45387564401047953,10.438249777347846,0
Suburb,City Center,14,24,15.131031425107754,0.235162534370673,6.047617317438986,0
City Center,City Center,0,66,28.274611346197165,2.7792447865159824,11.328945188520553,0
Highway,Suburb,4,67,19.54170652238619,2.4234028980230655,10.831415934296881,1
Suburb,City Center,1,44,29.022204455675816,3.333809365483424,0.8914656791217936,1
Highway,Suburb,19,97,32.478153725783294,0.8419406555079899,4.98422867981321,2
City Center,City Center,2,25,39.07195726692202,5.341730054575159,12.117824049255736,1
Rural Route,City Center,18,17,13.451348413439735,0.2544885182619597,14.261183484384038,0
Suburb,Highway,17,96,20.81284947031634,0.06148983954392994,9.751900740621215,1
City Center,Suburb,21,54,15.592366882022347,0.7149616374571413,12.427695860762697,0
Rural Route,City Center,17,49,-0.007822399633987231,3.1922978410492058,10.327479820731815,0
Rural Route,Suburb,13,63,27.015877310571998,2.235482006703553,10.10922221992081,1
Highway,Suburb,23,23,25.634418012514097,1.1461424906742865,9.570463690311543,1
City Center,Rural Route,7,68,14.531738468946545,0.5921103631101196,10.242167455612135,0
Rural Route,Highway,11,62,4.019445080711048,0.12220414343695496,11.165217002190454,1
Suburb,Highway,20,36,16.158767409904996,0.8234862829105649,8.794853850250949,0
Suburb,Highway,9,56,27.31126655011113,1.2324454940942158,13.740099475048298,1
Highway,Rural Route,22,89,33.37332880114424,2.323256502628407,6.9993843247450975,1
Rural Route,Rural Route,19,15,12.874213371326725,2.076758291342394,15.103434295577996,0
City Center,Highway,16,64,31.07696352657561,5.8879844693546035,9.353525419755377,1
Suburb,Rural Route,10,53,26.22470916188746,0.21160104501075463,9.843896708124865,0
Rural Route,Rural Route,1,27,24.13234080784668,0.8199709879873687,8.11699857601279,0
Rural Route,Rural Route,3,25,7.064478542567887,1.3139317092470775,11.228266634633444,0
Highway,Highway,0,21,7.4990452342679355,2.2215466333803326,8.870021284572482,0
Suburb,Highway,14,29,11.692140368995885,1.3681833769068157,8.573724310852029,0
Suburb,Highway,12,54,16.736124820400278,4.878144142620998,11.838913365908622,0
City Center,Rural Route,7,73,38.00746069236119,1.8764201582434197,13.483533103178923,0
Suburb,Highway,3,68,13.377648995994637,0.08094704734324741,6.873683272735414,2
City Center,Rural Route,9,99,27.712514142512116,0.2413002139593003,12.476734739780714,0
Suburb,City Center,18,31,15.35236761884663,2.800750558994877,13.743675011264015,0
Highway,Rural Route,17,56,24.727073128693455,2.5160675440387865,4.705021101560233,2
Suburb,Suburb,4,38,19.37018834212161,0.3332830711345265,7.461778090543581,0
City Center,Highway,18,95,21.770231289937833,0.12143015657953692,13.671494664003705,1
City Center,Highway,22,54,23.696147959000164,1.728904985331393,11.119466801695193,1
Highway,Suburb,21,86,17.50542694629885,2.01976834837884,15.127872012053341,0
Suburb,Rural Route,15,18,23.744640406971588,0.2907444676202893,9.468071335385098,0
Suburb,City Center,0,33,32.339158285866745,1.283461207499068,8.421905617633442,0
Highway,Suburb,11,24,12.458845846426911,0.7300811890069953,14.084088456113847,0
Suburb,Suburb,23,45,31.858658229325613,5.356176522502552,7.493158747811925,1
Suburb,Rural Route,1,22,17.347969943596908,0.4948719841533666,9.267809045866553,0
City Center,Highway,20,53,16.290076993953758,2.6429671983611662,11.678450437908989,0
Suburb,Rural Route,7,80,26.995593613610737,1.4601780640965034,11.975391154026745,0
Suburb,Suburb,17,81,16.588408168917713,0.0231757861457986,7.6070422598582095,0
Highway,Suburb,15,87,23.191692505649165,1.4554713840533136,10.782052709462642,1
Highway,Highway,4,85,22.25747907611325,0.20954837498468395,9.127289623289117,2
Rural Route,Highway,21,45,-0.8348718528210313,2.1521104215674804,4.95181946529962,2
City Center,Highway,12,70,24.175850821034317,1.6672269816430931,8.61676007693083,0
Suburb,Rural Route,18,90,5.588982986675282,0.02096394351192294,5.097134860015004,1
Suburb,Highway,2,49,6.351184252342499,0.4580537221389508,8.02162317035516,1
Rural Route,Suburb,7,36,23.664637455624767,2.994228864996612,6.395205664505106,0
Suburb,Suburb,11,10,25.365897673162806,0.6452997345240719,12.321474710063956,0
City Center,City Center,1,43,32.05049456838907,1.3834300178672043,10.901091828446766,0
Rural Route,Rural Route,10,77,9.106324124357446,0.7479288542213629,14.615865622078609,0
City Center,City Center,11,97,12.587209957242656,5.089997664887919,7.234704718597207,1
Rural Route,Suburb,17,30,24.643657938443564,1.5382301468866442,10.369827150148677,0
Rural Route,City Center,12,42,32.24277459355732,2.3825970261625558,6.691079784622836,0
Highway,Suburb,4,16,21.921747920631784,0.1743342793973479,8.105253934427163,1
City Center,City Center,21,74,11.220010507620287,0.08234408558657434,8.801599931697027,0
Suburb,Highway,11,12,35.06417023581151,0.6001253133405638,15.920942359054,0
Suburb,City Center,1,60,17.376334697689174,0.7396196377946227,11.091670457531672,0
City Center,Highway,4,88,17.687993747360945,2.3274574170653484,9.616711636291999,1
Suburb,Highway,6,63,5.641526107915967,1.6839000504895965,13.237029026087555,1
Suburb,Rural Route,23,89,27.240876749465418,0.9386624529102906,12.018985652198495,1
City Center,Highway,11,83,28.52605589380589,2.1233122224637544,9.831751040723416,1
Rural Route,Highway,15,68,12.941689866098551,0.3572147195498029,12.025581937919366,1
City Center,City Center,22,15,37.51207059055665,0.1311895064467176,9.082724243806163,0
Rural Route,Suburb,7,38,14.128716127776546,3.8552283834671583,18.95691943310594,0
Suburb,Rural Route,8,26,26.25254478796062,1.6599789684991069,13.66003847099319,0
Suburb,Highway,14,69,22.236492052922095,2.094481054451659,8.780221961893709,1
Suburb,Rural Route,4,31,-0.25556194960524437,0.7341498181732734,12.277727452723354,0
Highway,City Center,12,33,25.439034835448332,0.9302867834766455,11.64667144634701,0
Rural Route,Highway,4,90,24.54124646170255,0.17191647544115735,10.8493289102276,1
Highway,City Center,10,94,2.336173360552195,3.8896560986977016,11.544356110648838,1
Highway,Rural Route,9,60,35.253332736995425,1.7951315371521728,7.562692972392118,0
City Center,City Center,19,59,24.581884298614447,0.1746650313090424,8.694826690981259,0
Highway,Rural Route,12,20,32.394011334213005,3.2646926325252346,14.97607439207767,0
City Center,City Center,8,65,2.8389278722887425,1.174389010787454,10.61205669638163,0
City Center,Rural Route,20,80,15.895677037176679,2.8972022703679885,7.899248486425238,0
Highway,Suburb,13,51,31.806025060015,0.025400337809420047,9.579455233618086,1
Rural Route,City Center,17,48,4.317086440357949,0.05832153869686768,8.397464441397116,0
Rural Route,City Center,14,78,16.18889845146006,0.37454669447067457,12.693178935427358,0
Rural Route,Suburb,9,57,24.065015725605935,0.473766409435615,8.317483788248683,0
Rural Route,Suburb,23,66,1.0541967024123196,2.8874701216363006,10.132403346594623,0
Rural Route,City Center,6,30,6.7861024333589715,2.4530788110752577,8.012443953611939,0
Highway,Suburb,7,91,33.820842349975806,1.9146844592577144,16.623723903958386,0
Highway,Highway,2,29,20.597946062901585,4.323193831301966,11.887656896670292,1
Suburb,Rural Route,14,24,31.76700093659377,0.5677753171247119,11.768782987716373,0
Rural Route,Rural Route,15,78,21.82095595894848,4.695267512624209,12.09348217120708,0
Highway,Rural Route,3,86,44.558964369948455,4.804171605468248,8.816139418998297,1
Suburb,Highway,20,60,24.387322831953444,1.1392404927674893,14.563804311621265,1
Rural Route,Suburb,5,85,32.697789404348995,0.19828466719476567,9.796956398116183,0
City Center,Suburb,0,71,17.539135635096926,2.593345447707919,15.3184163977608,0
Suburb,City Center,3,94,22.107296084183385,0.8217454236969226,9.025586715860118,1
Highway,Suburb,10,46,26.418707774290247,3.1688030831071585,12.146441152272454,0
City Center,City Center,11,15,28.078064585453063,0.35751252141326056,10.500466878602067,0
City Center,Highway,4,80,19.61009063613975,1.5509504874959568,10.802935534760502,1
City Center,Rural Route,22,35,20.027443896919475,1.4188528641801277,4.989947158341602,1
Suburb,Rural Route,20,17,25.019197580405,0.21142002138067614,7.050400069296877,0
Highway,Rural Route,15,82,25.012631221502065,0.9030164984742026,14.52986558698952,1
City Center,Suburb,12,13,9.749416024109605,0.17712766491611306,6.133542874654482,0
Rural Route,City Center,12,30,22.24961151682737,1.250006494150211,12.676091404969378,0
City Center,City Center,16,40,23.2077392669841,3.701803502831746,17.799937627732454,0
City Center,Highway,6,30,10.236818426968451,0.6299825637268486,11.659032139452014,0
Suburb,Suburb,7,34,29.059268329086947,2.895165297320641,16.380243586333773,0
Suburb,Highway,12,24,24.12744623221957,0.40527894707717627,12.07633815857004,0
Highway,City Center,22,44,43.30649313469143,2.2400902443000317,10.788571905998062,1
Rural Route,City Center,15,58,19.739864875956158,4.9428928906474425,11.123935500742133,0
Suburb,Rural Route,3,52,31.36111084032715,0.7829116407633621,9.467866720511779,0
City Center,Suburb,7,50,25.391255715308866,4.613419938996352,9.375673797854034,0
Highway,City Center,15,46,39.214395265532865,1.4080964695814242,8.424517544599412,0
City Center,Rural Route,20,66,10.300192425643944,0.7619502999035557,11.269592523575527,0
City Center,Suburb,9,51,15.046859951998758,4.536526471474537,16.601155485719985,0
Suburb,Highway,11,56,10.642925485307488,0.06512338235142633,14.273417886296492,0
Highway,Suburb,11,70,19.220823947601403,0.056837738046722215,10.614625469376117,0
Rural Route,Suburb,4,23,8.752756917924984,1.8317296661954965,11.842629082471277,0
Rural Route,City Center,15,77,4.739160927447871,3.1866441197209814,9.743819018161037,0
Suburb,City Center,0,62,-1.3342350321877205,2.784997597299663,14.264381148180343,0
Suburb,Suburb,8,93,-1.9746960899671784,0.1656102966653297,5.103106235968996,0
Highway,City Center,11,43,26.563916905621475,6.001537612579185,15.791779233081588,1
Rural Route,City Center,4,85,15.44561750327263,2.428474189010957,8.364255432443407,1
Rural Route,City Center,21,33,7.662479391047363,5.956258390819794,8.847852274816841,0
Rural Route,Rural Route,19,29,13.40920368287731,0.798263688182216,6.3318338878997515,0
City Center,Rural Route,21,78,14.72097052960855,2.3679425373052236,10.464253917305227,0
Rural Route,Suburb,23,39,10.353997898427822,3.931350857452018,7.957412227135213,0
City Center,City Center,2,97,36.05550494237272,0.9575696568342116,13.4904582385183,1
Highway,Rural Route,4,16,34.16828902814273,6.696825769148934,12.02539461495343,2
City Center,Suburb,1,45,35.8848984861194,0.6157499439083752,7.919042970625216,0
Highway,City Center,13,47,21.791963876881116,0.7584652932060048,7.369143186824724,0
Rural Route,Highway,1,89,22.804644869391698,5.059688619781544,8.074081133266631,2
Rural Route,City Center,12,61,13.47385942615033,6.990559899758456,7.163048046179988,0
Highway,City Center,6,24,11.52928893771277,0.6714930952487768,9.16135309855166,0
Suburb,Rural Route,9,55,20.21725581754205,0.2932680937545236,7.477842772076474,0
Highway,Suburb,12,32,26.52356025146685,2.8463765754755648,13.504812758351969,0
Suburb,Suburb,15,21,31.957681518593972,5.308979047904445,8.504955150198352,0
City Center,Rural Route,13,53,14.540108569329895,1.8361528690945235,11.727105174834506,0
City Center,City Center,10,24,7.472661512296206,2.013081719955281,11.75175509769868,0
City Center,Highway,9,58,27.33984986566273,2.878912140213134,4.440661906638583,2
Rural Route,City Center,5,30,1.818564484707892,0.332309459306173,12.14034445274419,0
City Center,City Center,3,24,19.60789431011394,7.25887503415564,4.879360272099667,2
Suburb,Highway,20,23,20.89304625813377,0.9061495006309357,7.498477988849725,0
City Center,Rural Route,0,51,16.212121987660822,1.9790158799026865,12.00209862659594,1
Highway,Suburb,6,89,4.547548914904375,1.2645407876677162,10.374510423122004,1
Highway,Rural Route,23,24,16.343889909787826,1.2629040700906005,8.978674665672566,1
Rural Route,Rural Route,8,72,36.42542451001618,2.426325620871255,4.651066426698848,1
Highway,City Center,7,77,25.91721601366416,10.465920438248245,12.893915861604851,1
Suburb,Suburb,4,36,31.61714602029519,2.1520966635080065,11.302297565680053,0
City Center,Suburb,18,96,7.827981728177427,3.1603323957357357,7.430614579252947,1
Rural Route,Rural Route,9,62,22.557079322773184,0.056009099396356725,7.1153789691186375,0
City Center,Highway,10,61,20.88340351699563,3.325966102377206,13.080648658425352,0
City Center,Rural Route,14,72,21.07705451303124,0.7132809798311214,10.901212775148185,0
Suburb,Highway,5,82,25.558459327454802,0.2709565045608641,5.919102260439928,0
Highway,Suburb,14,62,21.473225009565805,0.24057402824830812,7.8088065207671455,1
Highway,Rural Route,4,66,8.105409265005763,2.2780863079389095,15.87187377209687,1
City Center,City Center,18,61,26.132540489853973,12.078652558869306,13.006713291798487,0
Rural Route,Rural Route,21,52,28.408842797305155,2.1943971670779354,10.00171382567541,0
Highway,Suburb,18,16,33.19478970626439,0.6085666274954978,10.067112755318817,0
Rural Route,City Center,9,51,33.63652843917599,0.4545691545861737,3.473857271272208,1
Highway,City Center,11,13,24.764330668573905,1.4929149070186383,13.919873341059276,0
Rural Route,Highway,21,78,8.571628919027635,0.13450156393584048,8.645743768643065,1
Suburb,City Center,3,14,4.706161657854036,1.0194219335445867,7.5739955590434445,0
Rural Route,City Center,17,84,17.7290639355996,2.19463567769451,12.2499185400114,0
Suburb,Rural Route,15,89,29.194709745270124,6.863041597258422,8.11013907491811,0
Suburb,Suburb,7,50,28.550350681975697,1.1090446307915596,4.531102220021128,1
Rural Route,Highway,3,13,22.739992622631792,0.4468470320196028,11.229428336213264,1
Suburb,Rural Route,22,11,19.63440761208782,3.4005028718369794,5.45361320330359,0
City Center,City Center,11,76,39.0373522419968,2.7267150647495177,9.823615481334222,0
Suburb,City Center,1,30,25.74031875881135,3.9280000115253872,10.95282661523849,0
Highway,Highway,3,79,19.127269231071715,0.48342663302892314,9.166479506131973,1
Rural Route,Suburb,4,52,13.54558976333638,1.0378237788318974,9.179898415672204,0
City Center,Highway,2,91,9.913946822907661,7.985862928841522,14.652770967421468,2
Rural Route,Rural Route,8,78,8.929359854098555,0.34405105404001646,14.695895900709225,0
Highway,Highway,20,18,9.915065771826283,2.226137477771477,7.247378650790578,0
Highway,City Center,17,93,22.809521132587626,0.5414780703584248,8.215730248815754,1
Highway,Rural Route,10,37,19.819303394691243,1.3869304874035053,8.380397709123445,0
Suburb,City Center,2,35,16.74085237709541,3.2239787873483663,9.905682922606239,0
Suburb,Suburb,22,91,27.364779351019564,1.3411518868688357,9.754052086842831,0
Rural Route,City Center,1,92,38.09174934172492,3.274457997126297,15.1512479684295,1
Rural Route,City Center,8,12,11.766530637119999,1.1114190237925805,9.443403817645908,0
City Center,Highway,13,82,13.25713956781414,14.68611175361419,6.90920360495957,1
City Center,City Center,3,58,-2.170523917134606,1.1447930491896847,8.235952938792739,1
Rural Route,Rural Route,8,26,19.736691645302976,0.32357834140907576,11.120140704766927,0
Suburb,Rural Route,12,72,18.723794315732462,1.0278926951570004,9.228626170620284,0
Highway,Suburb,17,64,28.927902452143936,2.71419501295845,10.940814193547336,0
Rural Route,Rural Route,14,32,19.1318727603935,3.766930707046584,9.267475098262413,0
City Center,Highway,9,43,14.118907022044986,1.2327549049877031,12.17439353622431,0
Suburb,Suburb,15,78,21.926857423050873,1.8051545899889343,9.735203757396764,0
Rural Route,Rural Route,11,24,25.57068359141653,3.727242347248432,6.350790233181078,0
Rural Route,Highway,19,56,3.8227094087516456,3.3591433689833354,8.959437432821826,0
Suburb,Rural Route,4,12,30.068909907320478,2.144275146681165,16.634217593053155,0
Rural Route,Rural Route,1,92,33.063027867151185,3.3750919482029054,13.708674243372139,1
Suburb,City Center,9,37,25.47455140979926,1.715622740702764,6.514996175372848,0
Highway,Rural Route,0,12,10.654449397180793,0.009318010509785108,15.335177768982895,0
Suburb,Rural Route,6,13,16.739734615180964,0.08428486600242359,10.411307851357567,0
Suburb,Highway,16,97,31.828744957222316,7.804977129831655,8.534849072647596,1
Suburb,Highway,15,40,10.217791463456011,0.31328900497903417,9.1552545772692,0
Rural Route,City Center,23,54,26.28643707765191,1.0367628905315394,10.170467106891131,1
Rural Route,Rural Route,2,68,19.49227990726841,5.430490295831885,13.252192741021325,1
Suburb,City Center,13,54,21.601932495069725,0.4339241042487163,10.570086382231201,1
Rural Route,Rural Route,9,84,11.642285226751895,3.713125259930402,11.000207450571374,0
City Center,Suburb,21,46,23.306642851021426,3.4104396567323314,13.633990090713805,0
City Center,Suburb,6,74,22.590757371143358,8.585052715995772,8.8027297043726,0
Rural Route,City Center,16,18,4.906414094333851,0.6616853589253708,10.9072946415989,0
Rural Route,City Center,5,26,19.955561054496304,0.7576230498248293,11.316627995690629,0
Suburb,City Center,22,74,26.138971570799765,4.663574739387151,10.404185379310114,0
Highway,Highway,21,12,16.147167497036065,0.5333526500299012,11.497007892287295,0
Rural Route,Highway,3,35,-4.477305511044136,1.5877080028872512,7.9263779227788165,1
City Center,Highway,16,62,18.85183275102063,2.457521397383161,12.939995389788422,0
Suburb,City Center,8,40,34.6646793314532,0.6345904793308733,8.338434531438024,0
Rural Route,Rural Route,3,35,16.555305105391383,5.574607167703948,11.363965475070163,1
City Center,Suburb,6,32,34.28651082857209,2.1914183021496325,10.631171170195758,0
City Center,City Center,22,39,11.876424436889643,0.09657312936052048,7.940161544846102,0
Highway,Highway,1,19,8.390293542730173,0.29175754609608606,14.867383469807827,1
Suburb,Highway,16,81,19.948973621774105,0.4233727969604727,15.149689981337044,0
Suburb,City Center,23,98,11.774216322645978,0.5619621195914292,7.237497906779938,1
Highway,City Center,7,73,23.298577378605565,2.623690500254236,12.397883864046232,1
Highway,Highway,22,31,16.27429145734629,0.18628260550101813,9.632384636275761,1
Suburb,Rural Route,14,24,34.7391704525581,0.8633964305516024,7.978506006969477,0
Suburb,Highway,14,65,15.58332528782704,4.846870429588301,11.105529137431889,1
Rural Route,Highway,7,83,20.897369601519202,1.6268712928907443,12.501373343863488,1
Rural Route,City Center,15,29,25.96335728443669,0.6171212102941317,10.483248721098969,0
Highway,Rural Route,18,56,29.563160394580482,6.2957304830775636,8.909505336892593,1
Rural Route,Highway,10,96,34.79642695942155,0.5602636732884156,13.988270180034464,1
City Center,Highway,1,62,17.651367323590023,4.709855165033848,14.096193394970081,1
Rural Route,Suburb,22,62,16.00691900861916,2.5875738369206367,7.951325733671504,1
Rural Route,City Center,23,10,0.8608330080366571,2.6981592938817647,10.272663840560186,0
City Center,Suburb,16,11,40.417114914148144,2.8958231572066433,5.2631037416341435,0
Highway,Suburb,15,67,23.60964097233319,1.4127457598731408,12.506026111927845,0
City Center,Highway,14,28,27.518080657722095,3.370249771907168,13.982500388044732,0
Rural Route,City Center,12,71,25.557288749126208,3.6181339403755493,11.168633296988878,0
Highway,Rural Route,14,87,20.495348828759994,0.8940957891523372,6.893836097813475,0
Rural Route,Highway,3,81,23.50352580503362,1.0227999714150555,14.845890014915678,2
City Center,Rural Route,15,21,14.403375508157481,4.392071502242898,16.09124887624198,0
City Center,Rural Route,11,35,16.979013492605063,1.4877413185603527,8.704371860323485,0
Rural Route,City Center,3,36,10.497941996371177,4.033962796876172,11.33638277225867,1
Suburb,Suburb,2,38,35.57243963723558,1.9711179705387014,12.450020846260276,0
Suburb,City Center,21,24,25.61481009896353,1.8006760943138975,12.36213282913113,0
City Center,Rural Route,16,55,39.761725802543204,0.06294202244910115,10.14458336346732,0
City Center,Highway,21,10,42.96383245945419,0.6511677748125859,15.393621938563056,0
Suburb,Rural Route,17,69,5.958437603827512,1.3945419309795748,5.304113399781673,0
Suburb,Highway,17,66,29.852283728730374,1.7701519046651355,5.342527840306815,1
Rural Route,Highway,22,12,6.420363229695651,1.9908547323996135,9.95294575098706,0
Rural Route,City Center,16,27,21.7741748846445,2.519131887776188,15.230688421731756,0
Suburb,Rural Route,11,61,23.14729469859529,2.1355848683976246,13.479079613026126,0
Rural Route,Suburb,22,69,7.128338508924433,3.7753522033998257,5.520017932260785,0
Rural Route,Rural Route,20,43,12.624816644588877,0.7004497036948352,18.530349443269674,0
Highway,Rural Route,23,98,23.603514757763442,2.05204371207189,11.663029890083784,1
Rural Route,Suburb,3,69,21.7630069904063,0.10502916222782042,6.543341488231231,0
City Center,City Center,11,35,9.816284368654816,1.3085841350836835,9.72363620174633,0
Rural Route,Rural Route,22,81,13.019689040602966,0.6240396029767141,12.901435575234572,1
Rural Route,Rural Route,21,28,5.085597115160908,0.9589354199637687,13.757426112945794,0
Suburb,Highway,20,31,7.970764541768636,0.8759644667044133,9.80207148430801,1
City Center,Rural Route,19,42,16.28579588486525,0.12466735178479757,11.566493465101644,0
Rural Route,Suburb,14,47,29.87453112697682,1.2571390731930219,9.625654468188436,0
Rural Route,Highway,22,44,31.142330745223,10.453589578446678,9.8024469185464,1
Highway,City Center,15,76,38.334366953800625,0.7103123580824268,12.174363934979645,1
Rural Route,Highway,4,92,24.242641851560457,2.6647185034798073,14.32214379331837,1
Rural Route,Suburb,20,19,21.88283067716693,1.5872098463742395,6.587610790632611,0
Highway,Suburb,14,24,24.951463409966387,0.7867528447824341,9.30163766464948,0
Suburb,Highway,16,20,24.85556017229915,0.1877579418084516,8.194189713432877,0
Rural Route,City Center,17,99,3.8348639947130074,0.4863300520627705,6.975986398270253,0
Highway,Highway,4,33,38.888733875541064,3.0451772091478277,6.822873750442654,1
City Center,City Center,12,86,0.6906101803806415,0.6542882548256838,10.074852945100425,0
Suburb,Highway,18,13,31.487623963785467,0.3116766651857988,6.782320087017178,0
City Center,Suburb,12,22,20.563869783317006,0.8048345363711987,6.680603549117691,0
City Center,Rural Route,17,82,9.10502807845213,1.7543465491978214,9.46194281919437,0
Highway,Rural Route,13,66,25.313744300719087,2.4311676663025676,7.061657148925832,1
Rural Route,City Center,3,46,18.818613950982943,0.9799713731457502,11.525782939200132,1
Highway,City Center,3,57,13.174620038591769,1.3788966877102782,8.562562557978248,1
Highway,City Center,19,80,6.185223362189776,1.2136332746927752,6.416454883295113,1
Highway,Suburb,19,10,5.344928709760701,0.018088250008816486,16.977161196078125,0
Highway,Highway,18,69,13.890887005507999,1.0070396684974652,3.6017257328975028,2
Suburb,Suburb,12,21,16.1301188229112,1.7701646895237955,12.568913948670039,0
Rural Route,Rural Route,11,30,7.8945746716119825,1.687683024167031,11.03830343484416,0
City Center,City Center,6,20,20.384801476469615,2.770730052844342,8.545764607959667,0
City Center,Highway,11,53,9.318637979354794,2.2196047926922824,7.276857174437536,1
Rural Route,Rural Route,20,67,23.60220720175901,0.6481577372311721,15.185258998704063,0
City Center,Rural Route,3,53,32.31379321271657,0.5904708454513171,16.371684143215347,0
Rural Route,Rural Route,1,87,22.893743161960753,1.247771403072611,9.121569311855348,1
City Center,Suburb,1,43,19.061652090195654,2.6407860459911836,8.685293355891773,0
Highway,City Center,4,34,14.651029621789048,0.19705076051957995,13.386238467834023,1
City Center,Rural Route,22,13,34.46098618575219,5.925623616704201,9.261992494277175,1
Rural Route,City Center,9,73,18.06484282474267,1.5668140140979365,11.750363876660295,0
Rural Route,Suburb,9,99,44.90223776779726,0.7317439140221083,11.674045376900182,0
Rural Route,Rural Route,8,25,8.169641550878733,2.364365423567823,10.111974299161085,0
Rural Route,Suburb,12,19,22.899072826620902,0.09151375259467903,10.495296806711297,0
Rural Route,Suburb,6,75,34.127236099687565,1.3248360522666665,11.108781446514348,0
Suburb,City Center,4,44,13.098636680823933,1.3309459272872397,6.734248609081523,0
Suburb,Rural Route,9,92,17.638756500245112,0.3534153719733863,7.960803457425613,0
City Center,Suburb,9,15,26.261465078264344,3.6327743039379925,10.677283783433008,0
Rural Route,Rural Route,5,28,23.87890246397786,3.187248408461551,8.637162262860635,0
City Center,City Center,18,68,25.59699064220976,0.33147737815047174,18.332057832750458,0
Rural Route,Suburb,20,62,31.60258474608265,0.9045704030086718,10.397735498524234,0
Rural Route,City Center,7,17,16.53245885847509,0.21167582948013472,4.785414879854375,0
Suburb,Rural Route,0,87,34.3702589813474,3.7757755574958916,1.5581670457960435,1
Suburb,Rural Route,16,19,2.7998505060065035,0.7811138893903024,12.463180406917854,0
Highway,City Center,6,76,30.774375455856713,1.1571967221876773,10.423789243856438,0
Suburb,Highway,13,47,31.4720568757631,0.7827455956619074,14.322041587353858,0
Highway,Suburb,20,38,12.25529623945959,0.7422027742467046,8.068001671474088,0
Highway,Rural Route,20,24,5.4936382402308475,2.7511223666009026,9.638233540186267,0
Highway,Rural Route,16,96,17.678325954402567,2.7532127565208127,10.837640100774747,1
Highway,Suburb,8,32,24.038031308292638,1.4587435622879275,9.534818570499894,0
Highway,City Center,16,91,16.649009883095786,2.143650274953849,9.286774577694201,1
City Center,City Center,4,55,25.01942187957192,1.4334998836757562,12.176796254158608,1
Suburb,City Center,19,92,39.37743763269769,0.058011682780971185,7.498661396042371,0
Highway,Highway,7,37,6.3528806063269165,0.13657145699285736,11.607042470611464,0
Rural Route,Highway,5,35,0.4589489681421739,0.968174501441105,15.485524729042336,0
Suburb,Rural Route,10,19,19.307023464837776,2.7705606199143666,14.965414401399244,0
Suburb,City Center,18,56,13.19831423692452,4.8889017408479685,4.582369012757083,1
Highway,Suburb,3,13,15.196850815943442,0.06031707310675037,8.530656020148148,1
City Center,Rural Route,17,64,32.66913149490889,0.9178268753710597,10.871715358276438,0
Highway,Suburb,0,75,18.793836751725273,0.506644864529411,13.833684697504408,2
City Center,Rural Route,12,76,19.71004579205302,3.3770193958361756,10.62969395174681,0
Rural Route,Highway,13,16,15.632024557572262,3.741191690135353,13.839310461314621,0
Suburb,Rural Route,23,64,19.611988313742145,0.4623737941616563,7.99185930458791,1
Rural Route,Highway,0,89,22.6850146247536,2.4814620609296214,10.989390620198993,1
City Center,Rural Route,10,40,47.84588199181577,2.631716807948199,11.064895768236502,0
City Center,City Center,16,83,22.796574836121003,0.3897383724183829,13.94003090605479,0
Rural Route,Suburb,3,28,31.626951686895154,1.1372481918870536,12.725667410975953,0
City Center,City Center,11,37,21.863995851446518,1.9369467666333726,12.070004318260612,0
Rural Route,Rural Route,9,90,-0.2778933031329487,0.052824725238050506,12.54798949864696,0
Suburb,Rural Route,5,37,14.329281662847801,1.0370162274851489,6.371197478228255,0
Rural Route,Rural Route,0,28,22.789107180088795,0.3367384487643105,9.485614779554496,0
Suburb,Highway,6,96,27.234145437833867,1.561320280624413,6.985277841159633,1
Rural Route,Suburb,20,29,22.10228591578526,3.701969330522536,8.040639997031754,0
City Center,Suburb,15,22,29.203513997719412,1.487845170260792,9.478766408568319,0
Rural Route,Rural Route,23,86,5.400152018208049,0.07329393627067035,3.23080852701826,1
City Center,Rural Route,13,52,20.487924756171857,0.06021182969009752,9.586959430367505,0
Rural Route,Highway,22,20,33.279630346854624,1.8602882262729878,7.651545209285233,1
Rural Route,City Center,19,57,10.284400027240583,0.7949389923306224,6.831686052255802,0
Highway,City Center,19,24,31.205914322833003,1.700381096557315,10.28757064089835,0
City Center,Suburb,5,26,30.68907459285044,0.357385359677951,8.833797934668961,0
Highway,Highway,21,63,7.6297534747805695,2.9999328921751793,11.024505219025945,0
City Center,Rural Route,4,59,23.378785611097868,3.942533741511361,8.053532571741929,1
Highway,Suburb,23,37,21.588139916684245,4.400519194233788,9.473200754142054,0
Suburb,Highway,20,92,18.236373069375475,0.7250255845034798,17.376053123009836,1
Rural Route,City Center,17,13,4.7311077777628405,2.1619496993126877,11.869303572429516,0
City Center,Highway,14,31,17.369402638653334,0.6543498655754167,7.461783360117782,0
City Center,City Center,5,95,18.437041326586332,2.877339182749238,13.71829656009485,0
Rural Route,Highway,18,48,3.016987142201156,0.25686028596313387,14.645224939031646,1
City Center,Suburb,0,43,6.948483629650248,2.8774065435405514,11.796045089961037,0
City Center,City Center,0,53,10.730046065499923,1.1586680740419066,7.654130665739126,1
Highway,Suburb,12,51,9.517184347515283,3.8696366489155123,13.098941028263177,1
City Center,Suburb,2,49,23.262703710561023,2.685940004945492,8.268063251880541,0
Suburb,City Center,9,21,29.11510526864909,0.9448760301485968,14.052540761202089,0
Suburb,City Center,20,11,16.894568531971096,4.677236838031419,9.277243656437895,0
Rural Route,Rural Route,2,37,27.66289567508932,0.6662995143187035,9.161454882720388,0
City Center,Rural Route,8,83,29.52488460484629,6.821806549802214,11.572172057338385,0
Rural Route,Rural Route,7,95,19.14707056955342,2.9151801982452326,14.230797522904776,0
Suburb,Suburb,2,90,24.08043743196179,9.350080728218257,17.104655126175714,2
City Center,Suburb,12,99,17.766548418291716,0.11082377336334848,10.081043877304602,0
City Center,Rural Route,5,76,8.771702458048125,0.6405098307168824,8.770980175841157,0
Rural Route,Suburb,12,80,12.532405484551973,2.7038960671219305,7.537987642133789,0
Suburb,Suburb,22,81,23.261481606578947,5.108505770982545,5.554376419535048,1
City Center,City Center,19,93,18.78670460381632,0.05838562171519798,6.981889679267619,0
Rural Route,City Center,19,85,27.371730131098378,1.859203758518637e-05,10.706918945753882,0
Suburb,Suburb,11,90,1.1301292621739378,0.5920808238554063,13.163954477538358,0
Rural Route,Rural Route,12,19,3.534284343019351,3.8316364466771966,7.288778999058385,0
Highway,Highway,1,95,4.7177514664354785,2.9147482642772617,12.361395353361164,1
City Center,Rural Route,20,66,21.666531811038748,0.8318718591577886,7.414294024826081,0
Highway,Highway,23,95,6.218969016609579,0.004026579307290254,7.778976735650808,2
Suburb,Rural Route,22,46,23.201291649769352,1.618039918131483,6.791354672592743,0
Highway,City Center,15,86,27.530099210641453,0.5435005771735133,13.995520480672141,1
Highway,Suburb,22,73,35.16249773419384,2.737765088872953,14.819213024429974,1
Suburb,Suburb,5,88,34.05907551640276,1.1824439092953938,7.81266130233948,0
Rural Route,City Center,18,95,13.045803456661714,2.2701496180868848,7.572577416071849,0
Highway,Highway,20,49,3.3036200698178426,3.825263747640284,11.867713964926178,0
Rural Route,Highway,12,69,13.68058001689914,1.5347063745021126,15.184093591112173,0
Highway,Highway,16,57,29.768357469361728,0.8188123500254116,14.841757299312683,0
Rural Route,City Center,22,28,16.103099311602755,2.9353867083977616,8.844820390053785,0
Suburb,Highway,8,81,19.75679409961271,0.6162791204221559,9.449356100935535,0
Highway,City Center,16,42,14.428392555988196,4.442357082752933,6.305375357859368,0
Suburb,Rural Route,1,53,35.81202764919685,0.1482139526562971,8.810986848628259,0
Highway,Rural Route,18,46,9.855392351807907,3.6093081907711966,10.289895403492668,0
Suburb,City Center,18,98,20.667655397313133,0.19204346579247775,5.950671199718187,0
Suburb,Suburb,23,45,31.082385610999125,0.11554845946382786,8.3650367146903,1
Highway,Rural Route,6,90,38.41549476395367,0.902778120228501,10.66664328590032,0
Highway,Highway,21,97,13.051978984613577,6.272259141290525,5.440076304180158,2
Highway,City Center,9,30,29.60805866138375,8.20710010909492,11.407178542888502,1
City Center,Highway,9,11,13.677350064769062,0.45147006502109727,13.061183047647361,0
Rural Route,Highway,19,40,33.77159868578717,0.32183467408053856,11.710090281263222,0
City Center,Suburb,8,39,37.294670517292744,0.8706737131287983,8.509622591249709,0
City Center,Highway,16,85,11.104051014622836,0.8222225581924117,13.515990182386762,0
Suburb,Suburb,14,53,26.53463508885031,2.850842941688167,14.162340170119084,0
Highway,Rural Route,1,21,31.132865277717887,1.1739704469724206,10.953366896088937,1
Rural Route,City Center,3,60,17.057326123769066,3.0271974336621983,10.447115267202765,1
Suburb,Highway,18,58,25.477144401931568,2.762319905764084,8.140878850396497,0
City Center,City Center,16,33,26.00017260643353,1.7269717041135608,8.779969726093524,0
Highway,Highway,4,33,40.09650135789774,3.585665286646728,13.216525789515249,1
Suburb,City Center,6,69,0.2899828080008895,0.435435959148391,15.548160052807763,1
Highway,Highway,17,20,19.440864979451398,0.3530221304712973,8.755068056153855,0
Suburb,Highway,20,22,7.4974659807965605,2.777797567393303,9.486103985870395,0
Highway,Highway,21,81,20.13798077733433,0.5615375480077563,8.058285410051816,1
City Center,Highway,6,83,12.171419974179088,0.005596590799041714,8.707561778353353,1
Rural Route,Highway,16,81,17.450827806334093,4.859931875740429,6.22598915080053,1
City Center,Highway,6,73,11.258526613144749,1.9506863013001385,11.28749198034644,0
Rural Route,Highway,3,29,21.553674531356773,1.1773498313887394,6.195659086146613,1
Highway,Highway,7,81,30.73894170183496,2.5873319847460596,8.355269315658264,0
Suburb,Highway,12,82,16.272652125677805,0.8109254155679478,9.816614110748533,1
City Center,City Center,3,80,34.30622205728544,6.143760956784183,6.057877504242205,1
Rural Route,Suburb,5,87,30.439568080091192,0.14217646390313815,7.678406991185927,0
City Center,Highway,4,37,40.340690189568335,2.0485771704052755,6.623927407046626,1
Rural Route,Suburb,11,11,24.113570120574288,3.003764960489312,13.29883221192086,0
City Center,Highway,3,52,19.383559583687216,1.26646080106674,14.274026166619104,1
Rural Route,Highway,23,17,4.147628034564473,2.8127358275649192,7.632069303410491,0
Rural Route,City Center,8,22,12.183128784069531,5.232138328369256,18.289944017156788,0
Highway,Rural Route,3,94,17.920970105007594,2.725108018629703,7.19788965233306,1
Rural Route,Rural Route,18,44,19.10492968838462,0.7402930365062756,8.73021696719152,0
Highway,City Center,23,32,43.487224022465014,1.6503713749025852,11.478740732636481,1
Rural Route,Suburb,13,55,17.930232184435624,4.851846209844982,11.761871188611897,0
Suburb,Rural Route,4,24,2.3164671072939385,1.1923956915634333,9.042938015947213,0
Suburb,City Center,17,11,26.645703567778796,2.289512432393353,13.282729881528596,0
Suburb,City Center,9,70,26.06498240269324,1.25290219649791,13.596140558395144,0
Rural Route,Rural Route,18,85,15.410702955601215,0.25872398064225277,9.97697518143464,0
Highway,Suburb,11,73,41.276704577526175,0.12076927746644202,9.5496916003548,0
Highway,City Center,17,61,1.0337894525707476,6.084556220627576,8.168371955868245,1
Rural Route,Highway,16,45,32.49457099587865,1.8962944767537004,6.879257728963725,0
Suburb,Suburb,23,76,17.089032959219715,0.2192166343281939,7.5986154855456345,0
Suburb,Suburb,10,78,10.495822217207092,3.8959644071344024,11.63359467522113,0
Highway,Rural Route,2,76,44.0039827793742,1.4791913505027374,10.002109970807563,1
Suburb,Rural Route,22,56,27.366967302912816,2.956223882027067,9.267384005501638,0
City Center,Highway,16,92,17.015613168019552,0.2710809804498677,8.286927341641311,1
Highway,City Center,0,11,16.812363111337476,4.748386301408361,8.3517949445353,1
Suburb,Rural Route,14,53,22.754188353702144,1.7858098464483863,9.864555474518282,0
Highway,Rural Route,8,73,15.380364840816355,2.6808124704359466,9.627657219657614,2
City Center,Suburb,14,90,32.99608524608804,0.06376515755487426,9.996879362797555,0
Highway,Rural Route,23,87,20.87685393062578,0.7575632991804832,8.666138116678791,1
Highway,Rural Route,2,37,30.175644516970628,0.6224348425413087,7.987562770464397,2
Highway,Rural Route,21,63,22.079263449966678,5.975329617981769,10.0252734120844,1
Highway,Rural Route,18,83,28.698349991743388,0.40996534798387074,11.94939097860452,1
City Center,Suburb,12,76,33.45509751746475,2.4555184544734208,8.474223555076069,0
Rural Route,Highway,11,45,36.809298322656986,0.08738876874767545,2.8379256151790893,1
Highway,Highway,19,72,24.909466876202707,0.440505681130267,5.897579247419845,0
Highway,City Center,0,34,11.33452914358929,0.82678495644447,13.222753328670203,1
Suburb,Rural Route,20,95,18.274177324715556,3.164675404524291,12.981214048844073,1
Highway,Suburb,16,57,19.7386213072204,3.121072461935434,11.940273344303009,1
Suburb,City Center,12,48,14.267911619213933,6.09834465666875,11.537991635091512,0
Rural Route,City Center,0,56,12.598457769964483,4.97223482894089,13.053124794799004,1
City Center,Highway,9,30,21.7450056921041,0.17005852908064362,8.970519800377266,0
City Center,Suburb,14,39,10.166923618922686,3.5423580789349036,10.416745140332594,0
Rural Route,Suburb,6,40,8.22599509327407,1.1999461229833663,7.684717469170047,0
City Center,Suburb,21,35,3.055641685416443,4.0181315419086205,9.473997387475674,0
Rural Route,Highway,17,31,24.803366948354157,0.18705329585506597,15.688773726520612,0
Rural Route,Highway,15,30,23.412479781479767,3.460603770571735,7.520126369396571,0
Rural Route,Highway,13,10,16.753244967601656,0.3478558101139893,6.5045071665528615,0
City Center,Highway,17,46,29.942312757686516,0.8124556880425454,9.419099685998855,0
Suburb,Highway,6,86,10.011906426779477,0.0585453909454238,8.800348633917848,1
Rural Route,Rural Route,16,94,23.80874107321891,0.2641576691950081,10.797937954326532,0
Highway,Rural Route,17,55,20.541633604354796,1.1801918458589822,12.378609070475171,0
City Center,Suburb,11,18,12.593196613272276,3.411218617937407,8.876412390529827,0
Rural Route,City Center,7,26,15.074575702034954,2.971520315113977,16.320336366301042,0
Rural Route,Suburb,21,56,14.305040199455572,0.5365375040116562,13.692091125210947,0
Highway,City Center,1,94,22.527539690614457,0.32901934664986804,7.709419304941985,2
Suburb,Highway,6,68,25.93428873655553,0.9861792248933453,9.762733960763015,0
Suburb,City Center,3,63,15.736061684854057,4.2957550887148965,11.585208727406918,1
Suburb,Suburb,17,95,12.878954758823609,0.19175584503805493,7.513259080790913,0
Rural Route,Suburb,5,21,21.372221285267567,1.5657674892318507,3.805913660045764,0
Rural Route,City Center,8,73,3.4824883249154546,0.18600215036588566,15.788136291913151,0
Rural Route,Rural Route,8,15,20.343574664422714,1.2705571623211767,6.678985530688951,0
City Center,Highway,13,62,35.617754845216865,0.27116186793984837,12.557273202369082,0
Highway,Highway,7,25,12.96036729787019,0.1674958194279018,12.101287962221999,0
Rural Route,Suburb,18,99,18.23144839925051,0.4235402815526906,7.552450238823591,0
Highway,Rural Route,2,14,30.245617493024458,0.5894295396464851,15.879712462013844,1
Highway,City Center,17,82,27.546733410751486,0.6466609991047504,10.193767480648175,0
Suburb,Highway,4,55,20.618390817248507,2.072785110951398,10.413304882166344,1
City Center,Rural Route,13,23,19.41471473936558,0.11310234487453438,5.385231822697316,0
Rural Route,Highway,3,53,7.644424246318364,0.16852281758015392,3.6640322204427136,2
Suburb,Rural Route,6,72,24.911528208977995,0.4182499483713175,9.272276231252032,0
Suburb,Rural Route,19,61,6.566249875885964,4.1124357289454,13.891787375159787,0
Rural Route,Suburb,11,35,-0.651848721211902,1.9809777872993923,4.414519776448768,0
Highway,Highway,1,62,30.081030694499344,2.6214067323442505,10.436061394175166,1
Suburb,City Center,10,38,23.86986298393111,0.9252209499554852,10.244812744420162,0
Highway,Suburb,13,28,28.79735695057864,0.47961411175996227,13.723082001324547,1
City Center,Suburb,21,56,12.634903460653428,0.07740132760763588,13.049439908159009,0
Highway,City Center,22,17,24.663639661755987,1.3409546685580624,10.420844598824576,1
City Center,Suburb,15,32,15.609321013671206,1.7079513814898868,9.719309385069359,0
Highway,Rural Route,19,44,16.72757347038251,4.54610684200244,7.840422972677997,0
Suburb,Rural Route,5,62,29.73754124189568,4.275717841233052,6.563693949273582,0
Suburb,Highway,22,67,18.502087067986043,1.1056756751056387,8.120800632403217,1
City Center,Highway,3,14,13.03614207907184,1.1018302489571654,6.679564187596772,1
Rural Route,City Center,14,25,6.344815778884492,0.3513821264784146,9.684691278083776,0
City Center,Highway,23,26,23.60689375860464,0.5953274148458803,9.895803213215459,1
City Center,Rural Route,0,41,30.59476167426843,5.198308445791797,9.175957533532443,1
Highway,City Center,6,61,12.168716099499795,0.30405655960704886,10.328056726327429,1
Highway,City Center,11,29,26.889789347092403,6.928245401014764,8.622431560733714,1
City Center,Highway,9,75,10.572213512665234,1.40533894893739,12.524983514962521,1
Suburb,Rural Route,4,93,27.493023032959854,1.2198440988677557,10.686145762914169,1
Highway,City Center,11,91,20.329144646614562,0.38386732448729066,8.547934442358702,1
Rural Route,Rural Route,17,10,22.678361725631802,2.166706113266292,6.500397852954912,0
Highway,Rural Route,9,67,13.025896516877228,1.2318002064582432,9.755261683710719,1
Highway,Rural Route,5,92,23.5755086348685,0.926177005205843,13.423445896683855,0
Rural Route,Highway,11,53,14.02312758665358,0.614453580570925,11.768332947212585,1
City Center,Suburb,6,15,15.863265078650587,0.13760035799569467,12.274509199016698,0
Rural Route,Suburb,17,59,4.823723534521562,1.46514079328368,12.172146624768356,0
City Center,City Center,1,81,12.278478391482,0.7505751297748542,13.646985378027733,1
City Center,Rural Route,9,97,14.745046970754665,2.461079899363385,12.586332572553998,0
City Center,Highway,14,29,23.12809512638739,2.5712506350488438,10.447212607734226,0
Rural Route,Rural Route,11,23,25.956557755778746,0.8072546303825124,8.778773579868261,0
City Center,Rural Route,16,14,13.920682235779083,2.212003146019215,12.627926489893959,0
Suburb,Highway,3,50,18.355554617710652,0.5986329549437349,2.742696104453122,2
Rural Route,Suburb,6,49,36.86385264461101,2.5978400924428393,13.802177015941579,0
Suburb,Rural Route,8,43,21.311085630848353,0.03241556989530239,12.070030485889625,0
City Center,Rural Route,18,89,14.631075555960978,0.32882677979352143,14.915800663541287,0
Highway,Suburb,22,54,3.2035123981070797,0.5620980050480112,6.6412269941098065,1
City Center,Highway,6,80,11.460774866307734,2.965042207160184,13.486088806680858,0
Suburb,City Center,22,89,11.071303819228408,0.13736352495363258,11.990681788055005,0
Suburb,Suburb,1,80,39.77873720400379,0.41665063066146546,8.1775877253947,1
Rural Route,City Center,5,36,11.515424777070093,0.8882791501383375,9.590941792413991,0
Highway,City Center,17,87,20.51042928338246,0.018434687296753363,9.38118707014199,1
Rural Route,Suburb,5,87,23.707575588788753,2.8719860688626375,8.90509796153302,0
Suburb,Rural Route,12,53,31.065249250189154,1.6424391143136983,5.954054573808778,0
City Center,City Center,18,42,20.080242418592672,4.618804293186735,13.523008496963032,0
Highway,City Center,1,42,14.896854923993011,0.0630453858687474,7.161002425163931,1
City Center,Highway,11,53,14.234634484201159,0.6332352160068946,6.850741889362279,0
City Center,Rural Route,14,29,23.563799926798232,2.627959733531231,13.597492804954094,0
Highway,City Center,13,45,13.156605424601779,2.2487799090430287,5.7918906575173725,0
Rural Route,Highway,5,16,8.958188572612348,0.5569358153802448,9.09209443642851,0
City Center,Rural Route,17,41,14.894956781696012,1.8111355326653686,7.017201677758851,0
Suburb,Suburb,4,76,6.755156587973435,3.157406720865556,14.910189912814047,1
City Center,Suburb,17,48,38.506165845205985,0.06790111265198212,13.431264752099926,0
Highway,Highway,2,33,25.96552710071377,2.5290626678113766,7.534965237152612,1
Highway,Suburb,2,95,36.20843843414568,0.5809641512463509,7.008873702685255,1
Highway,City Center,21,79,24.854360367404887,5.907311612138835,12.301718266965164,2
Rural Route,Rural Route,21,97,35.24593030042564,1.5453343423125232,11.300049435173442,1
City Center,City Center,9,96,23.674646640559157,0.06791244971552945,8.937756273676978,0
Rural Route,City Center,18,63,27.26181320995336,1.0331194606963492,8.660328374672712,0
Rural Route,Suburb,2,47,-1.3371902654118202,6.781218758991642,9.298375543431401,1
Highway,City Center,11,83,10.856704030238106,2.6214314630690003,12.70579836725858,1
Highway,Suburb,15,89,20.369277752559714,0.7147189383066559,14.712122455978479,0
Rural Route,Rural Route,16,84,20.61187764789889,1.712590471426206,15.468164076377446,0
City Center,Rural Route,6,41,19.236189813271643,1.8280932815602835,7.796668805342837,0
Suburb,City Center,12,54,24.529952770907027,0.04725009488734102,10.174061365548752,0
Rural Route,Highway,23,70,24.942029379299807,0.39405843932325757,14.030540005311286,1
City Center,Suburb,1,79,28.651158170878396,1.6049285298558582,7.38829861661765,1
Highway,Suburb,3,97,26.68993521104138,1.0308475531411145,7.953765119821843,2
Highway,City Center,9,62,32.040873995774945,0.4215354339964064,12.390610236876418,1
City Center,Suburb,6,60,32.122336174264774,2.9626940149822887,8.593949474692051,0
Suburb,Suburb,23,85,21.746644488753645,1.3427513411748917,5.573774099286125,1
Highway,Highway,16,65,40.81648788564306,0.7420495160846792,7.519247932177464,1
Highway,Highway,19,36,33.593305349216145,0.352704448921735,12.97089736795601,0
Highway,City Center,5,47,11.93049095534464,1.8891919586647103,10.747100159633595,1
City Center,Highway,18,71,23.92603331057293,2.194793870986359,5.313284176744061,1
Rural Route,City Center,4,27,1.5738185808438487,2.2148856259346688,8.17318988546263,0
Highway,Rural Route,9,73,3.2580171831765163,0.4976596756098176,15.468172731384252,0
Rural Route,City Center,8,86,15.005056696642392,1.8094082691002968,9.791535631490778,0
Suburb,Rural Route,12,39,11.24555071336254,4.716332288287047,9.269806117363766,0
Highway,City Center,18,58,15.066570499257441,0.8713979626753571,10.024626809218608,0
Highway,Suburb,20,50,23.284938623965836,0.4733872117316803,10.615393092655824,0
Suburb,Highway,23,22,32.2529030584973,2.9581312743222044,8.827551600055745,1
Highway,Rural Route,5,43,31.717519364731075,0.3893137057807207,14.02161753563675,0
Rural Route,City Center,3,34,24.13193736967972,0.5853857991261654,8.58710809731627,1
City Center,Highway,23,75,9.128805809378782,0.21215353156735176,12.981300300372379,1
Rural Route,City Center,2,27,14.426118787002402,0.6236061608158547,15.467334408512196,0
City Center,Highway,2,14,26.371833254072122,1.0564016244852463,11.133169689807676,1
City Center,Highway,3,28,11.738834984596524,0.1326169453011068,6.857072541530107,1
Rural Route,City Center,4,51,7.330832624361449,4.106906926751674,10.564726048841553,1
Rural Route,Rural Route,7,27,24.92317125604157,1.441755454092755,8.308702549440072,0
Rural Route,Rural Route,15,41,19.516373634154924,1.7739669899650907,12.694237482314879,0
Rural Route,Suburb,21,30,17.890809601928773,0.9281568565286964,10.621741845294766,0
Suburb,Highway,2,19,31.098019356523494,2.2163268895009627,9.642838682439335,0
Highway,Suburb,23,46,30.888080836503597,1.1304993324101416,6.974911234754734,1
City Center,Suburb,11,58,37.81117990739303,2.8652109075855594,4.417180385545002,1
Rural Route,City Center,7,95,13.485882099935873,3.4452372247555156,7.5653775306488695,1
Rural Route,City Center,12,22,24.297335808900876,2.2285635032814435,11.953139125918385,0
Rural Route,City Center,3,64,20.190084705573515,1.3519336992107711,13.54840024507331,0
Suburb,Highway,13,26,23.383158317453486,3.0489930666789378,9.069694137824785,0
Rural Route,City Center,13,18,8.656188242150929,1.363565250505739,7.165937032584772,0
Rural Route,City Center,12,97,5.975266655647879,0.23646355748453593,10.569181756995256,0
Rural Route,Highway,5,53,19.597838637711984,0.2473663166967159,12.065509293037419,1
Highway,Highway,16,87,11.57487410025905,5.9355782752088935,12.331575736528656,1
Suburb,Rural Route,3,55,29.382076205512874,0.48048534432652207,10.583621370780348,1
Rural Route,City Center,7,17,4.993226326414003,3.3848238939072632,16.210834088771584,0
City Center,City Center,16,46,5.817991127537198,0.5665978045851541,13.806647942553878,0
City Center,City Center,2,28,15.833375247511434,1.126976882472052,6.331641655988269,0
City Center,Rural Route,16,72,4.619249940670894,2.1281209470883122,5.5975870380922474,0
Suburb,City Center,8,55,36.76003132097328,0.34601138399726455,6.6090169028425,0
Suburb,Rural Route,1,80,18.17082626063708,2.67307780876295,13.505084467874454,1
City Center,Suburb,12,35,13.971992946359734,2.3418045744253746,4.872225427270767,1
Rural Route,Rural Route,19,55,24.679640256263205,1.5665065622754886,11.372679122540731,0
Suburb,Suburb,1,55,28.838485360207425,1.6689135176070358,9.489993125339073,1
City Center,City Center,19,84,22.06958901084286,0.2235885437316596,6.265622663947985,0
City Center,Suburb,10,23,19.319085071079375,1.1452217454903282,10.746532650056574,0
Rural Route,Rural Route,21,94,10.16527075295869,0.18110012411195414,9.470668026000054,0
Highway,Highway,14,72,26.30909318921219,0.7359435731323796,12.420808528194897,1
Suburb,Suburb,10,81,34.16703090186196,4.6114227713294245,5.119043337615906,0
Rural Route,Suburb,22,12,17.80280245132709,1.7091376624816492,7.319315544561226,0
City Center,City Center,2,37,11.51214499688979,2.7150518444231,7.379387351248549,0
City Center,Rural Route,2,38,21.814957675006944,1.706096103276213,11.984937407544269,0
Rural Route,Suburb,11,96,20.026498940005553,0.4319306481039517,9.287097474796777,0
Suburb,Suburb,23,27,7.8364761742595945,1.8067900589468244,13.542393555862967,0
Highway,Suburb,4,44,14.973113007920384,2.816164626552924,8.803617092739954,1
Highway,Suburb,19,86,37.88485767978263,0.2979399192825908,10.661951829270544,1
City Center,Highway,6,85,6.52445132890904,3.3955189502619,14.452720522160776,0
Suburb,Rural Route,6,56,13.09379646575572,1.621125372929657,4.681204710723316,1
Highway,City Center,12,14,10.512866254762374,0.008568733951671816,10.086994493541729,1
Suburb,City Center,8,84,11.397001578083856,1.4670155894732018,9.905278412029498,1
Suburb,Highway,20,68,15.545236058404807,1.0072746834193458,7.636470398235492,0
City Center,Rural Route,12,84,24.483821014612595,0.7032227460730662,9.508412264768348,0
Highway,Suburb,11,68,33.08562530621131,2.9503142756142533,10.93653961564118,0
Rural Route,Highway,12,56,22.033215939283167,4.595192787720605,7.761273973643683,0
City Center,Rural Route,23,22,13.156181788364652,2.8764649001180578,10.16622303798711,0
Highway,Suburb,9,87,35.39915145890325,3.751664132700316,6.9407945762299565,0
Highway,Highway,0,98,-0.6856352100417027,4.788982895424563,9.38707144804173,1
Highway,Rural Route,7,42,26.734781528121573,4.875190846020277,12.786104415798874,0
Highway,City Center,21,71,9.732413809712035,0.24351767914452088,12.92647708714103,1
Highway,City Center,15,88,19.490768225363027,1.2190298051867545,13.518302834281599,1
Suburb,Rural Route,12,25,25.630999275507254,0.0005730308690752608,9.695078432675436,0
City Center,City Center,2,53,3.946238902835187,1.4123132135584122,9.019829854844232,0
Suburb,Rural Route,2,67,21.416538182510184,5.160473526258071,12.213872743514038,2
Rural Route,Suburb,23,15,22.184770679135276,0.44404408687410674,13.500638172987076,0
Highway,Rural Route,4,98,34.623376821633606,2.04211745047476,10.250320030275432,1
City Center,Suburb,10,24,47.15149317222517,2.0677797049885434,14.536494055763297,0
Highway,Highway,6,13,4.470301942624463,0.34954977261131304,12.131752513006546,0
City Center,Rural Route,20,65,34.17153683832534,0.5450022810859253,8.286967675309526,0
Suburb,Highway,23,73,19.621197658602377,1.2398744205450776,8.650088410449014,1
City Center,City Center,9,77,11.914287608679018,0.417025649692979,9.878564739600062,0
Rural Route,Suburb,9,43,23.69053170255168,1.758924498554411,5.288643244875637,0
Rural Route,Rural Route,19,65,6.977086043136776,1.32539786263696,8.339679949598434,0
City Center,Highway,1,41,7.573873661959723,1.464600214633025,13.422443746639399,1
City Center,Suburb,2,18,2.648413617684124,0.28882083109744144,14.03540014554325,0
City Center,Suburb,7,72,25.460890101232298,1.4565202780278954,10.858093580703624,0
City Center,City Center,10,81,23.270118250193118,0.10148834521585019,11.363104170916134,0
Rural Route,City Center,12,87,11.856163049396164,4.266280472592759,9.070241646810523,0
Highway,Suburb,6,42,35.23601813691647,0.8409027592438327,8.07955138692384,0
City Center,Suburb,12,96,13.370443101651986,3.8805745220232524,11.710919589623748,0
City Center,Rural Route,1,30,32.829895941455725,2.419018663594844,8.680573015260713,0
Rural Route,Suburb,5,64,21.22080877033541,2.9063439937110096,15.071005537960517,0
Rural Route,Rural Route,8,85,13.236316769887035,0.7553433804789069,11.225774937061479,0
Suburb,Suburb,19,66,18.85018596751762,0.5168781995992218,11.335815046000533,0
City Center,City Center,1,11,7.462574611038093,1.044246922128376,6.821445593481563,0
Suburb,Rural Route,17,22,22.16733363044271,0.0490482715130193,3.04422677627708,0
Rural Route,Highway,15,13,20.305500793637112,5.020588658724339,11.335382672509814,1
Rural Route,City Center,11,93,25.274474611171005,0.9788272313842773,8.509291714234536,0
Highway,Rural Route,6,59,28.791523930847383,8.940685115304257,12.951913143250183,1
City Center,Rural Route,6,57,21.156157768532054,2.866347838103056,7.261768485557961,0
Suburb,Highway,16,87,5.2367834522253744,0.1678831178838332,8.40636610395599,1
Rural Route,Rural Route,12,39,29.32363332473048,2.15872714622647,13.358373264145765,0
Rural Route,Suburb,10,38,20.146639667796656,0.6317218938850202,11.310379948232917,0
Suburb,Highway,5,17,1.0593738893662454,0.5586836202165726,6.996034448793794,0
Highway,City Center,22,21,23.09614803964639,0.59294161404441,10.102021508391834,1
Rural Route,City Center,13,50,23.851239739082864,4.95566463262126,15.711190682939783,0
City Center,Suburb,5,35,16.41520359069674,1.3862150669773012,10.430894188723824,0
Rural Route,City Center,5,59,18.021631431628833,2.2141211431190047,9.55588180639797,0
City Center,Rural Route,1,11,14.047348886032957,0.6596427178841231,12.685698908361005,0
Suburb,Rural Route,21,64,24.161266795156273,1.480286621719374,11.056821262954244,0
City Center,Suburb,19,65,21.39991384992878,0.8618739734943478,14.330998826902393,0
Suburb,City Center,14,23,10.91771299708896,0.7746778893981507,12.265292708939613,0
City Center,City Center,16,15,36.179705787882455,0.5672973629609886,12.719631479803066,0
Suburb,Suburb,7,90,13.341969306740415,1.0519018684436596,14.47692557837719,0
City Center,Highway,4,98,-7.0651845781486315,2.1577964519403925,9.102842770356652,1
Highway,City Center,16,70,15.29325763740863,0.5021700476505212,8.203709654130739,0
City Center,Highway,19,21,30.30937568036325,6.730347405470629,5.962808671224725,1
City Center,City Center,0,22,17.934679634500608,0.2661753854932709,9.367456683518258,1
Highway,City Center,21,28,3.6522022191572105,1.308650046413708,6.074174941530886,1
Rural Route,City Center,17,53,9.71908556150141,0.1777241034578652,11.096456772035367,0
Rural Route,City Center,14,98,9.190135842259421,0.0458522556788205,8.159533970595579,0
City Center,Rural Route,4,68,14.247137549140394,5.119535920386412,12.887002782635294,1
Highway,Highway,6,46,17.38295023539831,3.3255169833896177,12.336034438631662,0
City Center,Highway,17,34,24.938546089339525,2.3693561225868387,8.831200451554635,0
Suburb,City Center,5,25,21.284387049612338,4.007789862239022,12.928876560131178,0
Suburb,City Center,21,47,21.764037820721214,3.2475648391028096,10.447707199541235,0
City Center,Highway,20,52,37.79353125760978,2.0839217589228056,4.686214876016979,1
Rural Route,Rural Route,4,96,28.608293403149183,3.7591145753675517,7.03410354818803,0
Rural Route,Suburb,18,23,27.72804663637301,0.9912191329293408,7.827510946219602,0
City Center,Suburb,9,15,1.8683805390216328,1.6092833110128137,10.030731328862593,0
City Center,Highway,14,98,12.481944025093568,2.9949940666789483,8.712826106876525,1
Suburb,City Center,9,32,4.02976004225124,0.1772209815919148,8.413054993691869,0
Rural Route,City Center,15,69,12.309471921543857,3.9129682543495576,11.742910723241554,0
City Center,Rural Route,11,21,27.948667126881094,0.3411744420642618,12.360749214812559,0
Suburb,Suburb,17,22,16.071714460823742,3.9981762688897007,8.14434424214022,0
Rural Route,Rural Route,22,15,30.724415951599237,0.7459944950887075,7.450795497835223,0
Highway,Suburb,0,72,26.931352020628275,0.791374671321966,13.792604270774774,1
Suburb,Highway,15,47,20.504527733720316,0.1536512707263623,18.17823752504627,1
Rural Route,Suburb,21,59,30.96046409420315,4.341353451701822,7.174297071340193,0
Rural Route,Rural Route,5,61,33.64416009769817,0.38355723404563385,12.673419177643686,0
Suburb,Rural Route,2,49,24.54387270425778,1.9887743056200093,9.58292238786886,1
Highway,Rural Route,1,17,22.299671136221296,2.0654670778775324,12.027955522584902,0
Suburb,Highway,1,70,26.333688092749625,0.6602093150641527,7.14115181659868,2
Rural Route,Suburb,12,17,5.934133126275906,8.489538428593384,6.244756196217361,1
City Center,Suburb,8,43,18.824285363239348,0.13263480345273404,6.631769729471782,0
City Center,Rural Route,15,88,19.760094902836073,1.8723339798187657,8.307585347961721,0
Suburb,Suburb,4,69,16.312556891434358,1.3060995784379594,9.295875049168721,0
Rural Route,City Center,22,66,12.105042052686443,0.5633578738205849,12.835382329480268,1
City Center,City Center,20,55,29.980452216359772,0.35718115828535263,7.499608339762283,0
Rural Route,City Center,6,31,21.700581915439162,2.671844103425974,8.086513142323206,0
Suburb,Suburb,12,96,22.60990732192409,4.961388058242919,16.241556023139175,0
City Center,Highway,19,49,34.245800712666274,0.22756120158943147,10.160127193078173,0
Rural Route,Highway,23,54,18.04671644743126,0.4312939720798145,10.855952611802467,1
City Center,Highway,12,64,16.11220756789198,8.576307308191973,12.23591977466307,1
Suburb,Highway,6,60,33.61293124439233,0.030273315211677632,8.428482975128167,0
Rural Route,City Center,9,95,5.092606202844642,1.419577654231704,9.944966007677314,0
City Center,City Center,14,14,20.51191119979898,1.4518071215557917,9.032629701268164,0
Suburb,Rural Route,20,22,12.62357566542585,0.6107731530937394,9.750882720540544,0
City Center,Suburb,5,37,22.926791188218356,2.1755161018959837,12.529728034607647,0
City Center,Suburb,4,93,25.71964934721441,5.798696483870433,12.023997950204198,2
Highway,Highway,22,89,26.275907322840457,1.1964520835957375,3.153157759737029,2
Highway,City Center,1,71,30.26239081898477,2.767950148701387,12.993634918400241,0
Suburb,Highway,20,96,17.474726731891344,2.077313716129766,8.962822799685194,1
Highway,Rural Route,14,33,18.097787178627183,1.2808888413299964,11.184411114658108,0
Suburb,Suburb,15,16,25.266022143517695,0.10219146949843934,8.7773042338308,0
Highway,Suburb,18,47,28.875016933061225,2.7076528314699004,9.844585094544533,0
City Center,Highway,8,46,6.996961828616456,0.9027608755866643,13.945870344243206,0
Suburb,Rural Route,21,77,23.14121174679678,0.5084808942671569,11.008226817971774,0
Suburb,Suburb,18,51,16.04755674571822,5.923382588340201,13.792513822277922,1
City Center,Rural Route,6,95,20.87152570384361,2.9700451234301903,9.847093122345846,0
Suburb,Rural Route,3,14,16.433113467122745,6.554529609278609,9.53527397620064,0
Suburb,Highway,2,73,12.77253393707715,0.5920117243136559,10.036534195474005,1
Highway,City Center,23,59,9.814767371767772,3.613258893689539,6.191569700632107,1
Suburb,Highway,19,96,18.489759850297148,1.8715659764168133,1.9269741919229997,2
Rural Route,City Center,10,24,23.584057917558955,7.980367977161368,7.657792321411751,0
City Center,Rural Route,0,82,13.969921999262695,5.8493157760856755,13.08170031976001,1
Highway,City Center,5,62,31.898119668668734,7.22147118429121,14.261612668063304,1
Highway,Rural Route,10,34,44.584503430014166,6.063449329642643,3.9929084236754235,2
Rural Route,Suburb,0,98,24.13125120983944,0.015380724133678839,13.860031983353046,1
City Center,Suburb,20,94,19.587644754533155,2.702514081179815,8.22302843606841,0
City Center,Suburb,6,18,10.877372595753332,0.6347286927537625,5.720799923300399,0
Highway,Highway,5,47,23.70058088367979,2.441743552382658,13.177680127708783,1
Suburb,Highway,13,31,34.771757333683,7.886119527770819,8.483668523673398,0
Highway,Rural Route,1,96,39.48479410097344,0.08030983142269366,17.84660548821742,2
City Center,Suburb,3,58,33.9615579848669,1.6739789015449995,7.98027212922542,1
Rural Route,Highway,10,77,28.43309628306109,2.6556974135858664,9.17093509762209,1
Highway,Suburb,14,24,24.101933700471633,0.5843410134108259,7.070524053477131,0
City Center,Highway,17,74,9.513319691196159,0.510099200317774,10.449701570562073,0
Highway,City Center,0,63,19.002784521698615,0.12448606044520434,12.391194914411544,1
Suburb,City Center,2,39,17.841218625288747,0.19725503795888666,4.80917342853845,1
Highway,Suburb,2,29,19.067959645927463,2.1385919492121666,11.967396010489,1
Highway,Rural Route,6,42,12.80587787173198,1.4072461999102333,8.774012593772223,1
City Center,Highway,0,95,27.578619684363765,0.06106734315736825,7.417274256034743,1
City Center,Highway,10,86,17.261352065929568,6.990692549724266,5.796315184988874,1
City Center,City Center,5,16,16.449695928565003,2.134493944073472,12.935870501071435,0
Highway,City Center,19,17,12.839733757889348,1.4491459534470115,10.860063039563947,0
Suburb,Rural Route,2,37,22.3229998827437,0.6368991129771608,8.253763770597764,0
Rural Route,Rural Route,18,54,34.96774526055796,2.1464674411833973,12.338377002121147,0
Rural Route,Rural Route,1,82,19.897917033894622,0.9056413716585133,11.589478430851367,0
City Center,Suburb,17,98,22.817405484662885,2.424642865772783,12.603542213204129,0
City Center,City Center,11,89,39.35260563040066,2.2950080139205884,14.921796688919962,0
Highway,Suburb,9,83,32.0344253925129,0.19466078739896173,10.652555155033907,1
Rural Route,City Center,4,20,25.877448175521977,4.799529621433486,15.797127315451988,0
City Center,City Center,8,40,25.45697766257438,1.3348584865226922,14.282738816963924,0
Suburb,Highway,1,21,13.969340922070863,0.998271563864055,12.350324261885792,0
Suburb,City Center,1,87,12.991305511173902,6.222831492966122,4.926308267544706,2
City Center,City Center,5,60,21.414081530050343,1.153251769520662,10.32937624230959,0
City Center,Suburb,9,53,21.667741051582894,2.5546712553403634,10.738976793428861,0
Rural Route,City Center,17,59,11.502351309671536,2.1292130528941215,10.64671346658031,0
Rural Route,Suburb,11,26,27.032966639474402,0.3609827006873516,9.67057759848302,0
Highway,Rural Route,3,44,17.22702111502881,9.453043253878503,11.938149738704517,2
Rural Route,City Center,21,10,31.273207357128776,1.2457663711384188,12.337467540225997,0
Suburb,City Center,20,38,19.44591488210652,1.0043350021604247,4.983486136756006,0
Suburb,Suburb,16,60,18.56079769964133,5.041817874388856,14.064520708251107,1
City Center,Rural Route,14,73,10.626035504940193,1.5068066709899977,5.570644206257887,0
Rural Route,Highway,5,13,11.721402648813662,2.442081689150917,8.782302737137101,0
Highway,Rural Route,15,96,33.177643650776005,3.7448033275220145,7.33726701950462,1
Suburb,Suburb,16,37,22.689637469889792,0.5370518459966346,7.834708729367478,0
Suburb,Rural Route,2,25,23.893023805226388,0.3713742323481868,13.25959909945114,0
Highway,Suburb,9,72,36.00646956883123,0.1419327900460272,10.364859413013553,1
Highway,Suburb,4,85,6.824113796577574,4.548642592695859,12.047797393786006,2
Suburb,Highway,13,62,26.71255717041391,0.44720505011096157,11.896047515341845,0
Suburb,City Center,20,94,4.121091353068515,0.7356279177226054,4.25486316067013,1
Highway,Suburb,12,26,15.623480579466278,0.6732038830861283,8.326775309540274,0
Suburb,Suburb,5,49,8.549129752914638,0.7265015707182381,12.245717445208383,0
City Center,Highway,11,22,28.585905459322007,2.2056088879424536,11.970513949369819,0
City Center,Suburb,7,61,1.1027364794037595,6.163171205902781,4.729971809782387,2
Highway,City Center,4,67,17.699154886472044,0.7993242638536224,13.090081375536773,1
Rural Route,Highway,14,46,8.412298068016227,1.047305598226064,11.848167837755852,1
Highway,City Center,15,88,11.451916273959883,2.949350667011495,7.111623089614942,1
Highway,City Center,0,85,12.992888358124262,1.132458018977155,11.225884834763086,2
Rural Route,Highway,15,70,33.191045374986324,5.208536595598223,9.312664704691453,1
Rural Route,Suburb,4,88,16.64770549968469,1.399208166102357,11.475896174881878,1
Rural Route,City Center,2,43,37.27325696014902,0.8546082735624131,4.59929169697169,1
City Center,City Center,19,79,39.36586326846535,7.120795440565251,8.942185411775196,1
Suburb,City Center,14,26,41.136838686235535,1.1094918959801208,13.542150707206211,0
City Center,City Center,12,29,19.412330790478563,0.5257834722013043,11.616457516511618,0
Suburb,Highway,23,82,22.10357139371361,0.3913019557445806,12.37492259414214,1
City Center,Highway,15,68,23.77955642862775,10.670512913750306,9.299376261374038,2
Suburb,Rural Route,22,78,16.32512171439236,2.7966342364122574,11.693037848921517,0
City Center,Rural Route,10,96,24.24370258841952,1.050727576737583,9.510732980737636,0
Rural Route,City Center,20,42,10.648037928633526,3.5015806807224066,7.225479563029115,0
Highway,Suburb,1,87,1.2452423720235508,1.5828705497710294,9.24353463652653,2
City Center,City Center,21,26,27.141345994216138,0.7636619362727975,14.36212013470831,0
Suburb,Suburb,5,66,16.502266952834965,2.720363046651622,13.39696407934181,0
Rural Route,City Center,5,92,10.233081619611376,2.740013367926886,7.023394331443923,0
City Center,Rural Route,13,10,11.497736973307557,1.386971392436352,8.747975888492796,0
City Center,Rural Route,10,22,35.15121820765398,0.09241950733469911,7.227285347307819,0
Rural Route,Suburb,7,36,24.641127909220955,0.16030081452213743,10.538569521601397,0
City Center,City Center,7,79,4.776928175363146,3.109421092963447,12.991818469343702,0
Highway,Suburb,0,68,8.130135874121438,3.468601128946464,16.095380251877224,1
City Center,Rural Route,20,15,17.081203941829806,2.268207957677712,5.717643403463175,0
Highway,City Center,6,32,24.76409358342032,3.653553878009529,12.575042036048941,1
Highway,City Center,5,19,12.054286216271507,2.5422737721203887,9.976943117263042,0
Rural Route,Suburb,20,60,18.27053325154672,4.544783479563876,8.898589077906141,1
City Center,Highway,7,28,21.14551188230177,0.32597519064014085,7.19412455524149,0
Rural Route,Suburb,18,60,21.352684091026756,0.9812014925895818,15.339582811297849,0
City Center,Rural Route,21,96,-3.9513621899925653,1.2476556885958945,5.113407315541079,0
City Center,Rural Route,20,77,22.216413718030644,0.7066861295167532,8.530734541154727,1
Suburb,Rural Route,23,93,2.6714035705965102,2.5846352173200895,11.101890719846246,1
City Center,Rural Route,19,92,17.136015184990438,4.870834892901411,11.359865176821765,0
Rural Route,Rural Route,7,51,14.985849530915019,1.063697468613413,13.740393457108699,0
Highway,Highway,13,66,9.212671007998141,5.678892251426617,7.357958293900179,1
City Center,City Center,17,77,28.43167204001216,1.454520573267733,11.873160682594433,0
Suburb,Suburb,15,47,8.760241401032447,1.4784476918264142,9.81119644280275,0
Rural Route,Suburb,8,71,14.770631106125354,1.833679468485544,10.12065132602667,0
City Center,Rural Route,14,16,28.787341730031905,0.6248542841621537,8.621268304501815,0
Rural Route,Suburb,9,80,14.484995940103396,0.9669414712669918,10.48559927596614,0
Suburb,Rural Route,21,59,12.414900093145746,1.6114560800438391,9.572841014951903,0
Suburb,Highway,15,61,17.318445559473705,5.6940344712782,8.931235071379824,1
Rural Route,Highway,3,35,25.405025205710984,2.058317485964849,8.424391196018265,1
City Center,City Center,19,35,34.46307604794205,0.8102799955906281,11.11748664649357,0
Highway,Highway,12,28,10.638784020621756,0.021047508557255405,6.007327904339812,0
Suburb,Highway,21,18,11.449180345339093,7.997957851173506,9.422955440602337,1
City Center,City Center,4,70,17.236645950734655,1.3584276358058103,7.696847639904796,0
City Center,Suburb,21,29,22.301406512671754,5.577278761878986,9.631270799444696,0
Highway,Rural Route,6,59,12.297533360026414,1.5941074356694405,9.669388748760875,1
Suburb,Rural Route,22,89,26.885633678861545,1.8600941368966994,12.600558187395901,0
Suburb,Suburb,8,90,10.827222485474374,2.4889803564953206,11.977045358183322,0
City Center,City Center,7,31,0.991454105040372,0.7741968274360264,10.875387505871341,0
City Center,Suburb,15,22,25.31775281165677,2.4011834577180937,10.518193433256146,0
Highway,Highway,5,21,26.475894731462454,1.496440100689624,9.42741274325622,0
Highway,City Center,15,19,30.446506356327596,2.2324120062640516,9.371959778068641,0
Suburb,City Center,5,74,0.08100202842875603,3.613745331759731,4.756407543342945,1
Rural Route,City Center,13,39,13.343849484771452,0.4072435207016056,12.201247897525178,0
Suburb,Rural Route,20,17,17.489418318012582,1.9015102821372405,10.799578420030084,0
City Center,Suburb,0,30,37.56958173417884,0.10703643773123377,13.601122576807342,0
Suburb,City Center,8,31,18.40798605020941,0.215426760612989,8.336311270562227,0
Rural Route,City Center,23,27,6.534833119745398,2.2453647399164742,13.781109103025997,0
Highway,City Center,12,75,22.967404647547923,0.14715885837840578,9.424535017275758,1
Rural Route,Suburb,18,57,33.09456225796114,1.8095040185151154,8.280519339912054,0
Rural Route,Rural Route,16,53,30.966389429608352,0.4969550230922146,14.636333867074557,0
Rural Route,Highway,10,18,25.617981643277986,0.7250550122426174,11.091678641241474,1
Highway,Rural Route,7,76,22.626323671081654,0.2776886819393343,15.013021277083173,1
Rural Route,City Center,22,63,-2.6775230945089206,0.5718139275738618,10.511465207681018,1
Rural Route,Rural Route,4,35,20.25666455053712,3.444001771922888,12.422268111461783,0
Rural Route,Rural Route,9,94,21.781402625317362,2.0370811015757524,13.086113967216091,0
City Center,Highway,6,35,18.400903257489066,5.981879341402117,9.155888046720039,1
Rural Route,Suburb,9,43,27.070998874893647,0.09994592303990395,11.038201291381403,0
Highway,Suburb,3,17,18.24002197227305,3.1443998385285914,10.462652757668781,1
Rural Route,Rural Route,8,19,16.314367949972,2.401802939940908,12.496969244674693,0
Rural Route,Rural Route,13,57,30.389977216522546,0.6046232764034044,6.80393337263414,0
Highway,Suburb,1,64,15.864112862243168,2.612503573801658,11.803398480344082,2
Rural Route,Suburb,8,63,20.64654072139123,2.5214288447660684,12.761397632092898,0
Highway,Highway,20,87,28.975312796818823,1.2299485741706362,7.951374882052536,1
Rural Route,City Center,0,49,9.893312487467776,2.3336085117029493,7.35565923465767,0
Highway,Rural Route,22,24,8.808136678386308,1.1760646410002045,5.025175433070067,1
Rural Route,Suburb,9,90,33.57940155650853,0.8175780405509117,16.235403432057307,0
Rural Route,Rural Route,9,27,14.072879963135914,1.2565585286212377,7.804957465153707,0
City Center,Rural Route,19,32,26.924324316861004,4.510057693725314,14.25385884612998,0
City Center,Suburb,21,71,2.2467896815972637,0.9709129609944671,9.376053505101327,0
Rural Route,Highway,2,55,-5.030515931086686,1.0339831130945896,13.294623179233039,1
Rural Route,Rural Route,5,96,23.642300583452602,1.8750452209996307,11.742820762223959,0
Suburb,Highway,5,48,18.724793482105248,2.7967296372117882,16.30644538733784,0
Highway,Suburb,20,24,23.73631441664047,2.653191519375329,14.337454116632568,1
Suburb,City Center,1,62,38.74708802609838,0.03999470194824995,10.639300570129654,0
City Center,City Center,17,97,7.626581800876149,2.3257598243241824,10.929504213012569,0
City Center,Rural Route,22,73,20.381878942464294,1.1976897373275177,12.037359637949777,0
City Center,Suburb,1,72,34.77466085582587,1.4850529001644541,18.043913950984514,1
City Center,Highway,11,89,9.070098865033406,1.6495360534788595,10.203202450115272,1
Rural Route,Rural Route,21,25,14.15272964227167,2.631445281084462,6.121961497870072,0
City Center,Suburb,4,79,2.327147959984007,3.5596576497928614,10.73413818875276,0
Rural Route,Suburb,19,75,42.37849259168583,2.0783915387860405,8.078002569326163,0
Rural Route,Highway,6,22,-2.045405061678082,1.6598005239090328,10.633833932612449,0
City Center,Rural Route,23,56,27.985857026434424,0.936072746527288,13.453458589803839,1
City Center,Suburb,15,18,6.802000392198211,0.29671748260799646,11.51224297877258,0
Highway,Suburb,19,72,9.49107767601304,6.367870905408584,8.220388195199575,1
Suburb,Suburb,0,43,30.63953937223218,1.239207249669568,9.391316169965439,0
City Center,Highway,0,90,12.574895677055569,1.6703998142455954,6.801304779391954,2
Highway,Rural Route,16,38,26.517875712270694,2.7811923166833914,13.826899951767892,0
Highway,Rural Route,0,46,33.80031583844992,0.14172599168806888,12.461839887936588,1
Suburb,Rural Route,20,52,22.006969856523618,3.862194927215227,6.734971310830162,0
Rural Route,Rural Route,19,95,28.892858492141634,3.1893522449532106,17.56306209388361,0
City Center,City Center,12,73,20.806731956026827,2.9782369204944454,9.349122374397535,0
Suburb,City Center,8,33,21.270060852785463,0.044455853655986526,10.886586511125588,0
City Center,Rural Route,14,80,13.650709041617727,1.4952863601066815,8.987428985929148,0
Highway,Highway,2,43,39.288594336731265,0.11159288033976351,11.260276752051338,1
Highway,City Center,13,57,27.4284449411533,1.600897285482958,10.282164018907753,0
Rural Route,Suburb,22,21,25.218052744526737,2.5348785650975416,5.807159314513299,0
Highway,City Center,10,32,27.702947580796035,0.25987628419623593,13.520528026229439,0
Highway,Suburb,23,88,13.22709664883657,2.374120630140315,7.5155852130228,1
Suburb,Rural Route,21,22,29.309718858524484,1.1939759806623689,12.751331408922024,0
City Center,City Center,11,96,35.55880781491913,3.337876221754843,9.30441591137469,0
City Center,Highway,12,54,6.1930237829956365,1.5253758586955237,10.189974454403767,1
Suburb,City Center,12,74,25.415628015383525,0.8193123643087449,11.446338735133452,0
Rural Route,City Center,0,56,20.627900698337918,0.806908951840035,10.41180440129291,0
City Center,City Center,23,67,14.808150636245049,4.555521953859007,12.231466665167074,1
Highway,Rural Route,9,14,9.067440095548047,1.2061434820284431,7.875402394992164,0
City Center,Highway,2,86,30.519196629879783,1.0409234618124859,13.110654631852405,2
Highway,City Center,23,14,22.079896629249557,0.08138071948964215,6.908401404297136,1
Rural Route,Highway,3,69,17.928699964977923,0.9061344626691064,7.261497510701458,1
Suburb,Rural Route,15,30,25.423821134998224,3.7892735404930034,11.737045327360198,0
City Center,Suburb,7,33,18.72519212480882,2.8624801641543525,13.148639565066674,0
Suburb,City Center,15,27,12.959282782529208,0.4992656360090929,10.851467753471242,0
City Center,Highway,16,30,21.28952047945549,1.065653851680054,14.476595879989699,0
Highway,Highway,18,63,19.71994036418148,0.4377545199859929,7.49924100568992,0
Suburb,Rural Route,21,19,2.258120484816356,6.167676870172195,6.504092005319118,1
City Center,City Center,14,33,13.704334052240572,1.823192927102787,12.514748724532488,0
Highway,Suburb,15,94,7.356049987989259,2.807734060440229,10.366903373303487,1
Suburb,Highway,14,98,3.4859772484430103,2.502189269613976,12.418464713202486,1
Suburb,City Center,1,69,24.676993729226194,4.138022072298892,6.915912801550144,0
City Center,Suburb,10,66,13.312330701700919,5.964754837684276,8.670337549456875,0
City Center,Highway,0,32,30.414062955191252,0.06596844257079243,15.228358454137586,1
City Center,Highway,14,31,1.714036836560581,7.4019996114360636,9.39695287342532,1
Highway,Suburb,18,77,17.022460651667743,4.088804704090297,14.279512427026178,1
City Center,Suburb,3,43,13.84073690723558,0.9656020431821353,12.330385845497828,0
Suburb,Rural Route,10,79,4.2203532579662735,3.628859938784975,9.14360995932615,0
Suburb,City Center,4,37,20.050870321814767,2.6678439640226816,14.235274405428603,0
City Center,City Center,2,48,5.0933545370206765,3.151178365640646,10.97906487944493,1
City Center,Rural Route,12,51,22.227158396222855,0.4986953830242481,10.040590265246042,0
Rural Route,Highway,9,32,27.207587592734537,2.091453625981621,9.760406335758418,0
Suburb,Suburb,10,79,22.675531763247566,0.05253578870440414,11.316487012919547,0
Highway,Suburb,17,89,23.9388349597587,3.7707666929777055,6.615070567012452,1
Rural Route,Suburb,1,11,30.312349050740014,6.033624709906855,12.697044459495473,0
City Center,Highway,6,33,19.73236598872962,2.170149318368602,11.324240522973923,0
City Center,Suburb,8,26,11.73972357114813,1.437626111254862,8.286475824134685,0
Suburb,Suburb,9,74,13.910484948438755,2.587292456390319,6.1945835516368,0
City Center,Rural Route,17,79,14.126258853017752,0.7901226954600494,9.247982961745544,0
Highway,Highway,22,78,9.566612984563985,1.9690738134126475,10.750505210900986,1
Suburb,City Center,6,69,27.842113034423566,2.5386086257690383,10.467920483363628,0
City Center,Rural Route,6,59,25.269028286833727,0.30788989210657614,10.449437622601057,0
Suburb,Rural Route,2,21,3.3499676491916226,0.3018039380401925,12.021404709622736,0
City Center,City Center,11,56,11.7367553718466,2.518535400936178,6.547941837820421,0
City Center,Rural Route,6,76,9.080146451185335,1.1305020015076312,9.80376026313255,0
City Center,Highway,16,74,23.1734600575341,4.400084057551494,10.893520676885641,0
Highway,Suburb,0,36,30.76509511123356,0.7477552218398844,11.382104051168795,1
Highway,Highway,4,57,24.481860233417834,0.08671444693280513,12.696506960151812,1
Suburb,City Center,15,97,12.98807538353337,2.098935970035617,9.389504941505828,1
City Center,City Center,14,71,16.810216976614466,2.3055407966202273,10.159914460065684,0
City Center,Rural Route,1,53,6.0714874343169924,1.6130421420019925,7.775368901354321,1
Highway,Highway,8,28,6.838374832181593,2.299806823134549,11.164733741320855,0
City Center,Highway,6,68,28.460497149246926,1.4836429496775636,7.388648003415799,0
Highway,City Center,3,17,34.441122031312545,2.359424414628353,11.721171694521145,0
City Center,Highway,19,64,12.85231471190433,0.08986378751887011,13.54342537433405,0
Suburb,City Center,17,56,20.481188201325303,0.9189896658627827,11.404854727479911,0
City Center,Highway,20,11,27.20523760001269,0.4735138838057746,13.849893779973657,0
City Center,Highway,3,48,3.3615779816115,0.2092241218879557,8.6395544653807,1
Rural Route,Highway,12,54,9.513133883644036,0.5333881029948363,6.403872079830992,0
Highway,City Center,0,41,39.936354852445845,0.42468077744044136,9.51466601696168,1
City Center,Rural Route,23,74,10.422835021105918,7.233593054538015,8.15787363084329,1
City Center,Highway,2,47,16.38165690580842,0.6752743994663215,8.519700808028563,1
Rural Route,City Center,15,86,13.970656396039681,0.5252219121693468,3.3345378829004737,1
Rural Route,City Center,21,20,0.05220642110026574,3.602099052200337,10.526871857947249,0
Highway,Highway,3,19,20.82722538504418,1.0864091437229069,10.0645220853553,0
Rural Route,Highway,22,68,19.747483757011324,1.0945140160575126,12.529215863040857,1
Suburb,Rural Route,15,99,21.808512144201238,1.1725013692166244,11.659292766361169,0
Rural Route,City Center,18,64,19.15424442651983,1.0775399309153018,9.47397017510709,0
Suburb,City Center,0,29,15.401390590118087,0.790728948267049,12.738556334732076,0
Highway,Suburb,4,90,14.827277996479445,0.6746956788523893,12.659930078898771,1
Highway,City Center,18,26,14.998239708400408,4.273457976382816,8.539031134877133,0
Highway,Rural Route,21,77,10.11310281153075,0.35277602102173955,10.58831720619597,1
Highway,Suburb,23,14,11.66195387612692,0.39949466204474604,14.531487792467667,1
Highway,Suburb,10,69,10.280863202696418,1.6959519825154847,10.979599604425978,1
Suburb,Suburb,12,32,25.734104938952346,0.8421483351961071,7.53348332632133,0
Suburb,Highway,19,55,23.06102570458012,1.0947349879201027,6.632556949827014,2
Highway,Highway,4,61,20.271338481818372,3.285437326355362,5.586044463119461,1
Rural Route,City Center,20,19,39.422652108599195,4.679142664732417,3.8567500186306187,0
City Center,Suburb,3,55,10.743046900555736,3.1265755989038313,8.547760273692246,1
Highway,Rural Route,3,37,31.187768152532964,0.535571352151834,9.476310081174635,2
Rural Route,Highway,3,52,17.39969825512229,7.821177030507674,7.071018257711852,2
City Center,Rural Route,3,35,21.571646849402644,0.9025254862961024,7.947297097712376,0
Highway,Rural Route,19,64,26.71136231460783,0.37041237347757744,7.137804243144607,1
Highway,Highway,20,57,15.224634623080544,1.3842821955341755,5.260230670015328,0
Suburb,Highway,17,38,9.433021618263835,2.5840477678559157,9.490377352446297,0
City Center,Highway,17,36,11.082241689749942,0.17388649965647293,12.006073184347644,0
City Center,Highway,15,27,-1.0628381703356595,2.011812345472312,8.470077386275626,0
Rural Route,Suburb,8,69,26.067961573212855,3.90495425705634,13.408304090339183,0
Suburb,Suburb,17,83,25.827396266601188,0.6070308085913116,10.459398253856666,0
Suburb,Suburb,21,78,35.83650556092384,2.362617909099146,12.679028457334969,0
Suburb,Suburb,1,83,24.149289090687095,1.0213467039213298,10.095086101247293,1
Suburb,City Center,20,30,26.552247474263606,1.0693322713881075,12.013546945251438,0
City Center,Suburb,3,33,19.18453644130643,0.6592706109647626,5.767221983634309,0
City Center,Highway,11,12,24.648792208160444,1.9584280307674378,12.52738016234285,0
Highway,Rural Route,6,71,30.895929336599202,0.8956993112767825,10.01950823532809,1
Highway,Suburb,14,11,21.814722168586414,3.554565569375211,13.293777145705786,0
Suburb,City Center,6,75,14.787684421612497,6.588568987789974,9.24325794007493,1
Suburb,Highway,21,51,17.797737654384786,5.469435686819214,15.225089956056676,2
Suburb,Rural Route,20,43,27.518636032335017,0.35616918601388936,11.601130174830361,0
Highway,Rural Route,16,51,15.087365937241692,0.028583890059724833,7.28420638159647,0
Rural Route,Suburb,15,29,28.890663261711516,1.154174247415401,13.384375392187685,0
Rural Route,Rural Route,18,77,39.08597871690698,2.610414854337019,6.826452194958824,0
Highway,Suburb,8,54,29.01462134831806,7.584507738747599,6.658680839642574,1
Highway,Suburb,13,84,27.471359032087463,3.0596118234592264,13.86630060087403,1
Highway,Highway,16,51,23.476322610575046,1.7376186659434436,11.006356751495831,0
Highway,Highway,4,56,12.231305164178199,0.0534127477651355,10.217176190513907,2
Highway,City Center,1,14,11.324180339635877,3.4921275073727354,8.488157916215934,1
Highway,Highway,19,98,11.223776098505095,0.3899506395021909,12.495099360981625,1
Suburb,Highway,15,58,25.547320688485577,0.11442474298682939,9.184762272807097,1
Suburb,Suburb,13,46,16.105371127129295,3.799030333480508,10.604911882094909,0
Suburb,Highway,13,43,19.710076080812996,1.6705778971614456,6.618274004836553,0
Suburb,Suburb,0,82,24.18656430652865,0.27519724316278293,9.826987878446337,1
Highway,Suburb,2,79,11.595787117414307,0.977289115750563,10.5257569222447,1
Rural Route,Highway,6,27,14.98076200372007,0.17884675007680387,11.602940869632212,1
City Center,City Center,14,87,23.228828016292372,2.032281841987411,11.013342716680203,0
Highway,City Center,18,28,17.091461308906638,0.6637619310701453,8.999368418539632,0
City Center,Rural Route,19,87,18.025489684424045,4.0212363975136745,10.854170911258752,0
Rural Route,Rural Route,1,49,9.673449837032763,0.8856986272662475,12.942137056362693,1
Suburb,Highway,18,26,18.160884826512667,1.3649441773731439,5.547707771766651,0
Rural Route,City Center,8,69,36.521699778678496,0.1312614827987886,9.503572138652684,0
Highway,Suburb,18,51,15.536474947990532,0.6448027213008004,10.626166922531386,1
Suburb,Rural Route,4,90,8.529891849559178,2.2587653882568683,7.2332102968980525,1
Highway,Suburb,17,81,29.58136157611405,2.665604007998398,12.78915057184421,1
Suburb,Rural Route,15,74,25.233549318416266,0.5563134459887076,11.798502357949443,0
City Center,Highway,3,62,22.12618442517609,1.401633427652706,12.994364022083417,1
City Center,City Center,11,16,6.813580341674994,3.4023511199255787,16.479082547063943,0
City Center,Rural Route,6,14,8.233863168019298,0.955781819298421,10.990415197057063,0
Rural Route,City Center,13,33,4.626811502029787,0.2872125596812697,9.150490876371382,0
Highway,Suburb,22,37,24.315315011504474,1.1308113979795151,12.815726099227634,1
Rural Route,Highway,11,71,30.19868928501731,1.8357272636260682,8.236110110287509,1
City Center,City Center,2,26,24.652676067721455,0.014852066099404043,11.3923636408781,0
Highway,Highway,4,29,39.499023977166644,0.8571630102017838,13.110484772932372,0
City Center,City Center,16,12,15.580963368345902,1.87011048296736,12.496573935311599,0
Rural Route,Suburb,9,46,16.763305586651626,6.0694431488286105,14.2220357681452,1
Rural Route,Suburb,9,99,21.065618913948775,1.0503519738264935,9.180355433648968,0
Rural Route,Highway,10,24,17.70501584256686,0.35579614682717897,12.127167366368274,0
City Center,Suburb,16,60,24.987109098498095,1.5280798454612843,10.278422059726813,0
Highway,Rural Route,4,57,13.603790610612783,0.6730510871631125,10.75971869321328,1
Highway,City Center,12,17,6.052756550575026,0.48358116139456114,10.759865522524326,0
City Center,Suburb,9,22,2.1065942100841575,1.785164323799945,11.61673133861028,0
Highway,Rural Route,8,57,24.80512623765372,4.9511058888833945,9.899729233312499,1
City Center,Highway,16,12,14.740888793905397,3.6063390865683567,5.738676519544529,0
Highway,Rural Route,0,74,8.304590195488242,0.40250126664499875,10.462645549219049,1
Suburb,Highway,3,82,13.809409300007832,2.9038383220080592,11.085282936288861,1
Suburb,Highway,3,40,39.52531902595452,0.5223883479516519,9.874399910450988,1
Rural Route,City Center,17,35,8.891066071638045,0.6869569763045421,11.306450859355854,0
Suburb,City Center,8,90,27.271915303498016,5.052745375406592,9.629558610695929,2
Suburb,Rural Route,17,65,24.210935714491498,4.839365118473555,9.186572311234992,0
Suburb,City Center,13,43,33.41432818013138,0.36936251230018835,14.173260723360436,0
City Center,City Center,14,18,18.76907128385861,0.13268959558373394,16.771119626027307,0
Suburb,City Center,5,71,4.396556015693102,0.6937833509307534,12.638832847615399,0
Suburb,Rural Route,23,22,29.925453047807625,1.7434717133937627,8.276299515564235,0
Rural Route,Suburb,9,78,17.501776848872105,4.189381286020898,10.675007209454774,0
Suburb,City Center,14,50,32.744631298119515,0.2530261889651614,10.450148817646259,0
Suburb,City Center,3,86,28.15968893311694,1.0721449957203981,12.012162128130697,1
Highway,Rural Route,17,10,29.958695923806317,0.6342211805537941,10.564470984009748,0
Rural Route,Suburb,17,98,43.68481709325381,0.030083051857944052,11.845140598428392,0
Rural Route,City Center,16,56,22.81998044895958,3.1065524533701856,15.365159758713741,0
Rural Route,Highway,11,13,34.428550698112836,3.356335349585416,4.469984781506443,1
Rural Route,Rural Route,6,72,15.951544659702915,0.5000766445520727,8.481190646239224,0
Rural Route,City Center,15,61,25.407113966656702,0.32795822548236475,12.878246141364524,0
Rural Route,City Center,10,19,14.977292804281358,0.3122806408184843,9.867365458851332,0
City Center,Highway,13,37,24.792398390576295,1.2470451924111847,11.77831464190914,1
Suburb,Highway,2,15,23.748054972734373,0.5660408096843654,9.430596823466445,0
Rural Route,Rural Route,18,36,-0.6056654350608,1.432240678720087,14.680505788496772,0
Suburb,Rural Route,17,21,13.882721063432127,0.9717839248566327,13.483825471413608,0
Suburb,Highway,9,71,22.30315704872343,0.47369987451275164,10.896080924624037,0
City Center,Rural Route,5,61,-2.573929822109797,2.78214583698008,15.0226449136254,0
Rural Route,Highway,12,57,19.041556292948147,0.32589425487773593,10.928993839139174,0
Highway,City Center,9,76,30.084702898396163,3.207928986125211,10.198708848830874,0
City Center,Highway,17,55,33.00246483225706,1.6485464051170577,14.410495754649645,0
Highway,Highway,19,83,12.175552863215684,3.5680248227641553,5.802371281016574,0
Suburb,Suburb,15,24,33.64406173547867,0.009540800716280457,10.50354436033926,0
Suburb,Highway,5,80,32.08116513169599,2.7661073878012807,11.059480062545118,0
City Center,Highway,12,45,-1.4789069723886392,0.10577985929698823,9.332143956999243,0
City Center,Suburb,3,23,21.157919129843236,5.995417211938785,7.763453936084741,0
Highway,Rural Route,22,87,22.26429211211968,2.426292762357502,9.784292973093963,1
Rural Route,Suburb,13,12,35.18795217892742,0.7718317629520836,5.46904899850073,0
Highway,City Center,0,76,22.863849609250767,0.7708852830325612,14.660238322345428,1
City Center,Suburb,19,95,33.93731039608051,3.953659869572328,14.810241745148112,0
Highway,City Center,4,28,12.19218314602903,4.662794993845026,10.219932051364488,0
City Center,Rural Route,7,85,4.019507466011358,4.443361470933123,9.067082841935127,0
Highway,Suburb,11,63,13.521618123778941,3.308246099481005,5.568821613301148,0
City Center,Suburb,1,78,35.769884366803154,3.4188703481300955,8.038653703003789,0
City Center,Rural Route,11,19,29.25919380006447,1.7008557208899404,14.448686455802475,0
City Center,City Center,4,42,43.2246143364015,0.05727442314849867,10.024352799506595,1
Rural Route,Suburb,21,22,5.5667055458986265,0.18154221452648697,8.458676093292985,0
Highway,City Center,4,60,30.413219796935618,2.097093016350474,10.139535534626566,1
Highway,Suburb,12,41,27.548661997734214,1.0255388912852081,8.38182519700666,0
Highway,Highway,8,84,17.146832628370387,1.6754657790966203,5.270375727561559,1
City Center,Suburb,9,33,27.759275916627246,0.5255305085238421,9.080682564036579,0
Highway,Rural Route,0,44,21.399648109234846,2.096316582549726,6.864774161638433,1
Highway,Rural Route,2,92,24.60307515541502,0.556333756192324,11.28402532952327,1
City Center,City Center,17,79,26.80549931003582,1.2353849095664369,12.784821869389319,0
Suburb,Suburb,11,49,29.801092952550583,1.3029355218974707,7.863771657052042,0
City Center,City Center,2,63,20.868116661604038,0.3912227040431054,10.583992467309297,0
Highway,City Center,8,53,37.77336054612869,4.178300661837314,9.9531686849052,0
City Center,Highway,1,71,17.842746751048814,1.4923410202361345,7.789033645454685,1
Suburb,Highway,2,77,38.83757620688135,4.031563482083317,3.167154079868201,2
City Center,Rural Route,13,42,8.721560715575816,0.6090751852239038,6.926099784059477,0
Highway,City Center,3,86,10.149404753207325,0.3782958763395672,7.671699577017804,2
Suburb,Rural Route,18,65,10.734897346441754,0.036361847082720944,10.429894918838475,0
Rural Route,Suburb,12,45,29.56860781725683,0.19713320379048893,10.729570728032474,0
Highway,City Center,6,63,11.945384806927947,0.31909517869500137,13.72461564946546,1
Suburb,City Center,11,28,34.90125360603547,0.16427685614343562,6.899860269871331,0
Suburb,Suburb,2,52,14.735262891271379,4.543710170116615,7.540472744641563,1
Rural Route,Suburb,22,21,23.992856982483787,4.848111768831266,8.065576683268574,1
City Center,Rural Route,22,20,26.400875254367353,5.540787778100017,9.4285461047174,1
City Center,Rural Route,8,79,9.842556769006778,6.430805554555574,10.658689711501246,1
Highway,Suburb,1,21,6.092265632302947,1.3538981817394649,11.290518219935922,1
Rural Route,Rural Route,21,50,22.828832000341794,1.5101500088568696,4.353008275152128,0
City Center,Suburb,8,34,17.22758369767536,0.2804340775508063,13.58499486771252,0
Rural Route,City Center,11,12,24.984490078842043,0.29480177677314195,11.408648657283392,0
City Center,City Center,11,12,6.543419206953605,2.963465758491846,12.648139183482517,0
Suburb,Highway,14,93,16.43242832094216,3.872124773641451,2.8333207811610777,1
City Center,City Center,1,37,18.181623584080977,3.0715798050966097,12.495693245810338,0
Rural Route,Suburb,17,32,-4.374697364405925,3.598485176045792,7.014805366678596,0
Suburb,Rural Route,12,57,29.954572709571664,0.6475038510193304,8.647828830621162,0
Suburb,Highway,13,76,12.42558154883908,1.2549652784375414,14.302017488296933,1
Suburb,Rural Route,4,51,34.9916134167259,1.2294092281655618,11.972785760880472,1
Rural Route,Suburb,9,97,13.071692820858573,10.71333548807468,7.9699350647684595,0
Highway,City Center,11,49,14.786732640070488,5.958852686175977,12.388573184540684,1
Highway,Highway,9,15,7.58087881439522,1.8250262840493627,11.082415378216236,0
Highway,Suburb,23,29,31.466127310885955,0.29693768150783567,8.77792181258716,1
Rural Route,Highway,10,20,24.541618495101982,0.5984192903730932,11.427364273868868,0
Suburb,Highway,1,36,34.00135711132506,0.9043637447076185,8.865480116324772,0
Highway,City Center,4,30,17.92651006561654,4.130472389250402,11.160760245288387,1
Rural Route,Suburb,6,22,19.58284253216921,0.374183730240528,11.122522853746773,0
Highway,Rural Route,5,95,3.1798676822967096,0.4962738921295198,11.51030087791226,1
City Center,Highway,21,44,13.759556231304902,0.8596734713242081,15.773008561658177,0
Highway,Highway,22,56,21.704986547672892,5.232132603207802,12.835774347761562,2
Highway,Rural Route,2,95,23.872008374664055,1.4016011495226168,12.999939998472653,1
Suburb,Suburb,12,37,38.23937473305267,2.0816456886589467,8.419289274503315,0
Rural Route,Highway,2,30,1.490528437577467,0.9795093834918669,5.447842394072593,1
Suburb,Highway,23,27,22.29454750803878,0.41779627921137213,9.43692660244754,1
Suburb,Highway,20,40,16.23762723902694,0.5041165058930256,8.540858575222899,0
Suburb,Suburb,5,69,20.75503593238282,3.245768017915116,11.798832690597605,0
Suburb,Suburb,10,46,21.027162513102272,4.4788833075587435,9.407027681692117,0
Suburb,Rural Route,16,30,18.08815437749766,1.358787018389378,13.978672440636549,0
Highway,Suburb,9,23,8.668920818665402,0.8832040876618026,4.7824817338664865,1
Suburb,Suburb,11,98,6.812228094938352,3.29880322294963,9.161977448334087,1
Suburb,City Center,16,69,17.350882152035062,2.2361699642921544,11.118376830334935,0
Rural Route,Rural Route,3,32,5.793825029850428,0.08346560478809303,7.073345609165884,0
City Center,Highway,1,38,18.870957208651163,0.8638468212885679,12.715179743383949,1
Highway,Suburb,10,56,17.466305578610765,2.2924960018344,12.617110058107446,1
Highway,Highway,6,39,-4.500353017098668,1.7051292389163586,8.706277110162706,1
Highway,Highway,1,99,39.336130761725315,7.639554016901527,17.946670045570798,2
Suburb,City Center,17,93,20.772576661459194,4.021553762927628,6.646576523414796,0
Suburb,Suburb,20,47,-4.373901401745389,0.12319430131761314,5.960847259351732,0
Suburb,Rural Route,3,92,22.471329322088543,2.5875690384622434,8.57729790197586,1
Rural Route,Suburb,7,36,17.966106806484706,0.8199302731224064,10.570875574040883,0
City Center,Highway,19,98,6.822343102793294,2.2919280052480375,5.160264531526702,1
Suburb,Rural Route,13,96,23.093029407742588,1.9206136969099956,11.857761760695638,0
City Center,Suburb,11,24,10.578461448103983,1.3985327660858724,17.380880553552615,0
Rural Route,Highway,21,68,21.930326288324473,3.833959166627718,5.820966943950301,0
Highway,Highway,20,12,12.984903266108297,2.4667336132785547,10.589250534250215,0
Suburb,City Center,17,19,10.944208825200143,4.406477312454319,12.87385766920058,0
City Center,City Center,10,88,19.84466151964581,0.6614679613848201,12.297045742564077,1
City Center,City Center,7,89,3.7790702182953204,0.8558126521093972,16.47521746083401,0
Suburb,Highway,1,26,19.174627743898835,1.9454647748782323,8.5918726374802,1
Highway,Suburb,14,92,26.5725377801299,6.79029766385599,15.957954129292379,2
Highway,City Center,8,20,32.70610790735542,0.9290997738204901,9.819210158248419,0
Highway,Suburb,18,57,30.885682139941423,0.06565319047099061,8.46934097838469,0
Rural Route,City Center,19,14,33.53330515855326,1.1807767323063232,15.637405694294209,0
City Center,Rural Route,7,78,15.452859737703843,1.5702160265172365,8.896850411856366,0
City Center,Rural Route,18,73,9.753642484951895,3.228774366785342,13.213465516335006,0
City Center,City Center,4,23,28.15356361603539,2.6083266003555394,8.521985249292708,1
Rural Route,Highway,10,59,14.831066590117636,6.685631340084646,6.1778451151339855,1
City Center,City Center,14,35,20.06262280260222,3.052794120211468,6.186246792190635,0
Rural Route,City Center,7,81,27.468670108353805,0.7094349707881166,12.116832559215034,0
Highway,Highway,18,78,40.21097770387185,2.0509856281524104,6.808220786018472,1
Suburb,Rural Route,22,16,25.28800510118048,2.2309545736369385,9.369738377276516,0
City Center,Suburb,7,25,22.051029824506518,12.449836956898697,8.05132725918231,0
City Center,City Center,18,64,8.788891160096322,0.2987128408826859,7.3635993904335555,0
Highway,Highway,17,87,31.69355423558693,0.4247175895860809,7.7294041674930325,0
Suburb,City Center,9,65,24.086428607881064,0.3380533983611841,10.621801028631701,0
Rural Route,Highway,6,13,16.528580298355703,1.7786166767218634,1.066235289573072,1
Suburb,Suburb,8,57,15.495816458605717,0.29074778604696677,12.532234757442701,0
Highway,Suburb,0,26,15.931373790599903,2.1342720629320913,6.115184726350692,1
Highway,Rural Route,18,45,20.439652027782433,3.256976964008228,6.497747692515309,0
Suburb,Highway,4,79,5.4099299352986225,1.134061657778774,5.66798392974995,1
Rural Route,Highway,18,89,32.18022804719644,1.6450775395098398,10.807511383426744,0
Rural Route,Rural Route,0,47,30.346733973054555,4.877315613598289,14.391702242867202,1
City Center,Rural Route,14,71,18.325116484595416,1.6859221709702665,9.593076004554524,0
Rural Route,Highway,15,57,15.953505171298412,0.4679175310303969,11.310655973906261,1
Suburb,Rural Route,22,19,19.76822295215139,0.8407325576215748,11.616533688453025,0
Highway,Suburb,6,45,21.465618255865394,1.5093891201654428,12.22359102781676,1
City Center,City Center,11,38,16.99903303914582,0.3365951533879645,6.989280354028329,0
City Center,Suburb,7,87,29.990850599828963,1.8961812390332276,14.780370158679835,0
Highway,Rural Route,4,13,5.758918289914341,14.380480118970286,8.998113624238385,1
Rural Route,Highway,9,53,12.880638300652636,2.114182475149648,10.843179522583414,0
Highway,Highway,20,65,27.75241991864059,0.9317400296734853,9.550075311255519,1
Rural Route,Suburb,4,51,23.2427654247887,0.8061753479345132,8.663567185372752,1
Highway,Highway,16,22,13.204587495916229,5.364862063326489,12.818704863083987,0
Suburb,Rural Route,4,55,24.004684666970302,4.103875183120146,11.905332319903462,1
Rural Route,Suburb,21,91,12.070395549135725,1.278676861923886,3.4414829075304407,1
Suburb,Highway,14,42,16.898841692207746,0.8720998773794976,11.257472370687758,0
City Center,City Center,12,30,30.437189455424534,2.4789532337101003,16.292873849129457,0
Highway,City Center,0,89,29.33083577065181,0.7552207825963057,10.557206735935594,2
City Center,Rural Route,10,88,22.88236757763924,0.2543109123576978,8.467523856920959,0
City Center,Highway,22,66,9.488509627467334,0.7425686065289837,8.849631934536728,1
City Center,Rural Route,0,78,16.223448499052303,1.1393685483216323,8.314224726242031,0
City Center,Suburb,10,79,20.964656428093736,0.5898467912772372,6.552928470780059,0
Highway,City Center,17,76,34.55421388065267,0.48876942649694166,9.44596405772029,0
City Center,Suburb,17,57,2.1763056635729434,0.01231818197045315,9.432340020928564,0
Highway,Highway,20,85,11.278559531001406,1.9930653180530673,11.800488953875421,1
Highway,Rural Route,15,42,31.286033921221758,1.9061632987901744,8.43253284048147,0
Suburb,Rural Route,12,45,33.60167077793996,0.4165720406038342,16.032776978329377,0
Rural Route,Rural Route,6,42,19.302862627221995,5.7523486257497565,7.1898832980968015,0
Rural Route,Suburb,0,40,35.384007412232435,1.053811442698642,10.44178284306392,0
Highway,City Center,15,30,12.666288455785702,0.05161931133292505,7.757281670608781,0
Suburb,Suburb,0,36,4.907605959363806,0.49633797656010087,8.3839987751537,1
Highway,Suburb,16,81,27.90230275679128,2.355749249584254,9.161620478721758,1
Highway,Highway,5,71,32.947049096121944,0.4503409553108779,10.611439687968645,1
Highway,Highway,1,35,32.78029191982128,0.11084035205133078,12.40870660504906,1
Suburb,Highway,16,75,11.365553937874216,1.9231318240107336,8.603060976827877,0
Rural Route,City Center,5,21,21.993798628190014,1.4610950320848082,5.509523807257274,0
Suburb,City Center,13,31,28.398180469600433,2.864809262058717,14.10891091688641,0
City Center,Highway,17,26,23.009777132316948,2.9623654789783465,7.068573233631437,0
Suburb,Highway,5,16,34.463567091461435,6.434516956343972,9.26052847244147,1
Suburb,City Center,9,77,15.949541427987235,0.11741520199054978,10.165432790761539,0
Suburb,Rural Route,23,46,19.293841896784908,0.07953972103611255,9.69340373012892,0
Suburb,City Center,17,47,22.36190461505497,8.716159023613837,5.764219080957714,0
Rural Route,City Center,8,20,28.325541392362013,2.0704181355254327,12.5861567050013,0
City Center,City Center,7,10,18.05540268798197,2.513134167624361,1.5452304635121354,1
Rural Route,Highway,9,34,29.274341439334087,0.20291853693474002,12.939370573718504,0
Rural Route,Rural Route,16,51,36.04624708054946,0.14473861084936201,13.469106733987564,0
Suburb,City Center,22,61,14.819288475983289,0.3493106605351986,12.709601261395537,0
Highway,Highway,5,33,18.353406202900963,1.114421973369543,9.087283685707593,0
Highway,Suburb,13,62,29.677595917761536,0.23346358795837346,10.38822510629718,0
Rural Route,Suburb,21,65,39.275283741370764,1.1823863866614208,7.992181281584456,0
Rural Route,City Center,21,72,26.359592853811204,1.648954695212034,10.206010077775769,0
Suburb,Suburb,5,90,12.137637299657854,0.0006660466624447944,11.88747003762573,1
Rural Route,Rural Route,6,17,21.981722697231174,0.24263120494164897,6.714881332787456,0
Suburb,Suburb,11,68,29.601933517654913,0.9406319697045504,9.597136806669436,0
Highway,Suburb,2,54,11.874314326271268,0.10960899278595058,8.568403744177107,1
Highway,Rural Route,13,36,9.216197966606918,0.28665321512102815,13.51860196098147,0
City Center,City Center,21,61,16.550169834437114,0.5274009287556991,7.176839614335462,0
Highway,City Center,18,27,26.59633548438592,1.1228397782823345,11.878471216295761,0
Rural Route,Rural Route,22,95,6.307857541579478,2.5093900529929543,9.841709545258801,1
Highway,Rural Route,15,25,13.06921212328427,0.28471442154485616,9.62721568763713,0
Suburb,Rural Route,6,75,22.736598851473396,2.678505330475235,11.96823818891966,0
Highway,Suburb,7,14,30.905187536488164,3.862880899859044,8.848037235705064,0
City Center,Rural Route,17,91,22.902107430954356,2.108112246957916,10.309811166377905,0
Highway,Highway,12,12,23.746847839326907,0.08942095523658519,13.333311697969982,0
Suburb,Suburb,20,90,30.049217190497608,1.1619729503214271,7.669087804110109,0
Suburb,City Center,8,89,35.972578104763116,2.1580076053352037,10.81292769942259,0
Rural Route,City Center,9,79,34.85511886865473,7.680626884998578,12.644045005729,1
Highway,City Center,20,16,-0.4136159606797776,6.065140598805503,11.400814157689371,0
Suburb,Suburb,22,59,20.980579124678773,1.0073794712363704,13.843550669485523,1
City Center,Highway,8,23,29.12515864418087,1.913866486177362,9.640473750176515,0
Rural Route,Rural Route,14,47,36.9978673102124,4.429425874790346,12.014292289678469,0
City Center,Rural Route,19,88,26.40986611185234,3.5562605092449955,13.308143470837907,0
Highway,City Center,1,56,11.408137021395484,1.3056304551738358,4.925241231412713,2
Highway,City Center,12,42,12.72987131563088,0.6055679509940156,8.779661987169927,0
Highway,Suburb,1,52,13.00968239070584,0.2949128156279155,11.137203689513338,0
Rural Route,Highway,18,38,23.075188812506088,1.3387837901815078,12.761792722528245,0
Suburb,Rural Route,1,66,15.201779483755459,2.5663630416573713,10.73062247563929,0
Rural Route,Suburb,2,14,-10.446621650731196,6.9978219670190684,14.189930162677435,0
City Center,Rural Route,5,69,8.21710986071562,3.9583224462506332,8.397485975956695,0
Rural Route,City Center,2,79,15.55750878480871,0.45691769312228014,6.295367567010401,0
City Center,Rural Route,9,11,6.375175100784563,2.5443471707877645,12.384061141622325,0
Rural Route,Highway,23,79,7.864705519091981,0.6824505396205794,9.661004102824803,1
Suburb,Highway,5,52,40.509706304906956,2.3006909033584955,7.4866405276650205,0
City Center,City Center,22,13,19.913781058356033,2.1920640037109997,15.125253343243951,0
Highway,Highway,15,65,16.138852906215078,0.6360917866365939,12.240649205998718,1
Highway,Highway,16,68,26.673434277253705,0.5341611501576823,11.953444933915955,1
Rural Route,Suburb,18,98,31.460694226503847,0.21949081404649906,14.779829517023064,0
Highway,Rural Route,2,18,42.40615664455086,0.10372298904878181,8.838738899966865,1
City Center,City Center,17,12,37.05373018030109,3.9102194957870844,14.240346206849422,0
Highway,City Center,6,99,24.348088296250044,0.10226954997860047,11.255532540366575,0
Suburb,City Center,8,57,4.671920996567941,0.18585660381330657,8.231059474308365,0
Suburb,City Center,19,52,9.975176185930106,0.545855011100424,9.979023248488408,0
Rural Route,City Center,11,10,15.981415533251864,4.372420825427619,10.559753423437975,0
City Center,Highway,4,66,25.065632050693992,0.8097516448087648,13.338148669069472,1
Suburb,Suburb,2,62,20.94316521278431,0.4258903575424251,5.949966103820387,1
Suburb,City Center,10,25,5.26973261421551,2.5144342174988035,4.7545939976064755,1
City Center,Suburb,3,60,3.4824897232948224,0.7685908162714968,7.637315210997153,0
Highway,Suburb,4,84,22.590080535837398,0.8110301329407139,9.7967930988608,1
Highway,Highway,0,99,21.20040550349421,2.68629040989209,12.14329832335838,2
Rural Route,City Center,17,64,17.9012313238849,0.5797765168715892,8.626499049532702,1
Highway,Highway,11,10,24.829260540400924,4.541398732433083,11.2514339787914,0
City Center,City Center,12,99,32.46812460894594,1.6484337393213007,14.809413795480339,0
Suburb,Highway,8,37,23.100689366658237,1.5436523853919042,4.902192757148123,1
Highway,Suburb,1,62,10.583496452024034,0.6150954828501809,9.59188206215176,1
Rural Route,City Center,4,67,39.15219635669948,3.604763453921772,17.25839871091875,1
Highway,Rural Route,12,82,18.23691517376661,1.7007698115585375,7.867842188536564,1
City Center,Suburb,15,69,20.499976329275267,0.33806027568136615,7.549340819650844,0
Rural Route,Rural Route,15,68,13.463419616737031,0.46209500390774444,11.563185268952807,0
Highway,Suburb,23,31,9.255864513367174,1.263185873982136,8.410714260247588,1
Rural Route,Highway,2,17,10.070056464282702,3.0250019531793164,13.227354602060055,1
City Center,City Center,21,58,7.872057529314416,5.603467438635994,17.4252547168852,1
Suburb,Suburb,3,51,-10.099410802239156,2.1783061194067987,10.22419954161999,0
City Center,Highway,10,36,18.437402744765652,1.4110195654183328,18.213101404721613,0
City Center,City Center,22,48,31.02348855495763,0.5773170380733063,8.641190997397489,0
City Center,City Center,13,92,10.15687566573302,2.2347827978623824,9.497107705295367,0
City Center,Suburb,2,34,45.59487889452725,8.061585589050802,7.120448569632872,1
Suburb,City Center,15,47,33.86377807280607,1.2933765129138288,8.649630382489736,0
Suburb,Suburb,21,94,19.817761655292784,0.35381299877042777,9.283891820494633,0
Rural Route,City Center,14,33,8.889181782887166,0.21815835698635994,11.241960480877394,0
Highway,Rural Route,9,33,4.029021187203764,0.6273846712956541,6.261788307882769,0
Suburb,Highway,8,69,18.86316324810896,1.6853465626115856,8.447374959619605,0
Suburb,Rural Route,10,92,20.681206468487993,5.8675930643464795,8.523426953141712,1
Highway,Suburb,15,59,17.95612885873558,0.7109658324127629,12.68063467291665,0
Suburb,Rural Route,9,75,30.69323120292642,0.7288128567503491,10.34993380691692,0
City Center,Suburb,16,23,34.9708209624022,1.3123952394749947,10.35047241817537,0
City Center,City Center,18,62,24.726738915535233,5.0153436855310565,10.249769442935259,1
Highway,City Center,1,41,25.26465973254551,1.086198556127286,4.7661543745585195,2
Rural Route,Suburb,23,57,16.84444737807704,0.5052203996459825,14.821843559320872,0
Rural Route,Rural Route,22,48,19.950819249333748,0.35617526100212266,7.225184762167981,0
Highway,City Center,1,49,24.1163345340735,1.221348527635978,12.670227608560442,1
Highway,Highway,5,51,16.832618372338686,3.2256616811222556,9.324483660662635,1
City Center,City Center,18,86,26.608471707994493,0.6887938415259136,8.165646198271062,0
Rural Route,Highway,7,85,9.438242847622117,1.4370228581401046,13.131110545941127,1
Suburb,Rural Route,2,17,12.677977147001737,1.847679671696885,6.418959022062675,0
City Center,Highway,13,88,9.530869036562144,1.1973853213032177,6.672780782429056,1
Highway,Highway,15,35,13.313778860245339,0.4256198585294552,10.472428544705382,0
Rural Route,Highway,0,21,17.127157747099968,5.095582434055726,10.561742144856334,2
Suburb,Highway,20,52,30.29091136687324,1.666885012395964,12.458502452309599,0
Suburb,City Center,2,60,20.414321819569924,2.612264925386863,12.149676440143342,0
City Center,Highway,21,91,7.156922682149151,2.0214391302655765,9.791934402687533,1
Rural Route,City Center,17,72,5.980395327597739,12.477823843964645,10.31339952949093,1
Rural Route,Highway,8,58,15.840024710824066,1.2187525895321774,9.564197207555123,0
Highway,Suburb,5,36,28.344010299778986,1.1066743858052408,14.253526582396605,0
Rural Route,Rural Route,22,18,34.0297694479464,0.8930113345551343,7.053843068978919,0
Rural Route,Highway,20,48,4.092350030638073,0.8976696260145935,10.094937405560705,0
City Center,Suburb,0,74,23.72352464470059,0.6452930968827912,12.308573861196008,0
Rural Route,Highway,20,80,15.981275385240751,7.888072524856077,13.329910096853055,1
Suburb,Highway,9,99,16.757792150764836,4.092509287819775,7.99680179565884,2
City Center,Highway,5,80,9.35758121090473,0.7615635422159133,7.088421847267886,1
City Center,Suburb,22,16,17.799367525470895,0.7283460967632692,6.275669444610726,0
Highway,Rural Route,11,81,8.908205401130383,0.21858979525218042,8.971134862225384,1
Rural Route,Suburb,3,89,17.341490765156465,4.191643707082326,10.762541572534825,0
Highway,Rural Route,12,76,31.48257842584541,0.9296853027106524,8.583458631748412,1
Suburb,Highway,16,19,26.312375199893673,1.7001419003752583,12.097605500646527,0
City Center,City Center,7,80,39.13751610688979,4.612739067548905,9.80332869785215,0
City Center,Highway,19,94,25.263572297019977,1.0488373457334796,11.828508436716898,1
City Center,Rural Route,2,62,21.74518069496808,3.288763221734746,10.44153474545973,1
Suburb,Suburb,11,96,25.528956075123844,1.125240284854947,4.944229666954631,1
Suburb,Highway,6,66,12.242018305846932,2.41422839345778,6.5504591282934115,1
Highway,Suburb,11,95,-0.8602834876074468,1.128397974705987,13.471339445261655,1
Highway,Suburb,1,36,27.96171151464072,0.9976595074146845,7.189162854062358,1
Highway,Suburb,23,63,2.046709152629326,9.357469747905757,12.555826064650471,2
Rural Route,Highway,13,13,31.21601055297582,1.8953040014846267,10.37873237476741,0
City Center,Suburb,21,97,27.50813743341816,0.9158060566272546,7.046354916215208,0
City Center,Suburb,22,32,11.5047885428956,0.5963255461394251,12.248935069995689,0
Highway,Highway,4,57,15.63910336877738,0.08115731956880777,8.566976963658062,1
City Center,Suburb,8,92,19.884613938758662,2.4522073935496094,10.45468666754329,0
Highway,Highway,20,51,10.778286825796622,0.9309316515589439,9.370436649067923,1
Rural Route,Rural Route,10,12,25.405201893489707,3.443580783093084,1.887410059371721,0
Rural Route,Rural Route,4,12,26.28669781582193,0.9046998282120883,12.021260645338467,0
Suburb,Rural Route,2,37,5.570385598532626,0.93466780803137,12.301544205396596,0
Rural Route,Suburb,16,72,11.768909928844863,3.0208238931406397,8.517790474012228,0
Highway,City Center,1,90,19.631931540269722,1.3445986572563478,11.927080497091772,2
Rural Route,City Center,23,40,31.405803309703902,4.323817061524834,7.38474104295418,0
Suburb,Suburb,0,19,26.522849956480286,1.7838585760552812,7.4459161799760984,0
City Center,City Center,6,58,-3.3091830152598725,0.5505712893288128,10.718835173938814,0
Highway,Highway,13,95,17.08005822284173,1.6799183623735219,7.911569649213215,1
City Center,City Center,4,30,24.726736170034435,0.008019408128635951,9.6124648465907,1
Suburb,Suburb,18,62,12.000401825470451,0.7490883748902566,7.182961300524855,0
Suburb,Suburb,10,96,11.225876446015063,0.4662674256781889,6.146259757182514,0
Suburb,Highway,22,85,12.530453170116974,2.123719173271467,10.623131088206726,1
City Center,Rural Route,1,98,16.920228749088825,0.2924543360074106,10.651134552359064,1
City Center,Suburb,7,63,10.209065793235794,0.6852551346521951,10.057616257460092,0
City Center,Highway,8,66,26.599303697273864,0.8048650849441878,9.128145833905215,1
City Center,City Center,2,29,11.392985308880101,0.006597326953912885,7.889224264777624,0
Suburb,City Center,1,58,9.638412580180834,0.0957909224020044,6.756449440327415,0
Suburb,Highway,6,16,16.01308099971073,0.7453941683996345,6.638804959748855,0
Highway,Highway,4,38,34.78916554047583,0.5029740517006507,8.188372478541586,0
Highway,Suburb,20,57,25.252798684907827,0.24864893034612925,13.063847179933559,0
City Center,City Center,4,22,25.88863834450737,0.33485404159066745,10.69300482511482,0
Rural Route,Highway,19,12,22.86251271300776,3.6101388465275313,11.080751369235703,0
Rural Route,City Center,12,11,10.530190554670208,2.2997242765000787,6.232870120612805,0
Suburb,Highway,20,25,13.599342163994766,1.3237526254077079,10.55714516349249,0
Suburb,City Center,19,15,11.900040689466143,4.791041266189095,11.011202022257741,0
Suburb,Rural Route,5,54,30.91560001885295,0.05999654692948974,14.757592199231345,0
Highway,Suburb,19,80,22.95336731282777,0.8460414276866137,9.943653269721667,0
Highway,City Center,17,14,3.326942973046286,3.467551590397314,8.818633719407385,0
Suburb,Rural Route,1,65,34.52653078384693,1.9792771875830113,7.700815663880307,0
Suburb,City Center,5,80,16.680485688887405,8.000335629963732,10.179233142985245,0
Suburb,City Center,8,41,26.533780145202215,5.783282364924943,9.415300418661095,0
Rural Route,Rural Route,2,58,30.52337940046418,0.3725205854606421,13.367360720355295,0
Highway,City Center,0,22,-5.620686834568037,7.150172981463618,12.705991697056358,1
Rural Route,City Center,0,39,24.545977072799452,5.820386111701222,7.014768704203347,1
Rural Route,Suburb,18,34,17.474239349573,0.9355672148732364,9.933423918669256,0
Suburb,Rural Route,4,94,-4.218919972816778,8.135049892639612,17.342439990130163,1
Suburb,Rural Route,12,69,8.67472907474297,0.07300465945059317,5.602605664382096,0
City Center,Highway,18,68,15.453914583650684,2.1620392319492145,9.439707538157657,0
City Center,City Center,11,94,28.45651376767113,0.6188952777051251,12.257497197575972,0
Rural Route,Suburb,15,37,18.23762049987973,0.27729025465985296,9.287206463192243,0
Highway,City Center,18,67,21.48121314339103,1.7232969963812694,9.033942505248444,1
Suburb,City Center,2,29,16.438716371601785,0.7315764255009091,8.591191326191726,0
Suburb,Highway,11,43,30.87904274305822,2.198176866880991,6.808371242454539,1
Rural Route,City Center,4,14,25.21031156614199,1.552975198583433,9.492847505722882,0
City Center,Suburb,1,91,21.62855481784001,0.9971005531727689,13.078073210346979,1
Highway,Suburb,21,69,8.56866998803742,0.4013511186065986,6.184506840892474,1
City Center,Highway,6,52,21.198394151310442,1.8388422402224693,10.800093039651742,0
City Center,City Center,12,66,47.81871805379245,3.534882686382549,13.236989670107011,0
City Center,Suburb,14,66,27.952672864993144,1.8326038064195147,9.938039820786706,0
City Center,City Center,21,84,12.606572163675146,1.8858986498166523,8.736310368338838,0
Suburb,City Center,2,63,38.52459890213397,1.4342133169243285,12.023005363230585,0
Suburb,City Center,20,90,12.166063785427138,0.9828308440685833,7.299162456307571,0
City Center,Highway,19,54,27.14304040711017,1.2229797078946665,11.265698616742311,0
Highway,City Center,4,95,19.538001692487352,9.120729638335703,9.500388504586365,2
Rural Route,Suburb,23,46,21.82129086312225,2.7699384957830273,10.187927209617229,0
Highway,City Center,7,93,22.188297181597726,1.1262018318198528,15.02959816680142,1
Highway,Suburb,21,57,17.52431573588404,1.2223839287036136,13.468561132690716,1
Highway,City Center,0,63,16.106602923283415,1.384822933526416,14.444604991385178,1
City Center,Suburb,7,57,6.831659154368365,2.153589235161146,7.546129772350385,0
Suburb,Suburb,23,15,8.749809697894639,1.2545624600017304,6.934767462638416,0
Highway,City Center,17,43,23.33963699278217,2.317865793452998,11.40022870253703,1
City Center,City Center,19,72,13.172856838465837,0.7985321437389984,10.972069745234844,0
Highway,Suburb,15,87,10.899901115450959,1.0574349044749611,4.070620545553515,2
Highway,Rural Route,17,57,48.27323900588019,3.9909821847629185,11.012896797972305,0
City Center,Highway,19,32,44.89345425274571,0.7976910957454565,16.141937388969588,0
Suburb,Rural Route,11,93,25.808240946462814,6.672884009172909,15.6911600298094,1
Suburb,Rural Route,12,22,27.21511738088822,0.37870429995653326,7.900906581055411,0
Rural Route,City Center,12,56,11.875833589368284,0.5532991516191976,12.133089162671999,0
City Center,Highway,9,53,8.147590613954169,1.2460476327930665,7.332910867232382,0
Rural Route,Rural Route,6,41,16.596641739061923,3.1931295169144978,9.712302768524792,0
Rural Route,City Center,13,35,20.002965542745496,2.630371026074056,7.539302578017395,0
Rural Route,Rural Route,23,62,27.130775595362863,0.3834497012955791,6.492952754326295,0
Suburb,Rural Route,15,23,1.6966349893349104,0.5401690457549045,12.64987441218475,0
City Center,City Center,14,61,41.47247167895496,1.7125701987175057,10.859481840433014,0
Rural Route,City Center,11,45,22.480247166855342,0.6995823695046954,11.332334171873754,0
City Center,City Center,8,17,4.493032994514577,1.0974888277739123,11.899102870916755,0
City Center,Highway,7,49,21.574747953488597,1.3333773312579702,10.591753882241244,0
Suburb,Rural Route,17,95,10.975491369062746,1.8040164550704656,6.887123844192104,1
Rural Route,City Center,22,31,10.274599032567464,0.5781696435274917,10.631173679242254,0
Rural Route,Suburb,17,25,9.375981128255297,0.3561973161221834,9.34639378551964,0
City Center,Rural Route,12,69,17.43514038180835,1.0168682639735596,9.42579075597216,0
Highway,Suburb,17,69,41.02715690754178,0.1711729123010599,7.169065932487939,0
Suburb,Highway,14,19,20.92665338644107,1.4963270933018984,5.4813844443713595,1
Suburb,City Center,3,34,26.938898059299213,3.660233497747188,8.298293881201387,0
Suburb,Suburb,16,40,29.385142818314755,0.25334005017581324,11.636078549325388,0
Suburb,Highway,4,30,18.55243671440813,0.2392130917735161,9.791790117122687,1
Rural Route,City Center,21,90,8.38979981558662,0.16723674973037356,15.34951415263108,0
Rural Route,Suburb,15,42,4.0125831658383895,3.7659252138327863,9.803428209603817,0
Highway,Suburb,8,40,16.125478163331707,0.1682961855040793,10.584737118002748,0
Suburb,Highway,9,99,31.439363133819477,8.204193310532366,10.049862023218179,2
Suburb,City Center,23,30,29.353921500496277,0.8873662856469325,6.812058818511801,1
City Center,City Center,17,45,22.56380628026109,0.7972634950037256,9.935617226778975,0
Rural Route,Suburb,16,74,23.888786165587085,0.19221084646666217,6.794971010330834,0
Suburb,Suburb,17,13,18.63175639554269,1.7620460886600158,9.794535366649072,0
Highway,Suburb,6,77,15.185180062120033,1.7632096687946508,4.720193869643628,1
Highway,City Center,3,99,12.61816421146122,1.3616698855418492,9.791611149084286,2
Rural Route,Highway,4,13,5.285497556981543,0.745086499276447,10.444143607630334,1
Highway,Highway,22,18,37.97125816625119,0.9195708746889522,10.660357586498286,1
Highway,City Center,15,39,21.711209673073267,0.7728060795448286,5.696378593058742,0
Rural Route,Rural Route,2,54,15.575347443429013,1.1107619637767627,11.442155588280974,0
Suburb,Highway,17,13,38.211665357924815,0.8364567427054402,11.977054355199089,0
Suburb,Suburb,22,78,40.11982430762255,2.251046236538738,7.125499026998312,1
Highway,Rural Route,20,32,47.45158353008374,0.7013473249745167,12.956092525775858,0
Highway,Rural Route,13,25,17.51672551662091,0.8641466704795442,10.566081664632666,0
Suburb,Highway,14,31,21.05230772779426,1.1434876693125269,9.819348442341315,0
Rural Route,Rural Route,16,81,26.509559224948106,0.007939406253145808,11.703586678072101,1
Highway,Rural Route,0,57,36.62185133247772,1.3548727845897641,14.864372778562073,1
City Center,Highway,20,71,20.620231779567266,0.5909441469304719,9.577633333437468,1
Rural Route,Highway,16,69,10.166451429652955,0.1155770096042426,8.518006428530727,1
Highway,Rural Route,22,89,12.466204192326089,4.838716499707324,16.24192183739884,2
Highway,Suburb,10,14,31.774314493888824,0.7784515668786336,9.481264634505958,0
City Center,City Center,16,89,26.210351931546562,1.1105488733599553,11.099959608196267,0
City Center,Rural Route,13,16,18.270898875095195,3.512898457165097,9.479976024258102,0
Suburb,Rural Route,19,60,17.613198884136096,0.3649366649388817,5.178827541574887,0
Rural Route,Suburb,18,74,18.271344614363482,3.798361675053862,9.077428640733359,0
Rural Route,Rural Route,20,18,32.390390298886004,0.5531887326301547,13.333528907121304,0
Suburb,Rural Route,6,91,12.110470538877744,1.7785085248944756,7.5705530841859225,0
Rural Route,City Center,23,54,7.865888991806544,2.314677100581403,13.954888346342557,0
Rural Route,City Center,12,56,38.16808773579125,4.708050393531457,12.290930291984553,0
Rural Route,City Center,17,76,20.250544720396604,1.8711407647821392,6.98717902122288,0
Rural Route,Highway,22,33,19.206712408579513,1.20746066931369,6.386763422383877,1
Rural Route,Highway,13,19,26.70992119717739,1.6985232188232298,6.303415658004306,0
City Center,City Center,0,82,10.110896414654176,0.4515000472782254,8.7739951422392,1
Rural Route,City Center,6,86,27.504960007764772,2.3364028238618366,6.731203448957113,0
City Center,Highway,7,57,16.172727606692273,0.4137549091048152,13.65944313729085,0
Rural Route,Suburb,17,44,31.256725366840076,1.629489217895063,6.449328956328845,0
Suburb,Rural Route,8,63,4.662658983298186,2.085997549519621,7.324872951536205,0
Highway,Rural Route,0,96,24.50666187966131,4.577032655779583,14.556546412223165,1
City Center,City Center,21,90,17.687674288093923,1.1963643969412276,9.20970146400517,0
Rural Route,Suburb,16,80,12.95356701876668,2.9862739632317066,11.264405264094377,0
Suburb,Highway,18,25,27.71344579212739,0.3667173607717621,11.393544945654174,0
Highway,City Center,5,62,18.516780771464482,0.3396712123907952,5.636698430302412,0
City Center,Suburb,2,49,24.660127981568642,1.4880306621202715,12.408335341918061,0
Highway,Suburb,23,29,32.65711920786303,1.8143684698880294,11.839843066528985,1
Suburb,Suburb,4,97,27.91495644220616,2.0011990232505754,11.957529200192214,1
City Center,Highway,1,78,9.196288649528604,2.7382770711382785,7.96397143995709,2
Highway,Highway,19,54,14.582537449895108,0.6989206008220642,10.860853097153203,1
Rural Route,Rural Route,3,15,24.592913467518883,1.948940213830688,9.481182603384037,0
City Center,Rural Route,9,78,27.93876901573624,0.4168525690831361,10.279412988233577,0
Highway,Suburb,9,58,16.090437240660975,0.4943543915958429,7.668342768796138,0
Suburb,Suburb,23,48,21.978534795278552,0.13936240603811187,9.42926651980489,1
Suburb,Highway,20,11,21.9158710639397,2.7487362140223506,12.930705197273326,0
City Center,Rural Route,10,48,23.308991850550832,1.4144636923766651,4.222084651421953,0
Highway,Suburb,15,30,8.210526292339534,0.5441049222661049,8.902132644342108,0
City Center,Rural Route,16,49,5.8496786947052115,1.6249325563626826,11.916276897416033,0
City Center,Rural Route,15,91,-2.592370135613983,0.8746553377078313,6.736424735403796,0
Highway,Suburb,6,63,21.0556109538991,3.6305874025586005,11.20105953773804,1
Highway,Highway,15,21,6.358097728524401,1.5021792985144813,11.407106397015909,1
Rural Route,Suburb,2,90,41.36725635715094,0.06052819088354288,9.540538522663958,1
Highway,Suburb,15,46,26.54116054466263,8.412155526044284,10.9037433602279,1
Suburb,Rural Route,7,47,8.181330608887452,0.15440698363945826,14.885931654019421,0
City Center,Suburb,11,24,31.351307437766106,2.381180101040532,7.982915781963438,0
City Center,Highway,2,16,31.37498302837262,1.1498603508842555,5.836490338833278,1
Suburb,Suburb,16,87,32.187241549253486,0.573545789145468,8.726560202026567,0
Highway,Highway,20,59,11.919283044951953,2.2568541363188106,7.016501759422599,0
Suburb,Highway,17,74,27.160543348921742,0.2691149318983402,11.155073121537365,1
Suburb,Rural Route,10,76,32.35667286009331,3.9073340906665726,8.633474361282985,0
Rural Route,City Center,3,53,35.708571497571995,0.5769967735263507,11.839335856839115,1
Suburb,City Center,15,40,4.762571650336358,0.8971220545229146,10.873553345414926,0
City Center,Rural Route,16,52,17.823658930904408,2.002845767632249,7.944377314924772,0
Suburb,Suburb,8,86,11.559908154878624,0.0020596913488615727,7.232214659138808,0
City Center,Rural Route,5,57,38.64124265092114,1.2801556632604947,5.820833163415579,0
City Center,Highway,23,91,24.91057333854465,4.493334525083998,13.154198932764947,1
City Center,City Center,19,90,28.91247804382246,2.281468012885867,11.57335742800414,0
Highway,Rural Route,1,90,24.763553557016152,0.9817204146656591,8.767587792947364,1
Rural Route,Suburb,8,70,23.752855844068574,2.1601175184831654,11.818769021703543,0
City Center,Rural Route,20,84,11.367118790399127,5.515618553484792,6.686905661926673,1
City Center,City Center,5,93,15.534905771531157,0.4160304199331272,7.375427351668451,0
Highway,Rural Route,2,19,20.715153645013054,1.5177536593293635,7.075728161482218,1
City Center,Rural Route,19,38,13.514142893617255,0.5350729457666449,10.82981161202776,0
Suburb,City Center,5,57,11.668282102382546,3.85137693325771,8.186076054053427,0
Suburb,Highway,6,90,17.94322727053887,2.5534472533007313,5.637787748178769,1
Rural Route,Highway,0,71,13.948559913219029,3.229664071684129,10.273978200483494,1
City Center,City Center,22,22,20.498170901774344,5.729823942492775,11.719077657335763,1
Highway,Rural Route,0,53,15.571295855329485,0.5287353585204788,9.592167198608502,1
Suburb,City Center,4,56,13.151413405099934,0.09989192387590037,13.419246922345637,1
Highway,Highway,5,73,10.723758396861777,0.6875279300215263,12.408377873577555,1
Highway,Suburb,12,62,20.06095920045641,1.0187843320761152,13.356035539582926,0
Suburb,Rural Route,1,99,28.88298273857412,1.962510989935134,12.351332682825522,1
Highway,Highway,14,86,26.508715539456055,3.196052176163192,10.707595483033746,0
Suburb,Rural Route,14,85,4.730898149110978,0.8609606562055829,6.268435890692525,0
Highway,City Center,12,53,28.597507610109076,1.2829964484555367,8.961607135834855,1
Suburb,Suburb,13,37,26.438090319533927,3.078585892264433,8.462754137620939,0
City Center,City Center,21,11,28.872734063974583,0.5106330052324691,7.334504597879693,0
Rural Route,Suburb,6,66,30.836123303033254,0.48958217506050244,8.275569764524437,0
Suburb,Rural Route,13,66,12.72346176216999,1.7794582209146221,5.606655175092339,0
Suburb,Rural Route,23,43,17.001972330401813,1.14560359178119,12.651829362786183,0
Rural Route,City Center,9,96,37.9046351410719,5.947816441644238,6.823261545966164,1
Suburb,Suburb,16,67,37.310403814784735,0.8833161132526696,12.439830818643134,0
Suburb,Suburb,13,61,19.234114396826488,2.8505328315593657,13.980225262995026,0
Highway,Rural Route,7,38,26.031114246684936,1.749782976615758,7.701540512716015,0
Rural Route,City Center,3,44,26.90599871426835,0.11224374424573635,8.336487802457667,0
City Center,Suburb,15,84,37.57644632153533,0.1763198137067597,11.495632094980385,0
Suburb,Rural Route,23,57,23.45280389938077,0.45419393201485675,8.69053442405642,0
Rural Route,Highway,12,42,7.877131011879694,0.3089909318326965,7.60059772769346,1
Highway,City Center,21,84,15.23994071502469,0.799079862314214,11.32287333856892,1
City Center,Highway,19,82,51.33536659543324,1.7301922357044817,7.7781276877335745,1
Rural Route,City Center,17,87,7.413787426320564,1.8444292018181712,16.413242028409506,0
City Center,Rural Route,13,18,20.502791216275803,1.7723369203311494,11.685136200431312,0
City Center,Suburb,17,57,43.13533440252452,0.25023919297281694,12.007923188369004,0
City Center,Suburb,4,76,12.002567582155473,1.8337088357329947,9.730632908334337,1
Suburb,Suburb,8,92,-7.268995013263382,1.0544076575047612,15.588943267932788,0
Suburb,City Center,2,45,-5.429972642968654,4.6671747773484356,7.772098370629923,1
Highway,Rural Route,7,80,12.057860362361648,4.860477781885875,12.281992736340504,1
Highway,Highway,19,53,2.3706524761006875,2.9235348821873686,5.985403491835436,0
Rural Route,Rural Route,21,91,30.37167337262502,2.4287679667747675,16.88085755573928,0
Highway,Highway,9,69,22.68144106809868,0.24422841728289713,12.45970348394641,0
City Center,City Center,21,72,-1.3383728799837122,0.17699414910021152,7.180377928777137,0
City Center,City Center,18,14,4.046491077413544,3.6756113086252595,11.577141992434262,0
Suburb,Highway,20,96,32.401404930868395,1.1137943310819123,13.188242715257388,1
City Center,Highway,2,95,21.93159055698831,1.2006338745189546,7.317902526369165,1
Rural Route,Highway,10,99,34.33631344390557,3.7650288677646193,8.619044689624975,0
City Center,Rural Route,10,85,31.19010768352883,1.9427136320601939,7.019488541129741,0
City Center,Highway,16,49,8.4947929602674,0.3954566458497659,11.43651765402457,0
Rural Route,City Center,15,28,28.819680656685556,0.4740114501084331,10.546439027594998,0
Highway,City Center,6,56,25.628510660967102,0.01279518008478263,10.094232694153177,0
Highway,Suburb,3,74,0.3827904573703975,2.480375396960418,7.583413366682278,1
Rural Route,Highway,22,76,6.380216707714636,1.3295535411477917,9.37926996025258,1
Suburb,Rural Route,18,27,44.37670488428023,5.990021581252076,7.852832759060396,0
City Center,Rural Route,11,59,10.723597620662613,2.503616457546708,11.454090050716049,0
Rural Route,Rural Route,14,39,24.115211163331015,0.2177392435651599,6.841392952426586,0
City Center,Suburb,10,75,18.093492518121113,0.352380288614382,7.603168769280099,0
Suburb,City Center,4,14,21.837239518776713,1.3932048733092128,12.445931116296094,0
City Center,Rural Route,4,51,18.755019318937475,5.177181640269033,8.680326779960508,1
Rural Route,City Center,14,93,29.65187292943182,0.5680471189817249,15.28273521010809,0
City Center,Suburb,17,14,29.389908443529244,3.4925805056120494,10.588203025310856,0
Highway,Highway,10,59,21.179245675742784,0.7487249579219667,4.560264801330466,2
Suburb,Highway,11,94,10.955269563969779,0.6291398370624577,6.027060698865205,0
Suburb,Highway,1,67,14.312111590511876,4.633220967750665,8.229125774859146,2
Suburb,Rural Route,19,88,4.240803031956899,0.09678782872608485,12.22808123214818,0
Rural Route,Highway,14,93,16.655706982404727,2.1619831313652527,11.923444103209869,1
Suburb,Rural Route,19,17,2.335747995560805,0.08825388779372965,8.54907349469854,0
Highway,Suburb,3,40,22.18847199712406,3.2265283120694743,13.697109513219697,1
Rural Route,Suburb,21,21,22.959982286578363,3.5369183430788076,10.986193621131141,0
Highway,Rural Route,17,30,30.0525196165193,4.476528966063235,9.042602431558231,0
City Center,City Center,5,71,7.799142067521686,0.4118111197593664,13.519304363638613,0
City Center,Highway,22,99,8.478046989154578,0.2659160418987375,7.577779940492142,2
City Center,Highway,18,42,35.24701368522924,1.4004847704303212,11.665356540191823,0
City Center,Highway,10,35,6.312695370481672,0.633899434719092,11.971521327411061,0
Highway,Rural Route,23,99,40.51216219019007,1.8643193210955225,11.855306518600186,2
Rural Route,Suburb,1,49,10.761028834793247,1.4420536239480355,9.53325163821545,0
Rural Route,Highway,7,74,10.83091703919759,0.312961709012943,12.612841912046177,1
Suburb,Suburb,10,68,28.428098457137416,2.6885435679565166,15.524747241493532,0
Highway,Highway,4,24,25.4939152869773,3.2570822297342614,9.534118789802154,1
City Center,Highway,17,10,36.415368145945024,6.596001620575259,10.202520590827165,1
Highway,Rural Route,22,20,1.0869584776978662,1.0068358451872292,12.775361261099189,1
Suburb,City Center,17,64,25.336354278050834,0.8241788072179126,9.20292017251894,0
Suburb,Rural Route,13,11,19.540264456965193,0.42703668527827326,9.120993327631007,0
Highway,Highway,21,74,9.232719455660408,0.39901288189489387,6.519679227607931,1
Highway,Highway,9,53,38.81472893001078,0.7744252615240935,4.8275566300658985,1
Highway,City Center,2,25,22.353497988830906,8.014503636055235,6.595545819251594,2
Rural Route,Suburb,8,31,19.37150892627425,0.19359165005091258,12.588193448796059,0
City Center,Suburb,2,27,24.54006225593851,0.6004979513553947,6.916865331892763,0
Highway,Highway,10,56,2.7164573288723517,0.17980214400639247,11.459429525046843,1
Highway,Suburb,11,90,7.513939745789735,0.6393953390016297,14.456003451134679,1
Highway,Highway,11,39,16.673788431290475,0.19390620890000418,10.475957292821207,1
Suburb,City Center,2,19,23.16401680794285,1.4198090751686558,7.352837863186103,0
Suburb,City Center,20,67,32.746343700449096,1.1537729297174375,9.603124046361511,0
Rural Route,Highway,6,71,11.150787708009462,0.3824428799780272,11.139478984117732,1
City Center,City Center,13,94,8.867086803353054,0.3842781274482722,11.154922724879155,0
Rural Route,Rural Route,23,89,25.01426366753506,1.9675823301280877,10.351174984473055,1
City Center,Rural Route,10,15,18.64101989634473,0.9791766110550596,11.895012608904565,0
Suburb,City Center,6,76,0.7872560194338583,0.11567126987522536,12.998790018760078,0
Suburb,Highway,20,50,10.816245266171638,5.056278088154908,8.560529040304628,1
Suburb,Highway,9,52,18.182320132519212,1.0382280416859249,14.214213427784554,0
Rural Route,City Center,10,94,18.457964902885866,1.7883128014851686,10.988838593331824,0
Highway,Suburb,14,86,20.89858272833232,4.332823510335909,3.323959971960682,1
Highway,Rural Route,18,27,6.996804399533234,1.0288608842256535,9.43643509412093,0
Suburb,Suburb,15,67,18.689852544809956,3.436944106430841,9.479367574441287,0
Highway,Highway,21,69,29.470783769778837,4.924386516416517,13.240425910323097,1
Highway,Highway,20,97,-8.876343007171563,0.38248417414760005,8.25620847472814,1
Rural Route,Suburb,19,36,17.17610008360765,4.460388588739954,10.447487055574843,0
City Center,City Center,11,77,3.380292622852256,0.2552859763278389,5.742620131698383,0
Suburb,Suburb,17,31,19.677683112386624,0.643518753291947,7.509326019615795,0
Suburb,Suburb,22,33,4.952151078945821,3.3027236073291926,12.39093997765022,0
Rural Route,Rural Route,12,49,21.340745349030573,4.618908227335926,6.33594841872501,0
Rural Route,Rural Route,4,83,36.266363837334595,2.3049047311712627,12.897857519107685,0
Highway,Suburb,3,75,10.205408777956038,0.22147399619339944,13.419883437847,2
Suburb,Suburb,13,49,11.655590655055928,1.4804451944990136,13.724110894673228,0
City Center,Highway,7,15,15.301486505671992,1.70022949040146,14.635961393207303,0
Rural Route,Rural Route,8,27,23.186821532294623,0.6621807337970603,12.325548362532727,0
City Center,Rural Route,18,90,9.8095372887391,9.48790080791626,11.276370509654182,1
City Center,Highway,2,96,16.197888445447465,0.8178259609676415,11.858895888822655,2
Suburb,City Center,4,39,13.3050975463984,0.47208975662118324,10.213856708579526,0
Suburb,Rural Route,20,30,15.334725052636387,0.2333733382388653,8.879211853695953,0
Rural Route,Rural Route,17,71,23.30411322362778,0.9512427935829901,12.310323337142364,1
Suburb,City Center,0,19,25.510638295682202,2.3593325106827714,11.347204206361356,0
Suburb,Rural Route,7,22,5.231993531840288,0.5264136812306542,12.640924078671919,0
Suburb,Rural Route,18,85,23.265080976629747,2.93539253552312,9.374205657774688,0
City Center,City Center,16,18,51.45761586724521,0.29097954600393466,9.638286511018325,0
Rural Route,City Center,16,77,35.442250926786926,1.1613088711737736,10.634476103895752,0
Highway,Suburb,10,48,13.581423809301539,2.4238334820500613,9.62005745419199,0
City Center,Highway,1,33,21.31903528730534,0.2907670540105964,18.525470682751532,1
Suburb,Highway,5,43,19.664217342763155,1.8218215098513422,15.803357846113686,1
City Center,City Center,21,70,24.594547189686896,3.2084282843899077,10.012880119463437,0
Suburb,City Center,13,50,15.777854150844078,1.8104488612082512,9.607362509156511,0
Suburb,Rural Route,2,14,17.308501642605403,1.4326839206671529,11.338085828988499,0
City Center,Suburb,11,88,12.691760490194838,3.644019498557681,8.71168822190155,0
Rural Route,Suburb,3,59,30.954385785164014,8.456257116520355,8.66115592372766,1
Suburb,City Center,11,13,23.109712139127144,0.4001067667229407,10.128711780184593,0
Rural Route,Rural Route,12,60,23.185560484655795,2.351070952843813,8.885852927130788,0
Highway,Rural Route,1,61,32.18379145784841,0.16819319492038773,10.551303037981919,2
Suburb,Highway,1,48,32.331731948650294,0.08757156435192072,11.110273481284283,1
Rural Route,Highway,14,17,30.444980327018932,0.6592843460465665,0.4531562543944645,1
Rural Route,Rural Route,22,54,32.0316408211207,7.075394708455418,4.220822290426361,2
Highway,Highway,16,97,35.62668089747759,1.606797727527116,7.456882435009238,1
Rural Route,City Center,6,37,10.33380859437932,0.624691044412908,10.839006405086433,0
Rural Route,Rural Route,13,36,17.013219369550754,0.284478037325423,7.687889015205978,0
Highway,Highway,11,74,27.089483327900524,5.056047627725341,16.93030263704496,2
Suburb,Suburb,16,43,11.144704233545662,0.8999834810146844,12.683880845265831,0
Rural Route,Rural Route,13,90,16.36745595489771,0.7325770718206563,15.874842559595074,0
Rural Route,Rural Route,5,71,21.944172211444766,3.903341466799971,12.700524239780485,0
Rural Route,Suburb,18,71,17.69864465290447,1.854717674549088,5.248504519660486,0
City Center,City Center,23,47,20.66018749343197,0.36937537569092316,6.503257337380295,1
Highway,Suburb,5,35,8.546082781150929,1.0946698747747212,8.46579645528448,0
City Center,Rural Route,17,33,19.622452923161365,5.268607199986428,6.412018722249059,0
Highway,City Center,23,48,21.34024066180845,4.629387709367958,13.243694782728312,1
Suburb,Highway,4,30,36.150043675546975,0.1453775129937653,9.524476815457225,1
Suburb,Highway,23,56,17.31370559117498,0.6256256222012183,10.61526529272869,1
Rural Route,Highway,23,57,13.497362292444919,0.33574741808676545,14.129687241151764,1
Highway,Rural Route,5,22,27.129440594514534,1.5263313596108963,15.780162674532239,0
Suburb,Suburb,1,12,-11.747489381334763,2.772455262935274,9.185837626383426,0
Highway,City Center,7,41,16.826515445553795,0.7006565708899833,5.906266643501449,0
Suburb,Highway,14,44,14.86286538287441,2.8376026876105085,6.435214547539601,0
City Center,City Center,14,28,22.609216568067044,2.209555953449724,13.448219648459382,0
Suburb,Rural Route,10,23,32.462262543406254,2.6055409858396597,10.796813389984816,0
City Center,Highway,21,57,35.5128119890135,5.9224187442813445,7.329894186340059,1
Suburb,Rural Route,21,95,22.469476862523454,1.1054208823854386,12.123852695849177,1
Rural Route,Suburb,23,90,4.4831628855592225,0.8388279595353171,6.771321078660314,1
City Center,Rural Route,0,77,14.858133936588029,2.3030593273641067,4.682839647999757,2
Suburb,Rural Route,17,54,15.954498750574736,3.2959120163306643,3.976832304593369,1
Rural Route,Suburb,11,28,23.67215425802134,0.42501387169283283,5.662103466038319,0
City Center,City Center,11,73,20.562465401604307,3.7520168320625378,13.471948251997262,0
Rural Route,Suburb,10,75,13.117018721636718,0.11918685073765983,9.392317645889456,0
Highway,Suburb,7,88,7.4835155808353075,0.012828559308871777,9.89860000128382,1
Highway,Rural Route,6,75,11.31423100356908,0.34496539358887307,10.560907297368615,1
City Center,City Center,22,84,10.946531164344666,7.695017747916549,6.968541411386115,1
Suburb,Highway,20,54,36.215769935360626,1.4828495382320712,8.560997280685177,0
City Center,Suburb,1,96,12.303413936933726,0.09537311091884967,8.849746389000996,1
Rural Route,City Center,10,83,20.601360557162575,11.738978170392024,7.2070766936701265,0
Suburb,Suburb,21,76,29.684414083475943,2.732287548165075,8.542485294095709,0
Highway,Suburb,9,78,21.948982864326517,3.6403805545456844,9.635034631695602,1
Suburb,Suburb,2,12,9.139973590547665,0.47890292701809417,9.256402064722003,0
Highway,Suburb,19,47,29.85085027799287,0.22286769598072534,11.299560086141017,0
Suburb,Rural Route,9,86,23.54187119703372,1.4475630860147544,8.54311096928135,0
Suburb,City Center,17,51,-1.8548773585429146,2.958360984295428,14.634535691587962,0
Suburb,City Center,13,92,32.4572143599428,2.03101063567541,6.901777012792719,1
Rural Route,City Center,17,49,28.733797031033525,1.9942388757837102,8.40914179663599,0
Rural Route,Suburb,23,59,23.385004864302484,2.830178639919952,11.182016485185546,0
City Center,Rural Route,7,44,36.34763485695544,0.5150063439305681,11.852826529628171,0
City Center,Suburb,9,33,28.50467703512559,2.1665763015324684,6.381545764387579,0
Highway,Suburb,21,97,31.27941808772877,0.9955248703762377,9.691797929654918,0
Rural Route,City Center,12,26,30.36401590718532,0.1446113168230777,12.398600747515637,0
Highway,Suburb,20,49,27.57043990744016,0.451650804135075,5.192226105774744,0
City Center,Highway,7,83,2.0911715386285152,3.159794523674714,9.73655857403568,1
Highway,Suburb,3,75,3.285327420663805,4.525396474304179,5.539223575466433,1
City Center,Highway,3,53,28.508404828428677,0.6648618995442883,7.561189243882983,1
Rural Route,Suburb,4,32,32.3165073907513,0.4223334662041795,10.256693677038417,0
Suburb,Rural Route,0,15,12.948266024315814,0.05417619264637305,9.348004511245145,0
Rural Route,Rural Route,16,75,8.862371562339877,5.901417955478561,6.578176305940697,0
Highway,City Center,1,30,22.62650136793515,2.3031081455172293,13.66421207916155,1
Highway,Suburb,7,44,5.479452430773774,6.294511051535857,8.999026935934754,0
Rural Route,Highway,6,38,18.311021558761762,3.987984117859241,11.649668508226053,0
Rural Route,Highway,14,16,16.448935264847325,0.8324453051931634,14.50529036203284,0
City Center,Suburb,4,62,17.75543296998428,0.2391060552867229,7.9707464050942,1
Highway,Highway,1,46,38.844310179053004,1.3825250946352583,11.846830396699037,1
Highway,Rural Route,6,32,13.66008541539267,0.05435969191102024,11.245491821354694,0
Rural Route,Highway,7,17,20.53408693945109,0.3248416995412611,5.8313584043590145,0
Suburb,City Center,6,85,6.878437982307606,0.5316653804551432,13.62170886668454,0
Highway,Rural Route,6,57,29.403740369157866,2.19111350003594,10.302817613934586,0
Suburb,Rural Route,13,19,18.204144758930852,1.4261997319612767,8.401493205738861,0
Rural Route,Rural Route,20,88,31.783082452777652,0.7202748803977713,5.1411303301976945,0
Rural Route,Suburb,17,33,-4.57107113242397,1.6637539478485737,6.17716160476116,0
City Center,Suburb,5,99,19.41869018698278,0.2675260363544251,9.674447136105584,1
Highway,Rural Route,3,56,21.32127535656575,2.818783134009851,5.986423385197957,2
Suburb,Suburb,9,62,29.115232779054917,2.489833631699956,11.898239557589624,0
City Center,Highway,17,48,13.580012147687034,0.48797526445533473,8.862930532751193,0
Highway,Suburb,11,76,27.868248143911597,1.8647973204276196,5.315760486110359,0
City Center,Suburb,15,75,14.725644854714039,1.399548600164342,8.01115573165674,0
Rural Route,Rural Route,6,15,20.937571789041876,0.1254883957438928,6.8113293792908145,0
Highway,City Center,5,30,29.21951557254976,0.6518866880582765,6.32759540648408,0
City Center,City Center,4,82,10.702304806734402,15.133790719102997,3.3545776874508917,2
City Center,City Center,2,83,27.405846707308918,0.20968943321187636,10.298529566439141,1
Suburb,Highway,11,45,23.34902571986024,1.412105427821096,7.138495425765696,0
City Center,Suburb,14,12,16.663258690260633,3.78537636787275,15.629858933748533,0
Highway,City Center,9,97,13.31793404630689,0.7152132499379625,12.97772639108948,1
Highway,Rural Route,19,95,-1.0082886780080038,0.6041263437139285,14.894432005374398,1
Suburb,City Center,18,87,19.197340436410506,4.42902117697219,12.146668166998346,0
Highway,City Center,15,51,16.67998327665735,0.7271975654894166,8.246101748778763,1
Rural Route,Suburb,10,54,26.39131758685582,2.1081957120077632,10.972248239401234,0
Highway,Suburb,7,53,25.37997966049001,2.6965563179744616,9.091727368687572,0
Highway,Suburb,2,42,30.701173043614034,3.1081743396848993,11.021885262676143,1
City Center,Highway,22,69,31.067292840194035,10.502729133644937,12.673823030286993,2
City Center,Highway,6,95,51.55537877385632,3.2510539979726456,11.792404349977405,1
Highway,City Center,22,92,25.136599688707836,2.140120550530217,10.02502758732308,1
Suburb,Suburb,6,92,11.395294105914553,4.516439077580196,10.197487189847985,0
City Center,City Center,13,79,28.2619298919028,4.723495075952097,10.658802231951713,0
Suburb,Rural Route,1,92,36.0590405653828,7.2362051883467915,13.317526889800378,1
Highway,Rural Route,9,86,24.74897324382392,2.996376921583544,8.531005381320472,1
Highway,Suburb,18,35,-1.2429105520896897,0.4336454661779787,9.22384860046962,1
Rural Route,Suburb,8,95,25.55360204002943,2.474411841005305,8.477586855853481,1
City Center,Rural Route,15,30,13.701281527284827,0.15620081388446083,10.411898704328628,0
Highway,Suburb,18,11,6.780741199205277,0.7653425294413887,11.910061386828565,0
Rural Route,Highway,17,56,21.86686773304096,0.24616098307295295,10.898960971733352,0
City Center,Highway,8,39,4.741850173842106,5.989170139189922,9.826974006438357,1
Highway,Suburb,15,36,30.231471042956557,0.8272590293875697,13.218316766464698,0
Highway,Rural Route,12,80,27.30879167432476,2.4980494539726394,7.617347278112299,0
City Center,City Center,9,29,19.133310597508864,1.6940818204720367,5.500587506559697,0
City Center,Suburb,19,59,14.499217677924063,0.2274831062983913,10.964655641039366,0
City Center,Suburb,13,32,18.159007122762517,1.6480815864008733,9.879220525137653,0
Highway,City Center,11,22,9.890847523978524,2.1636492472886353,9.498622109020882,0
Highway,Suburb,18,90,19.22955707919231,4.265975920701742,6.0416135739561305,1
Rural Route,City Center,6,13,-8.444590774935467,0.14532557139597513,10.595806479520157,0
Suburb,Rural Route,22,23,20.8870996342687,0.7009143007925861,15.385220969882687,0
City Center,Highway,14,29,21.142199415889223,2.357526139794746,6.005372884575564,0
Highway,Rural Route,15,22,28.451496680907415,0.06986962413867315,9.52869580535459,0
Highway,Highway,7,12,22.99811575993421,0.4551905314583576,10.226478433076624,0
City Center,City Center,9,99,29.77334761871499,0.49351638104039913,8.668197694913257,0
Suburb,Highway,3,99,25.470311090523918,2.2132470629444176,10.493210632344525,2
City Center,Rural Route,18,91,30.36524270406123,0.6736344947924257,8.658910215082264,0
Suburb,Highway,18,87,46.214250639925524,1.8305607961673263,10.460778971533975,1
Highway,City Center,20,56,24.200171419483695,6.724825450768823,9.235322473338208,1
Suburb,Highway,14,12,21.84024144767363,3.1524220025662686,8.386523231382675,0
Rural Route,Suburb,13,10,31.870489212681555,0.8096390470190242,9.768770197067882,0
Highway,Rural Route,0,99,15.317684972296377,1.278833598155761,11.443783638837402,2
Rural Route,Suburb,15,33,18.808122340345825,0.4479725678797447,5.32760801292815,0
City Center,City Center,9,44,24.209946182785696,0.0316897600596892,12.08170532267899,0
City Center,Highway,18,23,20.724150377285042,0.6841790831065796,7.822756800737627,0
City Center,Suburb,21,76,20.679134408008878,0.9221943750767464,11.8552691521503,0
Suburb,Suburb,2,22,28.99779203326313,1.6619110603064782,7.990648367903129,0
Highway,Highway,4,56,3.0394516048043982,5.767188924960115,12.139990624738681,1
City Center,Highway,8,59,40.33459078472238,5.907341700844026,9.853146555519853,1
City Center,Rural Route,17,87,24.859000179845616,0.14535279223878145,7.211751779621966,1
Highway,Suburb,10,94,15.99738670185743,1.9071841100331517,8.683660339615667,1
City Center,Suburb,15,35,36.28052908348789,0.08655136070987242,13.581001591577119,0
Rural Route,City Center,1,12,21.035340507037336,2.088708912188329,10.155485093936695,0
Highway,Rural Route,11,60,21.298985375962573,0.25045323109369577,8.625895328943189,0
Highway,City Center,21,49,17.852967173133695,5.852517835861145,13.421610588092214,1
Highway,Suburb,5,77,34.676936638675535,3.995187624038338,12.565499721344061,1
Rural Route,City Center,10,45,19.906490208321085,0.04516378608835111,7.479323731382109,0
Highway,Suburb,7,60,14.41584034139202,3.047729278904716,9.386532299000711,1
Rural Route,Suburb,11,10,29.98772968859851,2.0206376122926475,4.712468403129985,0
Highway,City Center,1,42,31.829553757553654,1.367856375264607,12.61585893081816,1
Suburb,City Center,8,16,36.0660831367214,1.8457974671751003,10.012201374081396,0
City Center,Highway,14,61,26.335990420496337,2.267961240851076,12.010480858516942,1
Suburb,Highway,1,20,31.4626649524315,4.316233279631084,4.203686618816336,1
City Center,Highway,0,36,17.407468074017075,2.916506061420657,9.157428114697847,1
Rural Route,Suburb,9,23,30.257994199483065,1.7131109841990109,10.502768991291038,0
Suburb,City Center,1,95,27.425226059338666,3.4815509778394413,3.645274936604345,2
Highway,Rural Route,11,89,25.304602689426595,8.673793981775178,11.969060094900662,1
City Center,Suburb,22,55,4.428752392329704,0.7138700151998377,9.029610255560335,0
City Center,Rural Route,7,85,16.118260264559254,0.2520806282203994,4.735849659886916,1
Suburb,City Center,4,19,19.54284993320143,2.629423372100526,8.456476639739915,0
Rural Route,Suburb,21,33,25.31596027235228,7.688386118298433,11.370044832489766,0
Suburb,Rural Route,0,70,44.00737108724459,0.2481941775091158,7.260675729712645,1
Rural Route,Rural Route,14,27,28.592439163520908,1.1302372043973277,9.862982598995616,0
Rural Route,Highway,5,95,11.89986639228638,0.12858140702333223,8.7006006719039,0
City Center,Highway,11,18,15.197564801508825,2.996973591634642,4.017693573678291,1
Suburb,Highway,7,26,33.89863702350658,5.940468876518553,11.871506162606051,1
Suburb,Suburb,12,67,14.757797858821325,1.3822750204097216,12.42320731762008,0
Rural Route,City Center,18,22,30.18704497521347,1.0536429129006712,13.446194244951112,0
Suburb,City Center,0,59,21.172220902356756,4.765834522209047,10.027037086263999,0
Highway,Highway,10,15,18.336110605335737,0.2863287435873565,11.45380938590567,0
Highway,Highway,19,94,14.90934610042082,4.44356494471704,5.157883960206725,1
Suburb,Highway,0,60,-10.464245209324705,0.9955753198861284,10.720378371248039,1
Suburb,Rural Route,7,45,25.397511242008026,1.6392647968290575,9.046151647610477,0
Rural Route,Highway,4,80,9.478702369899308,1.502790703541895,9.769135692129362,2
Highway,Rural Route,16,34,5.816324002351543,1.9141169891177001,6.647979998972434,0
Highway,City Center,7,20,22.47774701885851,5.6988812621214535,13.367991858908004,0
City Center,Suburb,9,53,30.295428779577755,6.037061684918664,5.047075093121656,0
Rural Route,Suburb,1,23,3.0319191190727395,3.557468539250213,10.816034950203978,0
City Center,Suburb,8,38,30.033955076470285,0.4252582370092787,7.247475412716967,0
Highway,Suburb,23,83,10.96794076871634,0.8114792647383808,16.35579859023324,1
Rural Route,Rural Route,22,59,26.489310560329223,1.338177246190513,12.086097465980927,1
Suburb,Rural Route,2,14,25.789492039018338,4.717484379736405,9.914505565573824,0
Rural Route,Highway,17,81,17.933565515514033,1.471545032939152,6.916241645048947,0
Suburb,Rural Route,6,78,20.298729345614973,7.582769403756204,12.670087832514016,1
Suburb,Highway,14,97,16.03799676522272,8.250577465601813,0.20609251441748988,2
Rural Route,Highway,20,66,22.635372569274942,1.8255152585910692,11.152510324672892,0
Suburb,Suburb,21,35,22.547060930152814,4.199212410426732,11.531138640646818,0
City Center,Rural Route,19,15,10.761147960192984,14.319399301297175,11.35521078967057,0
Highway,Rural Route,17,25,6.421680768598394,3.790463777206953,12.513540266550214,0
Suburb,Highway,2,69,30.083541831904824,2.1395308573786593,8.305082606887257,1
City Center,Highway,22,21,22.040106806544983,3.7303839765987865,11.647941521852005,1
Suburb,City Center,13,84,28.69836282982586,0.17254343602373093,7.990022349173035,0
Highway,City Center,23,12,13.295962203560345,2.014737008343234,7.508851351993471,1
City Center,Highway,1,72,11.755615622052252,0.48802467571172015,6.902961208385911,1
Highway,City Center,13,73,9.881630721301422,0.24674044387066799,9.244060996406912,0
Highway,City Center,21,71,18.192424220297735,4.467447837148779,13.333672043203325,1
City Center,Highway,10,15,22.324462875879103,2.0413309324706432,15.145228382361104,0
City Center,Highway,15,28,14.56175132792568,0.558228551266662,9.18874036882772,0
City Center,Rural Route,7,27,35.64824582331736,0.9780705274903647,8.065096264705282,0
Rural Route,Highway,6,89,13.578522071193088,7.244427296009071,13.98829511528315,1
City Center,Highway,10,96,22.487961354791842,3.963643377064183,11.30028238794074,1
City Center,Suburb,2,52,11.169569110031176,0.03140893529219886,10.087180348407779,0
City Center,Rural Route,16,82,13.268800025090203,7.804243879531858,6.682654288646391,1
City Center,Rural Route,13,12,19.13662409652086,0.9194080204932958,14.295104997150753,0
Suburb,Rural Route,5,81,11.673639392633818,2.3776309582479644,10.281054486020585,0
Rural Route,Suburb,7,47,20.89415448059524,2.494293490351374,10.00047939112311,0
Highway,Highway,21,77,24.40250913622402,4.853677841693359,11.625025762451564,2
City Center,Rural Route,4,85,30.93374429030195,4.326705298141508,10.065694760434237,1
Suburb,Rural Route,7,53,9.200970571082628,0.6618183345102934,14.42390993534114,0
Suburb,City Center,1,98,21.678423055823124,2.0630411248262206,13.035402947204162,1
Suburb,Rural Route,14,89,19.380518745083823,1.0007786204886229,8.316008347603242,1
Highway,Highway,11,72,1.5181874054074775,1.4911716779255149,10.260702796719475,1
City Center,Highway,16,51,8.712129034054223,1.6179176857577695,8.243741017488407,0
Rural Route,City Center,0,73,24.74947285885353,1.009499723395861,15.668092350827854,1
Rural Route,Rural Route,14,63,6.473431860153504,1.2468468287941148,7.831363813752452,0
Suburb,Rural Route,13,87,19.26579519311895,0.46725227408030345,9.642915184509082,0
Highway,Rural Route,19,86,-1.2244249682529365,1.8711835246156607,11.09177993226438,1
Highway,Suburb,21,80,18.970476320726906,2.8455832369795866,11.51715834431861,1
Highway,Rural Route,15,85,-0.5350891121939725,1.1233299866781912,12.023737409066095,1
Rural Route,Highway,8,46,13.95421457293729,7.604552186544057,12.402899662980067,1
Suburb,Highway,0,13,15.622612782175239,0.11785823574126691,12.07858016823709,1
City Center,Suburb,16,11,21.230255625281554,1.7791061881685029,8.701078915963045,0
Rural Route,Suburb,12,53,17.47448880090153,1.7522215993936954,8.360922644960555,0
Suburb,Rural Route,20,76,7.64099454041056,0.07394274872158765,10.114689618590226,0
Suburb,City Center,20,77,7.8278500886452065,0.508675574221125,8.344903982666617,0
City Center,Suburb,4,85,3.8589139773398813,4.7192123333454985,8.026845581744745,1
City Center,Suburb,9,92,22.064855044234495,1.5727807922952677,8.734183826473148,0
City Center,Rural Route,5,83,21.62353198262237,1.146770874227784,16.306404082793513,0
Highway,Rural Route,23,71,26.69408214783816,1.0739848337709825,14.63146838615352,2
City Center,Suburb,18,10,14.998583469633733,4.3813868798059366,9.282460038197613,0
Suburb,City Center,12,26,2.656566112756124,0.9146682172756685,3.800459741351201,1
City Center,Suburb,0,25,16.8400070573827,3.9203590203057095,8.229125984760977,0
Suburb,Rural Route,19,18,20.1104699243889,0.7397884390992865,12.640062993476109,0
Rural Route,Rural Route,14,62,8.352510076662798,1.5164553642969136,5.303391708557847,0
Highway,Suburb,13,82,9.301603038845164,0.3105487507905392,11.811528902125392,1
Rural Route,City Center,7,68,24.50923085757584,3.4862850657627584,11.619140737422011,0
Rural Route,Suburb,9,18,21.006215462101828,2.6634219895558164,10.05197412805923,0
Suburb,Suburb,8,21,31.32869423720045,1.51044122255441,9.887188728138389,0
Rural Route,Rural Route,16,50,37.22100808495339,0.052485306898392314,7.286270100767922,0
Suburb,City Center,8,24,4.971913639651861,1.3126946824768393,12.090471769288378,0
City Center,Highway,2,75,15.811323443914908,0.5102917331872479,10.929740001239372,1
City Center,City Center,10,84,21.236344670203604,1.0667366091399841,8.558115720818327,0
Suburb,Suburb,11,20,23.63573399229261,3.881816204374599,7.644961214245928,0
City Center,Suburb,9,17,30.158811842157384,2.9359053928072836,6.419726115575578,0
Highway,Suburb,16,64,27.286249643662206,0.5540195412185203,11.11456289604938,1
Rural Route,City Center,16,15,31.384301165616378,8.393210830343612,9.393268848750964,0
Highway,Rural Route,10,62,20.613602063506697,4.670433653297244,9.431511023797965,1
Rural Route,Suburb,21,29,13.71496253082492,1.5044081970514473,5.316456464431316,0
City Center,Suburb,3,48,39.49956519387341,1.5106849316689972,6.714475245593624,1
Highway,City Center,6,81,21.533251792622583,4.6306511183811505,6.388178958276534,1
City Center,Highway,20,43,17.58152509996532,2.0219986317628256,12.306251425754724,1
Rural Route,Highway,13,66,9.277806848249648,1.5387109494095619,10.515099792225492,1
Suburb,Rural Route,6,28,21.594684144376554,2.7657884856056323,9.151047781027188,0
Suburb,Rural Route,23,80,30.044900263698196,0.5360128025610638,13.316682716467083,0
Highway,Suburb,7,40,14.99534604880603,4.213665266792336,12.89237810873926,0
City Center,City Center,0,91,18.666204516007888,1.5160765534305998,13.316307033677747,1
City Center,Suburb,23,49,22.491564415434542,1.8501549195588707,9.273867910018398,0
Highway,Rural Route,21,23,24.721747695624057,0.18849800286725657,5.756893567337807,0
Suburb,City Center,3,90,17.40164883899636,0.7407045610573227,15.11949723749181,0
Rural Route,City Center,11,46,16.063908014892398,1.112815556562839,11.572626368517982,0
Highway,Rural Route,23,53,14.892379805383772,1.068562208912466,11.63479966923281,1
Rural Route,Highway,2,18,8.93403609233406,3.01271929386421,12.027607248384168,2
Suburb,Highway,12,67,12.298219626595017,0.6634696646962289,18.290495637820975,1
City Center,City Center,19,29,12.02933241460547,0.40205304769506506,9.698678416680703,0
Suburb,Suburb,5,59,4.578229155571723,1.7475032319208672,14.309448472888082,0
Highway,Highway,10,29,29.929446697580893,1.9091010772006825,7.442156506182659,0
City Center,Suburb,22,45,23.59567738288154,0.25926840926989164,12.445696728059493,0
Highway,Highway,3,36,21.422271166591948,0.004943109525479474,15.35032570752747,0
Highway,Highway,19,81,33.04547984813901,4.993531301717525,9.859113558682495,0
Suburb,Suburb,15,41,27.178473826387446,0.16597423681120566,4.243221192721446,1
Highway,Rural Route,6,10,12.10384343412591,4.5629574542610545,11.701037885693218,0
Suburb,Highway,21,26,31.73391061316704,1.0190358729450548,9.349275630690894,0
City Center,Highway,10,18,29.722615174798882,2.1171832603152074,12.532776224974423,0
Suburb,Suburb,23,93,8.820783364230921,0.41064334407042735,8.600766916647737,0
City Center,Rural Route,0,54,29.027810686011534,3.4735999244703137,17.162744886827493,1
Suburb,Highway,6,75,15.327504279007766,0.39737360844138253,10.319295494642036,1
Rural Route,Highway,11,41,29.971482389434748,0.9771798532421813,12.373234529344218,0
Rural Route,Rural Route,6,54,16.620532329310432,0.5436851104149012,7.000928584608829,0
Highway,Highway,22,18,14.66667277284541,3.6342278811465594,6.474794346286112,0
Suburb,Rural Route,6,39,15.697258783105294,3.908591813977672,6.109372277055374,0
Suburb,Rural Route,9,93,10.27831793850963,0.9305222315079362,6.129551252115318,0
City Center,Suburb,15,47,5.196437219971051,0.7345431263662787,12.035391398997074,0
Highway,City Center,7,69,-4.989974598476103,2.970598015859152,8.190963030769085,0
Suburb,Rural Route,8,10,9.45327000000741,4.215879108964413,6.189913264421642,0
Highway,Suburb,8,14,46.30623280220651,1.956438625682807,7.9099266308900225,0
Rural Route,City Center,1,72,24.782608887275295,5.245681976621157,12.110917125733618,2
Suburb,Highway,12,45,38.64222608792408,0.9659145341590775,12.036061067339125,0
Suburb,City Center,12,74,16.817994089136064,0.3294813845537443,12.990705554656952,0
Highway,Rural Route,22,87,15.316784825235345,0.3960312921183919,9.155416366658278,2
Suburb,Rural Route,22,82,37.165406575208564,2.2163070373500364,15.99136354002157,1
Highway,Rural Route,3,33,23.757624283508303,1.04689800576111,13.246040108310758,1
Suburb,Rural Route,23,13,10.447245013071885,0.33995120144810026,6.477528355653468,0
City Center,Rural Route,11,87,26.32917484498705,0.6912633063265629,12.436417411683038,0
Highway,Suburb,16,98,32.50884618613149,1.512621601953399,10.057325417301309,1
Suburb,Rural Route,1,77,5.721275668414016,0.25895414092756225,9.50477698038792,1
Rural Route,Suburb,12,34,24.646583318106863,0.006896875955791715,10.029528917085928,0
Suburb,Highway,17,83,6.382752234243636,4.985024135492917,8.002127076193595,0
Rural Route,Rural Route,14,16,31.967553243089522,0.7272874557213398,13.026990035276013,0
Rural Route,Rural Route,7,22,22.30698431921536,0.5007678107281668,8.265300946409493,0
City Center,City Center,14,77,26.296611588762083,2.3978432310287117,8.319507670796867,0
Highway,Highway,0,52,17.825560646200234,3.840132116933011,12.280580665899102,1
Suburb,Rural Route,19,66,2.1839757077667556,2.000860295663312,16.511428982804972,0
City Center,Rural Route,9,45,15.585678397716476,0.5873540234192248,8.509225779484296,0
Suburb,Highway,11,23,29.29839523972443,3.9557437808571443,6.260424759350205,0
Rural Route,Suburb,4,91,39.936287825185175,1.4284441939446253,13.419533553712908,1
Highway,Rural Route,8,81,22.82290089888677,0.9599165953841399,10.58512700403728,1
Suburb,City Center,22,36,13.13647422187814,1.8563527726635503,11.507050671731694,0
Suburb,Rural Route,7,46,25.35702778267432,2.4120312698906874,10.102984323929347,0
Rural Route,City Center,15,96,28.398947342858378,1.801966355751208,11.780784239971677,0
Suburb,City Center,13,80,21.327537380750677,5.057602864047314,11.091661393407147,0
Suburb,Rural Route,12,85,20.71214207332119,1.9778185828868766,8.429616872486596,0
Rural Route,Rural Route,22,34,22.136082583203233,4.217011076785159,12.111632940720174,0
City Center,City Center,20,76,20.435503774319976,1.768414099622367,11.500301742339476,0
Rural Route,Highway,12,99,22.977809631706474,0.799998865514674,8.88640111821137,1
City Center,Highway,4,13,38.27563252073905,1.5198428193238696,9.480944134007776,1
Highway,Rural Route,15,88,-0.33303065605038995,0.18058628962910775,7.642345196250249,1
City Center,Suburb,10,83,17.61544305581117,0.5231831742481245,11.38566480351827,0
City Center,Highway,21,94,10.676458731756776,2.906849326850069,11.418481464788202,0
Highway,Rural Route,4,25,31.80803060566231,2.1663182761430595,9.883766461249886,1
City Center,Highway,12,28,18.591178303456203,0.3642880503885106,6.583818399994677,0
Rural Route,Suburb,10,38,25.597047755339798,1.1525608669419982,3.932415656970363,1
City Center,Rural Route,18,60,34.27306777825868,0.3062841910761122,9.305822522622442,0
Highway,Suburb,2,27,9.18990394387,3.8733557848180293,10.709845813549236,0
Rural Route,Rural Route,14,67,14.724823621168522,0.23120266355513502,11.93403152933518,0
Highway,Suburb,6,53,33.24082369878595,2.1239918321216558,13.398420350760393,0
Highway,Highway,6,25,8.78937218659562,1.867891339203712,8.928671199416474,0
Suburb,Highway,5,74,15.062196495176334,1.280261995852171,5.253750889179984,0
Suburb,Suburb,2,11,3.9964450035758965,0.6521103100792973,8.458970126951712,0
Highway,Suburb,12,65,33.63363350073559,1.0348832559826038,16.54979889659756,0
Highway,Suburb,6,88,14.187534364192265,3.283832339028296,14.932699770963552,1
Highway,Rural Route,4,37,23.511604670471158,2.8671981088825773,11.284269127742922,0
Suburb,Highway,22,74,26.759803242439602,2.685007558873253,8.705175376839922,2
Suburb,Rural Route,17,14,11.967631295839045,2.771177894853749,9.726162657530834,0
City Center,Highway,21,31,0.9599991830315382,0.3107043428210223,15.144098128445748,1
City Center,City Center,7,22,17.80535902655236,0.20871415046172795,10.629972895770996,0
Highway,Rural Route,16,74,17.64172236754271,3.953750020223838,8.85848405125194,1
Rural Route,Highway,19,25,19.394965214026225,3.6301532715929503,13.978749095522852,0
Rural Route,Highway,0,95,19.45017007705634,2.287124985353124,4.156974606675546,2
Suburb,Rural Route,13,73,15.012271576668214,1.8623303464129906,6.986316015955193,0
Suburb,Rural Route,16,41,14.624626981526808,0.9141644039811381,7.585145142102131,0
Suburb,Highway,9,89,22.977035288147864,0.5074183938182669,13.004878028130285,1
Highway,Rural Route,11,60,11.761426099703236,2.203172038028284,8.317657541553968,0
Rural Route,Suburb,15,88,19.04676551909682,4.884490756969849,4.680915770083494,1
City Center,Rural Route,13,67,14.37041268590527,1.1489391373813886,7.923451306010451,0
Highway,Rural Route,15,55,22.956052436432476,0.7225495000406473,8.587133296875264,0
City Center,Rural Route,7,61,31.085762803182714,0.6314548887317359,9.797516921890324,0
City Center,Highway,22,72,31.4937777311902,0.04798146587555147,10.384698525241992,1
Highway,Suburb,9,85,32.89290872537674,1.4692584615466844,12.90302096712027,1
City Center,City Center,16,69,16.659072246578813,8.88542759221311,9.063901411757929,0
Rural Route,City Center,17,74,17.499530081688402,3.3773704645341818,8.25173095550695,0
City Center,Suburb,19,90,7.310476865418156,4.555291717542056,10.140089892998091,0
Rural Route,Suburb,15,64,16.57450972167741,1.9413042787244104,10.727946768645694,0
Rural Route,Suburb,16,66,16.931621760521356,1.3134238035004415,8.196010367746744,0
Rural Route,Highway,15,80,13.82852364380554,9.303896306755844,4.890953766603551,2
Suburb,City Center,18,82,13.782068565772654,1.185380936129971,8.530302989832514,0
City Center,Suburb,23,95,3.023018098211633,4.973750990508464,12.422307370087852,0
Highway,Highway,23,35,6.580874042776026,2.8696655077561823,9.763555249690318,1
Highway,City Center,7,21,20.445435875787464,0.8038779402068615,13.73155302883138,0
City Center,Rural Route,5,80,20.8207330627973,1.3985807558450893,11.507664228875232,0
Suburb,Highway,5,55,24.830558694958007,0.970085818467028,8.416237180533242,0
Suburb,City Center,20,56,17.411055297823467,0.29288192549528025,14.407116146889885,0
Rural Route,Highway,8,88,20.11654237832497,0.8824952118812656,7.392836404816815,0
City Center,City Center,3,47,32.50509549064798,4.395961643475594,4.974525830043072,2
City Center,City Center,11,30,19.47099176203503,2.793786141871022,11.032233995172104,0
Highway,Rural Route,11,23,13.67930852859228,0.6503001577165546,7.648375536209437,0
City Center,Highway,22,11,8.090520959422173,0.9174574628417771,9.82996966372663,0
Suburb,Suburb,16,81,27.9747986361843,1.91648674632825,6.784072224010325,0
City Center,Rural Route,14,79,2.966575966153165,1.076187468155981,10.013622114733954,0
Highway,Rural Route,8,42,11.61581380311899,1.3985080442928695,11.454386446286936,0
Rural Route,City Center,6,15,24.185793329364767,2.395772139578063,11.897735998132003,0
Highway,Suburb,9,99,0.934468231491973,1.259409200031958,6.585168246511888,0
Highway,Highway,15,46,13.856452121192895,0.4238380396229424,5.937635899681063,0
Rural Route,Suburb,11,23,21.291675062957324,1.4703311864845878,11.192447326459432,0
Highway,Suburb,6,46,16.166623457994124,0.8804803140512305,8.86128040974265,0
Highway,Suburb,17,17,10.173110724717578,0.687049937224281,8.329711970263375,0
City Center,Suburb,14,86,14.065556751194219,0.7953170015502582,9.647204173375036,0
City Center,Suburb,5,22,28.169843266540283,1.1560766524247221,9.488780353720433,0
Rural Route,City Center,11,49,38.313773907792424,4.353899585488054,11.121858305736565,0
City Center,City Center,10,67,21.394886815935983,2.648947342360255,11.462534806488495,0
City Center,Rural Route,19,27,0.11715020150797884,2.2045295327103926,12.95167719302508,0
Highway,City Center,2,66,25.681022771105944,1.2745177203367368,9.225315645568033,2
Suburb,Rural Route,1,92,16.036164854443342,0.003663247096856664,12.987315928293759,1
City Center,Rural Route,5,47,9.04577147761547,0.8327004070957464,11.762552218219637,0
Suburb,Highway,23,41,11.997269485748356,3.355348283131396,12.619072462528251,1
City Center,Suburb,21,95,12.422101521781183,0.982604598778231,6.6796921116227495,0
City Center,City Center,4,75,5.891523972221535,1.659396541795193,9.690822511602434,1
Rural Route,Highway,17,86,19.369312228936334,0.45817188567099854,15.685714953788288,1
Rural Route,City Center,15,96,38.28146799309826,4.950492726243578,5.88642867224522,1
Rural Route,Rural Route,7,34,9.008089089971614,5.132331523125979,15.37461139503505,0
Suburb,City Center,19,67,37.97347025157504,0.31581301080616003,15.241849969153137,0
Highway,Suburb,21,84,22.08116677476142,2.5758609641645283,12.195886193325489,1
City Center,Rural Route,10,42,19.07102711543917,0.1564388418720954,5.9597645000669175,0
City Center,Rural Route,9,97,16.78040084933857,1.8253327056567539,9.350253621327555,0
City Center,Highway,23,75,11.938558325346115,0.39362079182758747,12.37769741029481,1
Suburb,Suburb,11,39,22.918526018345144,0.31495801427876846,6.022581901414374,0
Rural Route,Rural Route,20,90,25.21979047195808,0.008256654442024277,12.0286953929184,0
Highway,Suburb,5,43,-4.251429143085559,5.655598705872705,10.323968039450328,1
Suburb,City Center,19,95,45.430383391676486,3.535138744531122,8.293010800463378,0
Rural Route,Suburb,4,78,1.8901363425054498,0.161282814442277,6.642354251277722,1
Suburb,Rural Route,22,57,14.776711972952139,1.8294619481931276,14.377150138062824,0
Highway,Highway,8,49,-5.582878593264297,0.5302716137687848,12.330326988092962,0
Rural Route,Rural Route,15,60,17.320907516344434,0.613093478960243,9.505164237371657,0
Suburb,Suburb,21,89,15.385361241424889,4.145652091629503,10.104470817012302,0
Highway,Suburb,13,22,14.883066322006506,0.24281210934437059,9.196514826599135,0
City Center,Rural Route,21,99,23.043336718937507,1.8400460547791715,4.576842394862075,1
Highway,Suburb,7,40,17.561882773062713,1.02584074904711,13.865467249218893,1
City Center,City Center,19,48,25.384187994962698,0.4234198294099944,10.656528081657191,0
Suburb,Rural Route,18,72,7.626692537858251,1.202661011023834,12.863143991254503,0
Rural Route,Highway,13,57,20.77383276834055,5.643197868001726,8.637310658578604,2
Rural Route,Rural Route,6,96,13.683190498443519,3.0429460982608396,10.276414570573351,1
Suburb,City Center,4,57,16.296605534667727,0.28338383028654185,10.95977080000685,0
Rural Route,City Center,17,70,22.70348649180516,3.786650916003704,13.093474101957405,0
Rural Route,City Center,1,21,14.956942685891095,5.543275276924933,15.378989262213363,1
City Center,City Center,10,87,18.9483426592282,0.6485933079054292,8.953745554146384,1
Suburb,City Center,21,65,8.457545893566152,0.8111893195452807,8.957149661655613,0
Highway,Highway,7,27,30.955122303459124,0.27005914666725905,9.262873567350045,1
City Center,Suburb,0,36,27.284440329946204,0.8460572077933421,8.211098060109583,0
Suburb,City Center,21,37,20.999835568147482,2.2364515462002847,17.939390159226548,0
City Center,City Center,11,91,17.5733998117386,0.6353343725668144,4.9552338307126025,1
Highway,Rural Route,1,89,18.956283951537976,0.013696815339496893,18.05919335044911,2
Highway,Highway,17,61,30.740233725142847,0.8266255844756437,11.916014575780377,0
Suburb,Highway,6,25,26.576055686378446,1.2072493577214456,9.75226787213954,0
Highway,Suburb,16,86,30.90844329919439,1.6710628885678074,7.4871044743921455,0
City Center,Highway,21,67,16.58108927084527,2.302919502560521,9.878602810220475,0
Highway,Rural Route,22,18,24.833992794579558,0.1275508923946865,8.308762401979005,1
City Center,Rural Route,13,35,31.88673982155345,1.2688207083797707,14.141077373492198,0
City Center,Suburb,23,37,10.738541967064371,0.619480381413331,11.893087606925757,0
Highway,Rural Route,6,86,10.109571391934312,5.911852907237281,15.01275041611306,1
Suburb,City Center,21,45,22.752044947303837,0.8922570735073126,9.12878165948022,0
Rural Route,City Center,2,18,7.6505810671965016,0.2109959362521244,10.424026986796864,0
Highway,Rural Route,5,56,1.8417500029897624,0.08475367776980189,9.707789837283274,1
City Center,Suburb,19,87,31.74645730008549,0.6168743206472656,8.878570933763045,0
City Center,Highway,1,60,33.48898525665675,0.39416896229169884,6.912883072923529,1
Highway,Suburb,16,85,8.199804457868197,2.0984995873580954,12.158120683179611,1
Suburb,Highway,11,66,5.680132389197286,3.7541973996951836,11.023087628889702,0
Suburb,Rural Route,11,41,13.46810298363427,0.749557679905826,9.858287339828381,0
City Center,Rural Route,16,76,32.52808352119566,1.7245118089120637,11.508831881468385,0
City Center,City Center,9,66,15.892615474218557,2.6209292302845397,8.763573943387396,0
Suburb,Highway,2,63,20.94695017714811,1.0166165536861487,10.045600630128737,1
Rural Route,Suburb,19,25,23.249217410280313,0.13725504362354718,12.586096658749746,0
Highway,Rural Route,17,71,21.738478023586186,0.5206135335488076,12.995941106964857,0
City Center,Suburb,12,93,34.94071144003418,4.292287929444152,14.584563198146764,0
City Center,City Center,11,65,12.801089712772614,3.480007598810808,6.671337883564929,0
Suburb,Highway,16,32,18.97793229048583,0.18101502560147428,7.112125765890882,0
Highway,Highway,3,26,22.32425699597369,0.5070733656939663,6.544225436177207,0
Suburb,Rural Route,22,89,19.51004298834309,2.932106663170046,8.055359596809257,1
Highway,Highway,9,47,7.8089879248895695,1.3306680817703975,8.99440169456319,1
Highway,Rural Route,10,81,5.2746448313996765,2.853957994279549,11.311179076126159,1
Highway,City Center,5,92,5.065227224948503,0.47421233219511083,13.493647254720157,1
City Center,Highway,5,39,27.26254749842461,6.102411286498195,8.81842474231947,1
Rural Route,Rural Route,8,67,11.795970093106488,3.061322308087102,11.721918478190513,0
Suburb,Suburb,14,87,24.692749039413037,0.43992803485213877,13.833987016613792,0
Rural Route,Rural Route,1,31,20.867430378182064,1.634924409619251,8.634226907714243,0
Suburb,Highway,3,26,10.251428644783546,0.24003960893586312,9.15610823731673,1
Highway,City Center,4,24,10.501009308204294,0.8970630361613221,10.19834371578678,1
City Center,Highway,16,57,21.34013160414098,2.1553933177165274,4.973137133948315,2
Rural Route,Highway,7,41,20.776847095622955,0.8013363275155537,11.533893214987982,1
City Center,Rural Route,7,86,24.92032236277074,2.1386413884679563,6.385453463785912,0
Suburb,Suburb,21,94,15.424954422214086,0.5614909451977583,12.36911898287126,0
City Center,Highway,11,49,11.532922209923044,2.5545698416228206,8.707173032390441,1
City Center,Suburb,20,66,21.098705249952843,0.8912920348347059,8.468811672316225,0
Rural Route,Rural Route,7,67,34.19919124446612,3.1258842892500858,7.064038192585821,0
Highway,Suburb,18,25,1.2332093310038097,0.29396268312761337,11.622998246475634,0
City Center,Rural Route,2,37,12.009473280262535,0.8987648681817014,11.603429854269603,0
Highway,City Center,17,10,25.9044014228342,1.2469902135479802,8.634541347854356,0
Suburb,Suburb,20,50,22.164856344872412,1.1027589352218172,15.392941288968647,0
City Center,Suburb,18,57,26.050192938235085,1.1351253275703879,10.102896022517829,0
Rural Route,City Center,18,40,15.703449753702134,1.1768657473423378,9.958124241681048,0
Suburb,Suburb,14,45,3.8808398269129967,8.984312606282947,10.177917498528142,0
Suburb,City Center,5,42,36.71492717866659,0.4292526106777401,7.959043608436637,0
Rural Route,Highway,15,42,30.83835889910897,2.92776669433867,7.018465145281107,1
City Center,Rural Route,7,91,19.75821842578877,1.6049813738609897,8.879407946772263,0
City Center,City Center,15,32,11.583393830290381,1.0676031831443407,11.90195084637627,0
Suburb,Suburb,17,69,15.094324253586617,2.00767023182051,4.446065500777861,1
City Center,City Center,19,96,22.290835118097597,3.841889004457294,5.501411783394835,0
Highway,Suburb,15,88,17.483677333140434,1.25711118648489,8.177337787836017,1
Rural Route,Highway,10,99,19.85500835484948,4.00202048175244,4.617750282665185,2
Highway,City Center,6,39,36.10137204175871,0.1969868187256969,5.749869073165856,0
City Center,Highway,16,98,29.236752132995214,2.117346486345541,12.428386908948891,1
Suburb,Rural Route,16,54,8.292215313333633,0.8104704530285152,8.685212967560807,0
Rural Route,Suburb,11,89,20.76919002275362,0.9778521162767647,7.4623069995906635,0
City Center,Suburb,12,48,14.79636490162885,1.6926888010358745,10.419872040113855,0
City Center,Highway,9,54,22.979431257482197,1.3075329538638463,10.344972693173524,0
Suburb,Rural Route,6,87,19.36668593491158,0.9618199791628299,13.49380987588922,0
Suburb,City Center,13,90,49.6769877876674,0.7372736103778731,4.661370642476166,1
Highway,City Center,22,21,24.292616575359435,1.9263208194326746,7.2206869831706495,1
Rural Route,Suburb,0,41,18.658159938332005,1.4087384327661134,8.208964517141446,1
Rural Route,Highway,16,65,38.4300605733349,0.7810814422945087,11.17340948432929,1
Suburb,Highway,3,33,22.055494588525804,0.4587282653429197,18.67568570216262,1
Highway,City Center,20,22,4.812757039196567,2.9785881842590993,11.759143231919584,0
Rural Route,Rural Route,4,29,18.755530203979838,3.216027099919134,9.202368453422606,0
Suburb,Rural Route,19,88,26.137032473720534,0.48105792865589647,6.360154311786703,0
City Center,City Center,23,65,24.84529482898302,0.6066719512602393,5.9847335177117476,1
Rural Route,City Center,22,62,30.051747043683235,0.5466197579912591,12.709435814628373,1
Highway,Highway,6,77,21.53716468711152,4.318177578442796,7.615667226852958,0
Highway,Rural Route,9,63,20.83110971564664,2.9755947070764988,8.937749901255305,0
Highway,City Center,16,43,5.97524698309808,0.15500118355475936,14.971807229543392,0
City Center,City Center,6,37,35.28422257862165,3.5755263281316307,4.856132138403648,0
Rural Route,Suburb,0,59,16.943964198010676,0.07509601292458445,10.811451328329738,0
Rural Route,City Center,6,11,10.204651863776771,0.5839151748622455,7.2890830899071135,0
City Center,City Center,23,35,46.279078881985086,5.02639952157781,14.908812713755731,1
Rural Route,Rural Route,10,60,36.80085688242754,3.995078712054497,7.184265242524745,0
City Center,Highway,8,56,15.522510777426515,3.0413392111423825,12.006751517584156,0
City Center,Rural Route,11,35,1.193286557445738,1.2233085112464221,4.5754698935444145,0
City Center,Highway,2,93,12.815285787254673,0.7754884128470279,14.659834444132475,1
Highway,Suburb,3,93,35.791355962599035,4.266458415852897,12.759171560124198,2
Rural Route,City Center,3,84,21.767133037053593,2.1404817235295304,8.331421369650462,1
City Center,Suburb,12,83,6.50563653364012,0.7005590339764981,11.178949300479498,0
Rural Route,Highway,22,70,27.839815422274967,1.2442440289044512,12.871980198294548,1
Highway,Rural Route,18,32,17.90141971386955,4.2656883880683765,10.458496842272796,0
City Center,Rural Route,9,46,13.512980322078349,4.675501149873678,8.834358402213576,0
Suburb,Suburb,4,50,14.271595204002445,2.1535182008415528,9.70573960549658,0
Highway,Highway,6,61,33.063925081368794,2.637689119126964,10.330074774667724,1
Suburb,Suburb,23,92,25.46636348354079,0.08018167632045378,10.169027451904915,1
Rural Route,Suburb,15,91,5.139423131903039,1.8557173042075483,11.303558044625987,0
Rural Route,City Center,0,58,23.671887801169518,2.3358769423502967,6.936262035689283,0
Highway,Suburb,11,36,21.076150797463,0.04117525069676123,8.055391054690828,0
Rural Route,City Center,1,15,15.795922684092567,3.713991513335914,8.829502578910498,0
Suburb,City Center,6,83,16.323188765407203,5.270111021389777,11.413008927124071,1
City Center,Rural Route,10,75,11.349475699159132,0.5434506619937128,5.415819385762827,0
City Center,City Center,12,33,13.374736284422731,3.7389568827953723,10.461702932286386,0
City Center,City Center,1,47,22.89723448536051,2.1903120331824386,12.342353713470883,0
Highway,Rural Route,6,37,17.224300929963082,1.738317310526824,10.145204787100823,0
Rural Route,Suburb,14,37,25.45681638190336,3.704624351797536,10.22563950979009,0
Suburb,Highway,10,75,12.150203675561329,0.6726539944245034,9.092492833896285,1
Rural Route,Highway,1,70,27.07494616370823,3.1294662372831623,10.186718664686389,1
Rural Route,Highway,6,55,33.144445744561594,0.7552741521777551,8.676679337035406,0
Rural Route,Suburb,3,78,19.932163600006785,3.097217615127489,9.50084949494376,0
City Center,City Center,10,84,25.206266102749176,1.1995104269049055,8.675034266187987,0
Suburb,Highway,1,83,25.59642871901567,0.24873665319277385,9.461866983607685,1
Suburb,Suburb,15,52,14.979019763913385,0.9609803962065742,9.047240028690714,0
Rural Route,City Center,6,68,25.633649678320477,0.5318236227605568,6.456418327335314,0
City Center,Rural Route,12,11,-2.68434433028656,0.21190260424495158,5.483191250924209,0
City Center,Highway,4,24,-6.665665421719936,0.23371283415327193,10.237686310130638,1
Suburb,City Center,16,46,16.70521736012384,3.028904647917227,11.811638968729765,0
City Center,Highway,20,80,26.33465809050394,4.263961371378499,14.662734539285363,0
City Center,Highway,11,29,19.1494666974845,5.2381323265698185,13.292702822881502,1
City Center,Highway,18,44,27.45873628978934,3.8475600851048735,12.712644054722581,0
Highway,City Center,6,43,7.9826435085136325,3.546551861746825,10.687660364875684,0
Rural Route,Suburb,5,95,28.828393999793924,0.14263940617223725,10.357707464729856,0
Suburb,City Center,7,40,36.288126144142225,3.122472935639764,7.632513336365917,0
Suburb,Highway,12,96,13.035894850941197,3.0583227071943826,7.293266831300574,1
Highway,City Center,4,28,27.70998761504331,0.28149275999042184,10.57153177037146,1
Rural Route,Rural Route,1,77,20.228183138301127,2.169473394576417,7.49501990947032,0
Suburb,Suburb,8,33,24.418405449358342,1.2048124346137787,9.728254089596458,0
City Center,City Center,10,93,36.26811566701089,4.605440673719585,2.5067046938329565,1
Suburb,Rural Route,23,48,23.273032731755848,2.3775665851869894,11.401416857259116,0
City Center,Suburb,5,63,27.644421209970172,6.0313613070126335,6.895766823878665,1
Highway,Rural Route,6,48,7.369553588203171,0.22169026916278714,5.716662122171272,0
City Center,Suburb,6,26,27.336407859527817,0.08290962785894106,12.167374077202702,0
Suburb,City Center,18,28,36.100071508541276,7.267219342694308,12.889224565168604,0
Suburb,Rural Route,5,57,10.764993770867793,0.16718100378286063,9.74659216372792,0
Suburb,Highway,10,44,16.769768543518254,0.9761586565335572,7.848647665647359,1
Highway,Rural Route,10,41,26.861266342242374,2.0994763831883123,12.15484193859303,0
Highway,Suburb,6,56,24.477841277999502,4.2414718510848015,7.692989740633098,0
Rural Route,City Center,1,56,6.4027224823392,0.5876077267744443,9.527086684463614,0
Suburb,Suburb,18,73,21.64911372411841,0.05897752587185573,14.044928751910128,0
City Center,Rural Route,3,55,16.67318194769042,1.4733071768717179,11.125797282018016,1
Highway,Rural Route,5,44,10.313448677028976,1.2739572561930104,9.861530353113498,0
Suburb,Highway,16,26,33.56724868392671,0.7331423068300355,9.172325028859534,0
Suburb,City Center,4,51,20.054603775732396,4.1413500403498125,10.13147951453397,0
Highway,City Center,6,38,29.830486529061048,2.767173432866776,10.798021187729645,0
Rural Route,Rural Route,8,79,8.265869737546797,3.9054963148625603,6.623441106049846,0
Highway,City Center,0,26,25.889456575210907,0.353018464994938,13.624771422016119,1
Highway,Highway,0,90,30.61689522816587,2.3579878406519996,8.62558328209268,1
City Center,Suburb,18,23,17.578513996457385,7.385914346953524,9.386424149176884,0
City Center,City Center,5,33,15.028198908218474,1.8930560713063989,12.440864263249177,0
Rural Route,Rural Route,17,66,6.957282589871845,0.3759494886890538,9.575582601788296,0
Suburb,Suburb,9,59,11.319473208987233,10.93602726232922,12.643079244207515,0
Highway,Suburb,10,66,15.473667153645088,1.5029241652907779,9.85892101456964,0
Rural Route,Highway,0,70,10.240888298433413,3.6659007920439954,10.297998765584811,0
City Center,Rural Route,0,48,12.320533388949663,0.3235359464377935,10.646118409369729,0
Highway,City Center,12,64,21.580969164047087,2.1938048092542917,11.121717584315462,0
Suburb,Rural Route,4,45,22.7778819839271,4.874925026875138,11.678510223009564,0
City Center,Suburb,19,46,30.908450205317706,1.5186501176297478,13.15598214444607,0
City Center,Rural Route,0,23,12.382266461215483,0.6812096978624174,12.977874900058701,0
City Center,City Center,19,36,20.231852111345162,0.2726060669098089,7.62016651113522,0
Rural Route,City Center,2,92,15.823032274600985,0.7017966507984356,14.362604331245182,1
Suburb,Highway,17,40,15.116347503628875,0.8766508959081039,4.898466846685208,1
Highway,City Center,8,82,16.83860770360344,2.475439116862135,8.10639021177853,1
Rural Route,City Center,13,90,18.038245352535398,0.39354227887494064,9.586633531698844,0
Rural Route,Rural Route,16,92,22.50396266296062,0.22433359791939644,6.501222795746306,0
Rural Route,Rural Route,22,53,16.696420334231256,0.9785834398113686,10.83946722236374,0
City Center,Suburb,13,77,32.27330630051769,1.2273918792012393,12.219581331685092,0
Suburb,Highway,3,57,2.9559961831209804,1.979794094774561,7.862126961100282,1
Rural Route,Rural Route,4,66,30.539536254892845,2.458795262062377,11.390348704913755,1
Highway,City Center,20,84,16.314963340579617,4.401460187977455,12.510544210089488,1
Suburb,Suburb,16,31,18.111670833973445,0.6820350852614692,4.193436755519824,0
Highway,Rural Route,21,13,19.903845216363568,1.5041297664249427,10.522733280754833,0
Suburb,Highway,1,90,27.056420432559708,0.9115410658404155,11.119925210684713,1
Highway,Highway,22,81,11.197084410307234,0.0028453671309982965,7.248368781860007,2
City Center,Suburb,21,55,13.431407727805013,1.7322973577411336,6.415207275952163,0
Rural Route,Suburb,4,68,25.005596718976477,3.383423701341855,7.936685622275729,1
Highway,Suburb,3,43,3.018211706247424,0.07423997354477772,9.438826622071664,1
Suburb,Suburb,3,20,19.658333691097475,0.00699573804051135,7.7480081715361475,0
Rural Route,Suburb,5,40,12.022703295100108,2.6025716246500568,11.666712051434741,0
Rural Route,City Center,19,20,9.917708255451219,2.303138511386853,11.278407173074532,0
Suburb,City Center,20,65,3.615361517351701,1.0412540193852473,11.12777889995755,0
Highway,Rural Route,12,47,27.723020550690357,2.167082153895647,13.774583323581332,0
City Center,Highway,21,30,21.588258992096506,6.1317118195575775,11.936341543163703,1
City Center,City Center,4,19,13.277187972517037,0.5696730405706076,10.850160483231877,0
Highway,City Center,22,35,18.35442090329431,0.5645311219603959,6.326092825341743,1
Rural Route,City Center,22,17,9.071176857457214,0.41216043502633093,13.472473330975248,0
Rural Route,Rural Route,6,17,14.638141565595008,2.5746128141516365,13.800004314806486,0
Rural Route,Suburb,19,69,18.01653664081942,0.8714030256903118,9.012743526918497,0
Rural Route,Rural Route,0,81,20.639504750858116,8.964690252053552,7.572040711914509,1
Highway,Highway,13,43,23.920636119749428,2.508069878414527,12.263739194458012,0
Rural Route,Highway,23,25,1.9414758600113977,0.9157608634093574,4.5389976708186905,2
Suburb,Highway,3,22,23.95175959224812,0.3231235614533637,11.195069102857486,0
Rural Route,Highway,16,96,2.745037788066206,1.7930978625014569,14.490367663997647,1
City Center,City Center,20,85,24.31533478591583,0.6988405118690705,8.856526845348974,0
Rural Route,City Center,13,31,17.866890455515442,4.718503094947176,10.72659548896339,0
Highway,Rural Route,15,36,30.914598464126517,1.1646590042317844,10.30308946673484,0
City Center,Suburb,13,73,13.255269106290918,0.6924592718887624,13.12995704343939,0
Highway,Highway,15,11,27.80840010473714,1.7761443662505838,10.318363293752363,0
Highway,Rural Route,23,35,8.326067750411765,0.29462208274473384,8.971856977292115,1
City Center,City Center,19,92,21.058878675930718,1.649014768086512,5.44237637110223,0
Highway,City Center,7,78,-0.38000969552388497,0.11549442292454337,10.282737292559025,0
Highway,Suburb,23,93,28.830629612037807,1.867324909339343,9.790561927561095,0
Rural Route,Suburb,2,39,37.26873403339546,1.510742498200283,3.896301833433041,2
Suburb,Suburb,18,17,13.017777775262484,1.4711324916838278,6.980073409107251,0
Highway,Rural Route,0,47,21.22630566981315,2.3050668259214144,8.207093259396915,1
Highway,City Center,1,70,24.438379247952007,0.09095022037157413,8.20771821565861,2
Highway,City Center,14,90,4.497450028473899,1.2313779506174105,9.91534835253411,1
Rural Route,Suburb,21,74,12.50893303209756,1.1741130499836456,9.67068455313051,0
Suburb,Highway,9,76,11.889901813625135,1.2315666701670516,9.811735617254225,1
City Center,Suburb,17,55,44.070636504352976,7.813172728096723,16.778750889728546,0
Rural Route,Rural Route,21,99,30.458023643603603,0.2999685135391108,8.675726515375022,0
Rural Route,Suburb,13,81,17.829171350838983,2.345140512838861,7.391887594471054,0
Suburb,Suburb,16,52,27.790407440340076,1.0283161316383658,14.700982598987782,0
Suburb,Rural Route,12,68,22.11249517708719,1.4337592582412373,14.391825132488455,0
Rural Route,Suburb,0,55,25.930372739297486,2.874282086138375,6.753339881401259,0
City Center,City Center,4,81,9.464858387526753,0.34246757008102846,13.640283076927092,1
Rural Route,Highway,12,44,33.73376391879333,2.8843348862148104,4.459983638027509,1
Suburb,Suburb,13,48,12.322596087296589,0.1458528728198546,18.611169149940597,0
City Center,Rural Route,23,60,12.840279745815675,1.3206225029281158,15.348513893428493,0
Suburb,Highway,2,13,25.902271817774498,2.710140748056088,11.595804009205395,2
City Center,Rural Route,14,89,23.457607517434656,0.42775189543426206,12.575711263783996,0
Highway,Highway,18,86,20.23156736070609,2.9473299706622123,11.331150457492107,1
Suburb,Highway,16,93,28.396000835400407,0.3649931608411758,8.022907892055702,1
Suburb,Suburb,2,60,8.389447612464123,3.21127784485793,13.58698982160883,0
Rural Route,City Center,15,14,38.44353546675371,1.265743867081297,14.068473702528372,0
Suburb,Suburb,13,64,14.993447819542407,2.308070291928657,7.818231411439092,0
Suburb,Rural Route,11,29,19.115888628471403,4.987647580002096,9.90398330186252,0
Highway,Rural Route,11,33,38.5982676179261,1.0499218616908483,6.300456082527023,0
Suburb,Highway,10,45,12.905599598432003,0.5304262068561523,9.857054703090723,0
Highway,Highway,16,43,30.23042502522681,4.037281443370029,9.19716158713168,1
Highway,City Center,7,63,17.856780718023522,0.35255964521543004,13.757466405930568,1
Highway,Suburb,16,43,11.581654310059347,1.99649916246971,14.802522199940514,0
Highway,Rural Route,20,92,16.162608076345307,5.134489468705177,6.809026485748371,2
City Center,Highway,22,26,25.662801967721954,2.2441510903949227,12.307412244211323,1
Rural Route,City Center,19,14,30.14266329757735,0.4355188571277324,12.638974217138333,0
City Center,Rural Route,10,98,22.256059199178342,0.33041909608400233,4.756397898165819,1
Suburb,Highway,1,27,4.020563481148125,0.5815216969800836,12.895015214057917,0
City Center,Rural Route,9,64,26.355316496618254,0.9932105375075946,5.565634328827475,0
City Center,City Center,9,62,18.57868165384069,0.3467054708082523,8.466332738184395,0
Suburb,City Center,10,59,8.975172331712105,3.1971350835711574,7.296969708595051,0
Suburb,Rural Route,5,81,23.463936203494672,0.8833310428645584,5.286656423325352,0
Suburb,Suburb,3,88,31.338395186471175,5.5004567268776405,13.311375131212408,2
City Center,Rural Route,23,54,20.067189479971947,3.6965436325476255,7.173392896520786,1
City Center,Highway,11,22,29.23332691789261,4.7898013039461125,8.811129565188555,0
Suburb,Suburb,10,25,24.623960344405948,0.6976763634753538,9.979537484347764,0
Rural Route,Highway,22,95,24.75304294826676,1.705371904741819,12.228962509297236,2
Rural Route,Rural Route,22,93,16.945130489473637,0.7755928003584237,7.0940982265908525,1
Highway,Suburb,12,22,28.186965388273407,0.5939798773168786,11.462467482651665,0
Suburb,Highway,4,29,29.14178845430299,1.8683330176117934,9.307060958723001,1
Highway,Rural Route,5,75,27.926678402137735,3.407446421815126,6.975777080857192,0
Rural Route,Rural Route,0,56,16.862132632762506,0.19654429769226195,13.061523434820847,1
Highway,Suburb,5,28,29.85079769488608,0.6452890944246309,16.23536820978403,0
Suburb,Rural Route,17,54,23.863145048095124,0.45916391912351684,10.611827472612744,0
Suburb,City Center,21,46,10.27674538572936,3.2024452327184147,8.173092319273291,0
Suburb,Highway,8,63,16.18507715720053,5.417262932774879,7.7928896925430715,1
City Center,Highway,23,15,14.695910257703682,0.16663867867603138,12.41927591565991,1
Highway,Rural Route,14,23,0.12103120488470154,0.9535358381778688,10.040561357629555,0
Rural Route,Rural Route,7,13,30.0341305017834,4.918689342848015,6.813020533951899,0
Rural Route,City Center,18,95,51.01186717683017,0.8451357215678433,4.920430935410695,1
Rural Route,Suburb,23,64,32.083479018809356,2.494188188135336,11.143643035170815,0
City Center,Rural Route,15,43,21.628593246192235,0.2122024387540903,6.20400178073539,0
City Center,Rural Route,5,36,14.841812693709256,1.175368454101822,8.792299404807158,0
Suburb,Rural Route,5,16,10.749162567708677,1.3995412367182725,14.886140058916084,0
Rural Route,Rural Route,21,12,21.506453788187592,2.834860815712575,7.506583714209353,0
City Center,Highway,2,56,29.68306513259968,0.6816725118568905,13.161047667396463,1
Suburb,Rural Route,9,11,13.2541754779175,0.6135628115717274,6.93638997930186,0
Rural Route,Highway,0,89,45.6426017755055,0.7218469701465394,12.624064522603051,1
Highway,Rural Route,13,34,6.160068672847652,1.6224948226065772,11.725413211689474,0
Suburb,Suburb,3,69,22.244982048532002,4.175018612936388,11.464535796490365,1
City Center,City Center,11,88,20.702943485388975,3.5550197153350562,8.174022804466773,1
City Center,Suburb,5,33,20.066264204110894,0.11938463296966088,11.910665335479324,0
Suburb,Rural Route,10,24,14.311450977629132,4.223187642248395,11.123741602013723,0
Suburb,Rural Route,11,23,20.824663936971493,0.19988239615151968,15.663829281154392,0
City Center,Rural Route,9,63,15.502288582474602,1.0734771982318227,8.152137566711914,0
Highway,Suburb,17,87,32.87889402212542,2.8997845311881236,13.857973526376323,1
Rural Route,Rural Route,6,15,36.20774083408945,0.17005077935667706,7.298113105026825,0
Highway,Suburb,6,87,16.11456750616957,0.08247682966600062,9.2836148074006,1
Suburb,Highway,10,90,3.5502932342500593,0.8009426066985362,8.084475265341744,1
Highway,City Center,3,27,23.176471237228835,2.6181156629596307,8.513674865338174,1
City Center,City Center,19,29,22.81594410013718,1.4752702628727068,9.527861055498784,0
Suburb,Suburb,0,71,21.052123088844535,1.0791426024594768,14.325245098261913,0
Rural Route,Highway,12,90,25.329527210178334,3.3540776225691364,11.369928744228524,1
City Center,Suburb,17,89,33.81527811243871,2.9109396030651653,13.70223349144385,0
City Center,Highway,8,49,28.329721803340547,3.083962397984972,10.043727318160105,0
Rural Route,Rural Route,23,48,25.314353199369844,1.2313607715264225,13.84820582400297,1
Rural Route,Highway,23,61,27.53915544707429,0.03928173544367407,10.681026825721313,1
Highway,Highway,8,41,22.514758189977822,0.3778151304071156,7.632234254690319,0
Suburb,Highway,22,82,10.54559056647713,2.7041756905735834,13.168001899085219,1
Rural Route,City Center,8,36,34.50456415125785,2.798139007737048,14.451706444160592,0
Rural Route,Highway,9,61,21.025835688431968,7.172545568117414,11.914950900477026,1
Suburb,Rural Route,1,72,10.540607347795918,0.4219026759404696,12.492639881683935,1
Rural Route,Rural Route,5,83,8.720211844882645,0.26232962044529634,13.837459260711462,0
Rural Route,Rural Route,14,72,10.822008134999939,0.2988329531297087,9.189854997667023,0
Highway,Highway,2,26,7.67294479471466,0.40861443605297393,7.84616556322253,1
City Center,Suburb,10,58,26.68884426670556,1.5035380614346554,11.088093433545806,0
City Center,Suburb,5,90,18.248883705908213,7.3947478987318505,15.179353575884598,1
City Center,Rural Route,2,91,27.76004744042708,1.7804249058703878,10.903568938468371,1
City Center,City Center,23,32,31.69473619916878,1.4791701027997508,11.88911958751844,0
Rural Route,Suburb,10,81,29.10781916946129,2.2377701829082186,10.224190116680303,0
Suburb,Highway,14,22,26.34023406042665,0.15361175038758978,10.883718774195223,0
Suburb,Suburb,12,32,22.875291201532225,3.378631054101453,8.415945635334007,0
Highway,Rural Route,19,66,18.09636936681942,2.081892086401751,11.644802046501798,1
Highway,City Center,9,71,18.763538727660855,0.3755327368464277,12.633352801953734,0
Rural Route,Suburb,5,63,25.843634890461775,1.9923754318287057,5.492453748488993,0
Suburb,Suburb,14,29,10.386846082323821,1.8137105847624142,5.49657446711106,0
Suburb,Rural Route,17,95,19.461152487126157,0.13410305457724184,4.738414504333105,1
City Center,City Center,17,61,12.571578084723605,0.6210341636900067,14.426371596445168,0
Rural Route,City Center,6,32,31.729820785754615,0.9916823170831969,7.225619539018,0
Rural Route,Rural Route,14,44,27.17057326912753,0.5617797951088624,11.055182327306976,0
City Center,Highway,17,76,41.374544455755775,0.557211277153751,15.35504766864991,0
Rural Route,Suburb,17,43,12.422987427599583,1.701701205071524,10.997571468853005,0
Rural Route,Highway,19,42,13.495261866180305,1.2730007484770518,11.542880353278086,0
Highway,Suburb,8,55,20.57501100244288,2.200981193537709,7.470624482340212,0
Suburb,Suburb,23,90,12.745415074350213,6.265721380464317,10.999632928706092,2
Rural Route,Highway,1,54,25.37619803519589,2.1608928508747995,7.014710626244165,1
Highway,Rural Route,7,28,19.490468732277694,1.7450067517310435,4.290065662932873,1
Suburb,Rural Route,19,96,15.114692983003152,3.7619617366580886,10.157025754871112,0
City Center,Suburb,1,24,30.876045646144117,1.9997420611396548,10.962448482507044,0
Highway,Rural Route,10,87,1.5041148955861132,0.36199192031218425,8.414849384671149,1
Highway,Suburb,6,75,25.421131768389174,0.7559392917858518,7.760125651807041,1
Suburb,Rural Route,5,48,14.488675321303003,2.6437138103114974,9.35970651433022,0
City Center,Suburb,9,27,28.167564739236777,2.6817426369953186,7.819790579475013,0
Highway,Rural Route,4,79,30.562557080652972,8.686958497687483,12.226604445310489,2
Rural Route,City Center,10,68,-2.763505370525621,1.9722190229567504,11.340538992505167,0
Rural Route,Highway,0,41,17.883776212457782,4.596094570587349,14.884123511216009,0
Rural Route,City Center,1,30,20.581916279866054,0.11225266860067815,8.933475501708456,0
City Center,Highway,23,49,-3.5783574319977305,1.6704463827838574,10.20946680250595,1
Highway,Highway,0,36,22.27750827209475,5.047661510434207,10.520739102955092,1
Rural Route,Suburb,18,11,14.719470925456019,0.6772329261640744,8.881017398787064,0
City Center,Highway,1,89,7.942726837690834,0.3365452625473669,4.049533849129812,2
Rural Route,City Center,20,48,13.49510915910992,0.8631361718899343,11.331670540150588,0
Suburb,City Center,19,95,11.766863635468406,3.142706527602821,17.004465074040542,0
Highway,Rural Route,22,65,14.291426856276875,0.17700857732413355,12.998066235376665,1
Highway,City Center,20,22,21.851233909525426,1.8342754728078967,15.874560273773474,0
City Center,Rural Route,23,65,29.812465300644305,0.2915124378568576,12.69038908271589,0
City Center,Highway,3,75,19.22164050176117,1.143744733139073,9.544097517881196,1
Highway,City Center,11,87,31.027580706619883,6.7614371161738305,11.804747006862334,1
Rural Route,Highway,21,65,9.540425161094134,0.434184469651993,13.209678642553392,0
Rural Route,City Center,19,37,21.528892666006424,0.06921715245390822,5.19803819291386,0
Suburb,City Center,17,73,41.06611548176073,1.1144489851482686,11.334464640927756,0
Rural Route,Rural Route,0,80,4.0943523682504335,1.724057737627956,9.70470168700267,0
City Center,Highway,0,91,3.7124227106106176,0.706270247378406,14.432334050622412,1
City Center,City Center,23,73,32.799717033334886,1.5607593605436443,11.116975498278721,0
Rural Route,Suburb,13,65,22.205251319352797,6.132393007573647,2.6190867810666862,1
City Center,Highway,3,50,13.984999583402,0.7472666774162644,11.319658614293452,0
Highway,Highway,4,50,8.703263644945006,0.7404672728145146,3.814445338964382,2
Highway,Highway,10,13,19.640113971424352,1.318527129896585,13.822325249078775,0
Rural Route,Rural Route,23,66,21.335790902803808,1.4485176795925219,7.696335399376203,1
Highway,Suburb,22,39,21.385272861047202,0.0027337192043964008,6.607762605394384,1
Highway,Highway,12,97,8.605525824744527,1.913575200199259,7.686851705464252,1
Suburb,City Center,15,93,16.630510773713386,11.871945144238529,7.318977277666493,1
Suburb,City Center,23,55,14.319170536547901,0.6906451093232057,9.532869517283585,0
Highway,Rural Route,12,65,26.46443891396509,1.9928879752595106,7.418476509519097,0
Rural Route,City Center,23,40,9.195505729059313,0.009264735803660443,9.097525104075013,1
Suburb,Highway,21,97,20.760277731803942,1.8543323731442478,5.373161392144449,1
City Center,City Center,1,16,46.34226417635905,1.1850416205511878,9.245065335652127,0
City Center,Highway,15,99,8.512695213410916,1.5112930193097958,14.267762022108371,1
City Center,City Center,5,86,12.527370220950278,1.570108173118024,8.654242742291952,0
Rural Route,Suburb,13,63,19.06137546901203,0.38948386898825754,11.872440304502119,0
Highway,Rural Route,0,17,-9.42254412122821,2.9390747582765644,6.231127083962225,1
City Center,Rural Route,16,64,5.73172542880226,1.6214737643596417,11.739088198125328,0
Rural Route,Suburb,10,78,23.106925500432602,0.629954326397029,13.412752688183113,0
Suburb,Suburb,18,53,18.243298792335132,5.5413905220326845,14.275635949642838,0
Highway,Rural Route,2,22,30.547071575436448,0.02571199062903012,10.602243101897306,1
Suburb,Suburb,10,29,17.618751616550256,2.5887961057156548,12.014328313308622,0
Rural Route,Highway,4,87,16.73855836803881,0.960060046026987,6.158443460794853,1
City Center,City Center,16,41,12.971292248383808,1.4785700220640232,8.849770411974209,0
City Center,Rural Route,21,69,16.571549218909883,0.6892379612628935,7.599148975115288,0
Rural Route,Suburb,6,59,7.884121818031872,0.7750112280406307,10.985358467478914,0
City Center,Highway,9,36,18.525340970352126,0.030564795694183296,8.415354339754135,1
Highway,Rural Route,10,34,10.287431861107683,2.6175194780026323,12.060363843937772,0
Rural Route,Suburb,2,61,7.89234578753309,2.4812625871121012,17.40577098733916,0
Suburb,Rural Route,19,77,13.605425624985953,2.1247046029401484,11.864724277425136,0
Rural Route,Suburb,9,30,24.511528197386227,4.206660116861601,14.2349739500219,0
Highway,Rural Route,9,27,21.422555075579133,4.630683844043569,6.44634231808585,0
Highway,Highway,13,48,26.676065265542512,1.6258638740603049,9.745089600015968,0
Rural Route,Highway,11,24,10.767638643302304,2.309244908891153,10.650566325813543,0
Rural Route,City Center,14,62,19.86803867618248,0.022118661294688702,10.195167093383727,0
City Center,Rural Route,9,47,37.017921015385625,3.7460656330335618,15.529994374032574,0
Highway,City Center,9,57,33.975147319074594,3.3901378392851975,7.768341859170786,1
Rural Route,Rural Route,18,61,7.253631141445183,0.040912863543438004,10.96937208294963,0
Rural Route,Suburb,0,97,9.915960738284975,1.5653790066214541,2.714596744913303,2
Highway,Suburb,23,81,36.97470389281115,4.742918166751047,11.274019316090557,1
Rural Route,City Center,9,37,24.515504262525724,0.40029008002950334,11.517747567743653,0
City Center,Rural Route,1,94,18.092699135959812,0.869720655071647,9.843245610042143,0
Highway,City Center,16,25,16.975883304439332,0.8041029180435318,11.185904550934573,1
City Center,Highway,23,25,22.274597786057477,0.8799282552912706,8.306531824765456,1
City Center,City Center,6,44,22.399935051266812,0.08557708393032308,6.335441369290953,0
City Center,City Center,6,26,14.668388709348093,0.6542813374366293,7.034378887956367,0
City Center,Suburb,19,82,18.367994922519426,0.6987073703279013,7.442301943589877,1
Highway,City Center,8,61,14.31779163286917,4.017922145207982,6.122945173098646,0
City Center,Rural Route,21,91,21.687405096752837,0.8680872440156963,6.00453290086563,0
City Center,Suburb,1,21,12.624324290376526,1.185578577988668,7.5098075038257734,0
Rural Route,City Center,13,92,7.322534263848228,0.958453858433247,8.931690454843567,0
Highway,Highway,16,57,34.7537576371028,0.25719789625410727,10.395629506776892,0
Highway,City Center,0,31,19.304244012336362,9.28299578278323,6.328277038179139,1
Suburb,City Center,8,58,36.97054659723987,3.495391665939117,7.198424058056571,0
Highway,City Center,19,61,0.677172788166228,1.5570629219165346,8.157205102637105,1
Highway,Suburb,20,88,5.505269641965157,1.2939188733646894,11.310636314323997,1
Suburb,Rural Route,18,10,24.667947742561353,2.0953900650873227,6.414604413113784,0
Highway,Highway,3,75,19.31267406413143,0.7903301179852472,8.448206408657665,2
Highway,City Center,7,73,8.423099369457919,0.10318219398843487,12.917216636225522,1
Highway,Rural Route,12,17,31.364953572903143,1.03609263943185,7.616132472323067,0
Highway,Rural Route,3,95,11.301066707691282,8.267532251589975,6.258163209934121,2
Suburb,Suburb,8,34,31.985507031120807,0.4026340006898736,9.738342211790561,0
Highway,Highway,8,75,19.29565170422573,1.5003042144189584,7.506370241009639,1
Highway,Suburb,21,82,9.300694344041107,0.01711582200916302,1.714165990042913,2
Suburb,Rural Route,17,82,13.312614813308613,0.26028916054416756,10.597137303820205,0
Rural Route,Rural Route,11,86,33.721530279107526,1.769543919118662,12.610711275200764,0
City Center,Rural Route,9,79,17.022529649549423,0.7059747300113748,9.932924088980721,0
Rural Route,Suburb,10,88,29.723408713396545,4.722219180521534,13.129594946887398,0
Suburb,Highway,6,60,34.004400847983256,1.0423236034865315,11.932077694330317,0
City Center,City Center,8,62,19.19576750144013,0.4664726173750139,7.435300995369294,0
Suburb,Suburb,5,24,17.768070470737964,1.57751859673862,16.148520637861104,0
Suburb,Rural Route,18,59,15.950318624199177,3.169233398430802,10.96343074569291,0
Highway,Suburb,15,80,23.52097624321858,0.03922147165973509,11.283408724331913,1
City Center,Rural Route,14,84,35.05930024000065,1.4084976270796448,7.019597144344513,0
Highway,City Center,6,47,7.729636006936733,2.9693722675147285,5.362454393627246,0
City Center,City Center,15,49,22.1915235965408,0.21871176108936788,6.749818184756002,0
Suburb,Highway,4,75,21.758794268582715,4.6619386606370234,12.760303641538433,2
Suburb,Rural Route,15,48,1.958128903030417,0.6144568202957225,15.131495129602769,0
Rural Route,Highway,0,83,11.125342680197877,0.3741141619314007,10.86625321355595,1
City Center,Highway,18,26,13.174588933123673,1.7795706141724585,10.277574923017355,1
Highway,City Center,4,16,27.640295328002384,0.38481929173360324,12.901718895804395,1
Rural Route,Suburb,6,48,29.389509112008213,2.277003938176388,14.143505304091526,0
Rural Route,Suburb,18,77,1.246216000817757,1.347089468159687,5.643801916568601,0
Rural Route,Highway,21,44,26.392020829551665,0.23296867262802815,14.883801917654967,0
Highway,City Center,4,60,25.099279848203732,4.872007488680738,8.85852054318424,1
Rural Route,Rural Route,16,56,25.78386676470575,2.2368469409786855,13.251938541876829,0
Highway,Suburb,21,45,21.527459642976538,1.5792854420019478,6.797104882646175,0
Rural Route,Highway,7,73,29.50439845129399,0.9378983398872247,13.100505941806093,1
Highway,Suburb,0,98,31.71520695452716,0.2897276504916391,5.698914632228162,2
Suburb,Suburb,1,22,3.6613433610625705,2.458706842659852,13.363939061027517,0
Suburb,Rural Route,14,27,19.51275696727749,3.360319770508115,11.93003898130366,0
Suburb,City Center,19,30,17.455112540667823,0.268935318572653,5.283871336847089,0
Suburb,Rural Route,17,74,14.272528969246268,1.364682053988296,13.826241309842212,0
Suburb,City Center,10,17,15.454919526457255,1.3265795137524432,7.072063872833375,0
Rural Route,Suburb,9,57,21.86783626337398,0.8612941836184955,13.428746785709233,0
Rural Route,Highway,23,94,7.033912417916277,3.1150376340238894,10.43343487443816,1
Rural Route,Rural Route,23,52,26.70622060084801,0.20967637931393765,6.261187021867832,0
Highway,City Center,3,62,16.30877929161159,0.458874693698488,6.960342041671543,0
Highway,Suburb,4,94,28.746466795891507,0.0032081094533914817,20.0,1
Highway,City Center,3,36,13.800688299648474,0.9335708682559251,16.92204104771993,1
Highway,City Center,12,28,13.25886389018828,0.6883021573413233,9.367965430111123,0
Suburb,City Center,12,32,10.545366538276529,4.034721833764744,11.273914864442617,0
Suburb,Suburb,17,59,13.856453907144932,2.739348440631181,13.609101600729275,0
Suburb,Highway,23,60,11.98570124551695,0.17650909130686157,6.124368593034045,1
City Center,Highway,1,52,24.347471890946547,2.701514039305275,12.069808537694612,1
Rural Route,Highway,15,60,30.471073196848813,2.2503246120647376,12.961504579922407,0
Highway,City Center,0,78,23.878680896835167,0.6618035271909826,11.085534230428683,1
Highway,Suburb,18,50,19.22577635032753,0.03116307767389386,14.17283664423588,0
Suburb,City Center,8,81,24.868874441110286,0.2447023104144486,10.457931872540621,0
Highway,Highway,2,20,19.6358037659105,0.5752070433901031,13.315890632066676,1
Highway,Highway,6,89,20.285733449584793,3.392415358889054,10.70890086082662,1
Rural Route,Suburb,9,97,16.933610617342254,1.2521468488506358,5.398907164759076,1
Suburb,City Center,0,94,28.365912631195464,5.011742391418067,12.81688548397393,2
Rural Route,Rural Route,9,61,-5.659315673467205,3.1132019848585086,13.905840578267885,0
City Center,Rural Route,20,32,-1.3284803319782377,0.6768511899312624,9.54639224550666,0
City Center,Highway,8,58,30.272244357545137,3.7333387799844893,5.982721737003304,0
City Center,Suburb,14,47,18.034728659452963,0.24823701581486474,12.604223675944137,0
Suburb,City Center,14,56,29.17233845197682,0.07357180197554113,10.94943047453363,0
Highway,City Center,2,81,13.919213544478536,1.8757342794365561,10.891037839439287,1
Suburb,Highway,4,16,36.74244132883051,0.8363197987852711,10.567058400895217,1
Suburb,Highway,8,75,18.634813446403843,0.7992414993679888,13.02313121377997,0
Highway,City Center,21,86,24.493915470600932,2.324434882302313,10.863808802738562,1
Rural Route,City Center,8,71,15.528537521177189,3.795624820085768,8.575237506952453,0
City Center,Highway,22,96,11.028683128442701,0.7777337639700708,5.154217968803301,2
Rural Route,City Center,6,38,2.5907141992958955,0.7861261307792738,8.615420498738501,0
City Center,Rural Route,23,47,27.85704056263359,1.526500075530872,12.728676503446465,0
Suburb,Highway,22,93,23.95417575434242,2.1179195033770086,8.995715393131485,2
City Center,City Center,11,42,20.93692579944518,0.45356481675063304,12.723548015374162,0
Suburb,Highway,8,38,8.61384166218673,4.8763320927680205,5.7572553957094845,0
Rural Route,Suburb,5,88,34.15466000084484,2.1250421105341286,6.965019479344182,0
Suburb,Highway,22,32,21.058725935412493,1.9625216862298658,6.790896761077455,1
Rural Route,Highway,1,12,27.028888301358236,4.690894085028583,10.406127003960448,0
Highway,Suburb,8,54,19.97012829795161,4.756020369449932,15.37604009471151,1
Highway,Rural Route,16,17,9.105784528017224,0.29132390394535246,16.732900873603,0
Highway,City Center,0,95,29.92436361185124,0.31348424538641334,13.172615620647807,1
Suburb,Suburb,18,38,24.507684445218874,2.8705381557334437,4.126268480803885,0
Highway,Highway,5,11,18.18590026076447,6.28753417897452,7.7437569011364635,0
City Center,City Center,4,59,24.336705323781185,2.196306858998812,0.8834474989376933,2
Rural Route,Suburb,1,74,28.175435422521574,1.059734876371775,10.495608271407022,1
Rural Route,City Center,8,29,26.602060569795714,2.30069434913039,14.874643234144028,0
City Center,City Center,13,61,2.886737815908166,0.5196450932684517,12.44652201130867,0
Suburb,Suburb,3,94,5.097982152184681,12.395796780687402,4.703597478397011,2
Suburb,City Center,3,46,27.32849129672006,1.1280492476768127,14.166167337358365,1
Rural Route,Rural Route,20,81,13.038798864619721,5.367281184190921,13.6128387010552,1
Highway,Suburb,14,36,9.513874015588218,1.1270399838853227,14.629384554020632,0
Suburb,Rural Route,7,56,23.7210422974605,5.266064902811087,13.327325537493216,0
Suburb,Highway,3,15,9.210560928590557,0.8179990179412946,8.421592486926578,1
City Center,City Center,15,69,15.20858787170907,2.8587627097624524,4.4352561290051,1
City Center,Highway,20,54,28.52269849518696,6.031952102573298,13.512778594329745,1
Highway,Highway,3,53,4.858581814351744,2.07680757193997,12.32979839546802,1
Suburb,City Center,15,92,6.317362403043447,2.2637088273328505,4.084206357345594,1
Suburb,Suburb,21,27,3.890035679512085,0.21714521630921038,7.107105224451276,0
City Center,City Center,11,74,11.388351693153972,1.2857446083908797,7.19137688265142,0
Suburb,Highway,15,34,20.827152390597114,4.356410503248119,12.182413546660921,0
Rural Route,Highway,18,36,13.812120687450935,0.5512694315938296,9.953499179935397,0
City Center,Suburb,7,16,35.03349064325761,3.105765599682693,9.208954113405134,0
Highway,City Center,5,53,24.553097520485167,2.252233499297157,8.741562525080374,0
City Center,Highway,9,38,19.81181948107826,0.5045937307612782,6.622997210362083,1
Suburb,Rural Route,4,53,32.67408950177688,0.6647765494657515,12.896145643146745,0
Highway,Highway,17,45,6.691929921548702,1.1156978499374413,7.819331357104534,0
City Center,Highway,9,28,28.665715237825008,0.2673581568207215,13.487128653411222,0
Rural Route,Suburb,9,15,17.637413633749865,4.892248153474469,5.820885408510534,0
Rural Route,Rural Route,6,34,15.446773560326527,2.6892118910549816,8.524085036280592,0
City Center,Highway,17,40,26.110712541668335,0.9081474925201578,15.894499767797905,0
Rural Route,Highway,0,18,15.874914191296309,0.7123943884584928,10.703866935539473,1
Rural Route,Rural Route,6,93,21.819035366875813,2.339650841085319,8.528359428657325,0
Rural Route,City Center,20,83,19.000891430289297,1.1040624738306122,8.115740236746635,0
Highway,City Center,0,46,23.064517734291798,0.5210070803315563,7.391817840785574,2
Rural Route,Highway,14,36,14.92919570462166,1.124766864071165,11.36109091943959,0
Rural Route,Highway,3,22,29.267623599181636,4.100495448541446,12.69578934731313,1
Rural Route,City Center,19,50,-0.44178903095349753,0.14214714759481378,10.753891724398208,0
Highway,Suburb,9,75,26.408925551544225,0.9188657850376185,9.822347537266525,1
City Center,Rural Route,22,94,1.0876025752327863,6.558282870060974,11.804706129271295,2
Suburb,Rural Route,8,33,12.465518080109575,0.02988586812107975,5.78632568561293,0
Rural Route,Suburb,1,53,25.22359055290952,4.426225980222857,11.134246204653593,0
City Center,Suburb,13,69,-0.1366957103529245,0.9394751647256027,11.303963061127714,0
Rural Route,Suburb,15,18,21.664807447157205,0.4202527979568123,10.80205909373011,0
Highway,Suburb,0,11,6.286541511321582,0.030186154157973297,8.334311549815997,1
City Center,Suburb,1,65,10.309301522970921,0.14626600588650354,7.674870417754699,1
Highway,Suburb,6,39,9.849261769920014,0.37710593769134915,6.09751356483316,1
Rural Route,Rural Route,9,31,6.5666689772133395,0.051475255535293134,14.411744717257614,0
Rural Route,Suburb,21,84,2.7038959742484394,0.8184941055777613,9.832968061399933,0
Highway,City Center,19,90,40.71187460466147,0.09186404528638925,8.72861115275241,0
Suburb,Suburb,0,22,18.175285194964943,2.35671448333904,8.436310367889673,0
Highway,Suburb,12,80,7.625775532709596,3.4174903889494477,7.130521474696545,1
Rural Route,Rural Route,0,25,14.378760635572991,4.368962858752453,8.392888195973491,0
Highway,Rural Route,4,54,20.36661028391435,1.5931443897716229,13.633689014439517,1
Suburb,Suburb,15,74,16.213051975311476,5.856503961590359,11.745133815348984,0
Highway,Rural Route,14,20,7.331582257330107,0.011322892692936447,12.48548022732071,0
Suburb,Highway,16,79,11.00768319419429,0.28778305575383467,12.877859221105261,0
Suburb,Rural Route,22,29,31.857164095891477,0.6939188166022981,16.599490401106245,0
Highway,Rural Route,15,72,5.972870433022706,3.1120259817231135,10.083160546549829,1
Highway,Rural Route,12,99,0.03029114429366686,4.332425431922761,8.716036205661883,1
City Center,Rural Route,10,21,16.120451866492637,1.9253733982004808,11.311531824341358,0
Rural Route,City Center,16,71,0.682836198604992,0.9665387652168846,11.946029826747761,0
Suburb,City Center,16,51,10.902265956561987,2.19230425620894,9.897862513686079,0
City Center,City Center,1,92,7.480628015868989,0.3990966715909376,7.31810744379028,0
Highway,Suburb,12,78,7.568113585343584,1.2245138569440066,10.557990328377002,0
Rural Route,Suburb,13,67,20.695297843718016,1.4167007242432725,11.633470998474058,0
City Center,Highway,10,14,22.570569696438685,0.22157536783947074,11.042164522648214,1
Suburb,City Center,9,36,11.940983579411263,0.06891926348114881,4.487082092707212,1
City Center,Suburb,2,37,19.056178506944985,2.7734328791661174,5.2297315014708,0
Suburb,Rural Route,16,35,11.442793652463122,1.5301731745556335,12.150352843823129,0
Highway,Rural Route,14,58,24.008386375030977,0.8076490148932006,8.88306749845628,0
Rural Route,City Center,8,30,5.2233630999637235,1.1497636572687124,16.67371774825699,0
Rural Route,Highway,9,10,21.6524064711872,6.32609777503301,14.023482197662211,1
Rural Route,Highway,7,67,22.410805961753518,0.971985625467762,6.195610147964738,0
Highway,Rural Route,20,88,43.359791698528696,0.21846762919558388,13.079545851789529,1
Suburb,Highway,12,64,2.4555690674263246,1.245758381800129,14.801730610616683,1
Highway,City Center,17,90,46.55760448912665,2.088523074962554,8.664179101963601,1
Rural Route,Rural Route,4,35,27.566846105886572,0.02437415553678906,9.741467137638237,0
Highway,Suburb,5,93,38.27314706140668,0.8079541116601925,8.355888854461611,0
Highway,Suburb,16,34,29.052651392522556,1.0001486537166873,6.632030683233628,0
Highway,Highway,10,86,10.56459790971671,1.2461785104072813,14.730933841205902,1
Suburb,Rural Route,19,42,26.5784000648901,0.7181676678989721,2.2300785173724478,1
City Center,Rural Route,15,98,13.343472605450117,2.19875871637669,7.976256480027558,0
City Center,Suburb,8,81,19.118553243080555,5.790298357368105,8.732621992064047,1
Highway,Rural Route,1,78,8.253149060454339,4.906773548226028,10.47156386681048,1
City Center,Rural Route,4,15,13.213023388623728,2.183631364878432,6.280911240047398,0
City Center,Rural Route,0,32,28.969765383056014,1.4140219452688059,14.064803162255075,0
Highway,Highway,3,39,24.379565068489566,3.49527610419567,4.4923008909707125,2
Highway,Rural Route,3,87,30.242302339272182,3.6150118472432586,4.536182507460021,2
Rural Route,City Center,21,63,6.021879975153668,3.538897072720718,10.174159329730202,0
City Center,Highway,2,96,1.295591105706439,0.3435846196510741,6.1391407532600235,1
Suburb,Rural Route,8,20,31.017157121691127,0.05152266673003837,10.623273861312263,0
Highway,Rural Route,21,40,30.27672869687949,8.171968385190365,7.779718910677433,0
Rural Route,City Center,22,15,22.115374452917113,6.42053574568881,12.42218657218196,1
Suburb,Highway,11,20,24.192256487510242,1.6619628843006014,7.2163941826250815,0
City Center,Suburb,9,86,28.650381451308625,9.941978395947102,14.333652316858828,1
Rural Route,Suburb,1,21,21.815240925881476,2.9441145171794436,11.888222543411864,0
Highway,Highway,10,75,25.36667248102405,1.4570521291634035,7.725714118956246,1
Suburb,Rural Route,9,62,28.14822720248106,0.9864006228261,11.872739213898196,0
Highway,Rural Route,21,45,19.064855036485433,1.7972121107923265,10.438047827825356,1
City Center,Suburb,5,26,16.544051099295476,1.4505231499561115,12.356531576549724,0
Suburb,Suburb,17,37,23.820530357595388,10.167227204891974,11.798330991394973,0
City Center,Suburb,1,31,42.64614030757832,1.3484950824899897,11.077860588341139,1
City Center,City Center,1,16,11.523163577485645,3.6148155702062876,10.193956162297644,0
Rural Route,Suburb,9,24,15.692598412461468,3.359976382868454,12.713421965585967,0
Highway,City Center,15,20,2.4358929361544632,0.14816791858884445,13.511789774440391,1
Suburb,Highway,11,33,24.34803396922981,0.18205362116800972,10.409701002696698,0
City Center,Rural Route,0,76,14.70066208255833,2.1565026627777613,11.818445699255827,1
City Center,Suburb,20,39,5.996676552154405,0.5998008447742416,12.81177463611228,0
Suburb,Rural Route,7,79,19.364095147664457,2.1431251156349447,14.8207810807541,0
City Center,Rural Route,15,75,34.946315650502726,0.31243271046439264,14.296370361939484,0
Rural Route,Suburb,17,70,16.47974018735719,1.011902469869513,13.089570537637496,0
Rural Route,Suburb,12,87,17.394859660576245,0.2162180594524494,8.757632672619764,0
Rural Route,Highway,14,50,34.557069282362924,0.6628307035700403,6.061377043546538,0
Rural Route,City Center,20,91,19.94991795437926,0.18488548789841258,11.67789126817734,0
City Center,City Center,11,60,7.923596965952569,7.052069708747112,11.655181054358511,1
Suburb,Rural Route,7,53,26.889991893625705,1.0052468231734468,8.809173430050336,0
Suburb,Suburb,9,22,31.245932947231587,4.62908799089792,5.997255864750143,0
Suburb,Highway,13,99,17.99624816235686,7.092800259819734,14.967380538263294,1
Suburb,Highway,4,21,21.304930197153684,4.806196090360439,11.276781755337721,1
Highway,Highway,17,91,6.888121664831473,1.2137909534405826,6.375261859924625,1
Suburb,Highway,18,18,11.294126731630826,3.0182559371770696,9.619061519775597,0
Highway,Highway,14,94,16.669603937528727,0.3337615246078605,5.968945466407568,1
Highway,City Center,5,57,20.769306052053846,0.1992707905576421,12.045352703649538,0
Rural Route,City Center,10,58,13.80252270739075,4.18954033950351,15.550244447729082,0
Highway,City Center,20,62,16.2922073529158,0.06322932830505204,9.441930932750493,1
City Center,Suburb,10,65,18.761829068165948,7.174621501192285,9.722542759257145,1
Highway,Rural Route,19,49,10.019743936750412,2.2302998496991884,9.17113949168351,0
Rural Route,Highway,19,33,17.31199102542585,1.0881203868838365,9.326810438810503,0
Highway,Suburb,20,81,31.55939966210667,0.30484677313753894,7.672224036379231,1
City Center,Highway,17,42,14.039776035008128,2.5691452022958967,14.146128579997711,0
City Center,City Center,17,32,10.990690551506317,1.6561556949827805,10.585084005096244,0
City Center,Suburb,9,86,40.85124461277032,2.4835363191986852,10.190148726652035,0
Rural Route,City Center,1,63,22.256024917192473,1.082302345758236,9.321839333639733,1
Rural Route,Highway,8,62,12.271616778908198,0.13711468210444294,6.1813106383592205,1
Suburb,Highway,13,58,26.435005365971886,0.7565917168115203,12.815146480607694,0
Rural Route,Rural Route,18,87,22.561072450707172,0.7567334756852943,14.268876049569473,1
City Center,Highway,9,87,14.298136648519057,0.017434083176293812,4.4155964831129095,2
City Center,City Center,22,89,19.510481836918583,0.019254416625584202,12.128341590797199,1
Rural Route,Highway,3,58,17.08560659052958,0.803219958951182,12.58735225641319,1
Highway,Rural Route,5,69,29.90083163993689,2.6011391113447684,13.852615557397502,1
Rural Route,Rural Route,13,99,26.813424256547556,1.9565648933126225,13.616395665971577,0
Rural Route,City Center,3,99,-1.429445616931524,0.5462902204567119,17.90740795597221,0
City Center,Suburb,14,74,39.02908966198964,1.8464426469350663,11.200781869249154,0
Suburb,Highway,15,41,17.116831302598477,2.084714940732469,12.978034569333694,0
City Center,Rural Route,6,88,37.22363186051827,1.4786751300392762,10.037296742831685,0
Suburb,Highway,16,30,27.16051135263064,1.4735878852425581,7.591495471017835,0
City Center,Highway,18,27,22.482299350774348,0.9232706763358814,12.124820324907795,0
Rural Route,Suburb,18,69,19.058374063998155,0.2633961227006659,12.981382002729394,0
City Center,Rural Route,16,22,47.587772478110416,0.9738399750178688,11.02535491576821,0
City Center,Highway,5,33,17.283504475931746,0.8472611599591413,5.0192643018378,0
City Center,Rural Route,10,39,13.286688965353514,1.7928418650213653,5.653130436047053,0
Rural Route,City Center,15,11,14.186909728826528,3.879500682105574,12.301884996398739,0
Rural Route,City Center,7,92,20.010591679618216,0.9412081464415212,8.902788645275749,0
Rural Route,Highway,10,34,19.993137532255176,2.4739238751065717,11.068279878763565,0
Rural Route,Rural Route,6,59,30.040239723364387,3.340822951146934,11.448073654043919,0
Suburb,Highway,23,23,27.58249034211963,0.47588380185544876,9.65674918081745,0
Suburb,Rural Route,21,15,27.59490686454007,4.6384490652413195,9.231747248667846,0
Highway,Rural Route,18,85,17.717620068483683,0.1460984709358979,9.60919911664921,0
Rural Route,Suburb,9,93,26.765221080112457,4.639856007223133,11.774470727227106,0
Suburb,Suburb,8,96,27.812966426817123,0.3573752772694299,11.439993851000423,0
City Center,Suburb,3,39,19.206738815148444,0.8224722654693796,7.603076208168467,0
Rural Route,Highway,22,39,22.79200148722758,1.8589303711093246,9.955491926411046,1
Highway,Suburb,14,47,27.80031392825046,4.722195415965748,6.817879342004141,0
Highway,Suburb,12,67,22.111653010090325,0.5906260701626243,11.543067252740837,0
Highway,City Center,1,50,23.06578275148468,2.8842393008241,8.603373351017249,1
City Center,Rural Route,1,66,34.07095240414779,2.4787565467121935,12.159316385947815,0
Suburb,Rural Route,15,45,22.190135234751637,0.34801347099977437,9.278712441919058,0
City Center,Suburb,8,73,13.92267916654597,1.3057922451897228,13.432018076892904,0
Rural Route,Rural Route,12,25,6.543199887644551,1.3136501485369605,13.999179348641864,0
Highway,City Center,2,97,21.131509539665732,0.7265700985608278,11.332604020550287,2
City Center,City Center,8,87,16.685328733517558,3.0275402889240492,8.89827016177485,0
City Center,Suburb,12,99,28.083139309969205,5.205593396413751,7.188108422819813,1
Suburb,City Center,20,81,35.77698098692643,2.521597548765123,12.884896275881134,0
Suburb,Rural Route,21,23,9.702948766887738,7.220486524232442,9.801419762582986,0
Highway,Highway,1,40,11.141527566453094,0.1035730869384185,10.144450027075269,1
City Center,Rural Route,7,75,19.758408904197083,0.07586626986195273,8.834790117950323,1
City Center,Highway,8,77,12.000681284077908,4.485967683275685,5.8516193422306175,1
Suburb,Suburb,15,74,17.7797406906014,4.561654437205322,13.223449055822709,0
City Center,Highway,1,64,14.638267810993348,0.22660792982196587,9.745856528097399,2
City Center,City Center,5,93,9.922222097303584,0.8846089908346647,4.413250980260527,1
City Center,Rural Route,21,87,28.258853816759682,3.6084081030111315,9.585914206511331,0
Suburb,Highway,7,49,20.752820446430068,0.27517218077158634,5.935918394668007,0
Highway,Rural Route,4,34,38.30368729375612,0.6223874970430145,11.771135847679762,1
Rural Route,Suburb,8,34,23.590066409543923,2.2851035052633697,11.359009730358807,0
Highway,Suburb,0,12,32.885323390484885,8.023582206580212,14.524763915900495,2
Rural Route,City Center,8,78,12.7120338556286,3.190466950336626,5.570246948354895,0
City Center,Suburb,9,35,12.587928647979169,3.004017680759526,14.311624417660056,0
Highway,Highway,22,49,42.20870606972889,0.8391158855736849,11.558004242505662,1
Rural Route,Suburb,3,47,13.91084070404296,2.165535389721412,5.8992604872260355,1
Suburb,City Center,2,47,10.508504491741299,0.240019676378053,15.48105253429765,0
Suburb,Rural Route,9,77,8.287538569626811,9.724525369038261,9.62662248967617,1
Highway,Rural Route,14,16,39.157505646965475,1.3101015744116085,6.426295824636759,1
Highway,Suburb,10,39,17.253029603353923,2.036690482708511,13.118749225733808,0
City Center,Highway,13,28,24.03392080100558,4.177721909681787,6.733280699109258,1
Highway,City Center,5,44,21.513972194900404,0.001930855437938378,13.468663295473135,1
City Center,Highway,11,42,12.765904516772624,7.457939066125177,9.424130598719968,1
City Center,City Center,12,42,17.036970024958933,0.8899487797577317,8.952330847860349,0
Suburb,Suburb,16,87,28.45683870694826,0.8297910946861596,6.0950765783879675,0
Suburb,City Center,15,47,7.741422815418694,0.3134557801811704,6.869227985122495,0
Rural Route,City Center,2,19,26.74168240591417,3.9064554586886335,10.481395817624861,0
Suburb,Suburb,1,66,34.34037664521584,4.093399479254339,5.082398004507454,1
Suburb,Highway,10,37,22.92375339988,0.04038296362817427,12.067675913261752,0
Highway,Suburb,8,87,33.33400234332725,0.11467615121745586,8.425558422962013,1
Suburb,City Center,2,47,6.285866377790683,5.010422658494813,8.810833063535522,1
Rural Route,Suburb,17,25,1.6995754731631791,0.2621958712595291,11.749494612890421,0
Highway,City Center,19,30,22.426443400575202,1.9400554085241426,9.38778198569571,1
Rural Route,Suburb,14,15,14.136549557407523,1.933329162205732,13.691728787237228,0
Suburb,Rural Route,13,50,28.787649616599538,4.076297263384283,3.848934278748551,0
Rural Route,Rural Route,1,24,16.89556019456338,1.7003230722438978,12.401356808741227,0
Highway,Suburb,16,12,21.47192374958519,1.1383627246167913,10.072266823769981,0
City Center,Highway,21,52,20.80983828074497,7.328825058157335,8.026355605871643,1
Rural Route,City Center,7,56,21.128839949005435,0.51965520662641,12.846973379688254,0
Rural Route,Rural Route,9,23,14.5735451218719,0.6095697033381514,11.760471310372331,0
Highway,Highway,17,75,6.353518683631139,0.1771590039983326,10.68501777185298,0
Highway,City Center,18,38,17.808084552811767,7.4032662474234225,9.240760837360954,1
Rural Route,Rural Route,7,13,34.50041705031655,2.4508029258853905,7.883601980076858,0
Suburb,Rural Route,7,35,13.911717075380094,0.024341705508916726,6.763173816787086,0
Rural Route,Suburb,2,21,13.856534012740756,2.4369145835965624,14.097805519039238,0
Highway,City Center,2,11,21.576474268684905,1.0354860247000266,12.480207546328673,1
City Center,Highway,11,26,8.228974913578854,6.856090672391697,11.705961089936121,1
City Center,Highway,21,44,30.03488167024326,0.6497643295337926,8.719008013737126,0
Suburb,Highway,16,19,9.182645462121958,2.477724437305612,16.101678750334806,0
Rural Route,City Center,3,95,17.107027849026508,1.974682958534853,7.9166559644025,1
City Center,Highway,16,52,45.38908373626735,0.024246328784739687,8.865784514481689,1
Rural Route,Highway,13,30,8.574357629442567,4.329422548046375,15.43886288339516,0
Highway,Highway,18,24,34.72370717527369,0.30074519238705616,9.84277321444232,1
City Center,Suburb,8,44,21.212481671914684,2.178841990619087,15.214329133024608,0
Suburb,Suburb,20,94,22.623181374823925,2.988190823094362,11.135785638945649,0
Highway,City Center,11,94,11.906387677493333,1.9935251484256011,8.455666043152638,1
Suburb,City Center,4,94,27.98750611234771,0.20431766529101128,9.412572615994302,1
Highway,Highway,10,69,16.340751870848667,7.392141398872277,7.849583434380566,1
City Center,Suburb,19,53,8.522148526525996,0.5405172640574376,12.079998657219495,0
Suburb,Rural Route,2,14,34.556604031428876,1.9769959382214262,13.66866720733088,0
Suburb,Rural Route,20,82,16.14151107271095,3.1908536382797994,11.401976204903113,0
Highway,Highway,14,27,1.406165528443129,5.601515867338628,10.85088899710871,1
Suburb,Highway,13,30,17.312930987506988,1.8527353142224425,6.882296231385855,0
Highway,Suburb,10,81,28.08069512660109,0.5996554642997888,13.280177505325637,1
Highway,Suburb,19,83,26.483618046666628,3.6235858193803576,12.519690657030496,1
Highway,Suburb,7,60,13.591208636186263,0.3563880916782055,10.834276481690692,0
Highway,City Center,3,50,10.225188702147731,0.045068863822840345,9.09588173577883,1
City Center,City Center,11,33,6.33822790791058,4.77517207779923,10.131714621006626,0
Highway,Highway,7,33,19.772368283217077,1.7131634490546923,7.270321713883699,0
Rural Route,City Center,5,47,21.509957412726003,0.14437054673438265,5.577046347150235,0
Suburb,Suburb,14,53,27.089606807370306,1.7337129176272053,9.100458287504463,0
Rural Route,Suburb,11,66,18.50965769452473,0.3133407626400929,7.4199268482346366,0
City Center,City Center,15,68,18.213322343451825,0.06377820374137609,8.477092756817926,0
Rural Route,Rural Route,15,43,17.215069317409395,0.24778241206339716,8.53614642357457,0
Suburb,Highway,20,84,21.527016994187143,2.9842649016491696,9.76592350218928,1
Rural Route,Rural Route,19,91,18.66335544360123,2.8183965682109826,9.568914647013477,0
City Center,Highway,19,32,29.390872555159955,1.8542895232025283,0.8405399053010179,2
Highway,Rural Route,3,95,23.108449717715235,0.4697448577184423,11.043692640914422,2
Rural Route,City Center,10,52,21.080019382293095,2.686217389855516,10.394489619026764,0
City Center,Highway,12,91,19.582675447011543,1.048650223824074,12.883442973318486,1
City Center,Highway,8,49,10.58175456296598,1.4297781318798075,9.358569697642599,1
Suburb,Highway,3,56,19.993474579029805,4.558532082248418,13.253300726809172,1
Suburb,Suburb,11,50,13.534717801808092,1.2244528815104674,9.540907714232626,0
Rural Route,Suburb,8,56,23.465510270923147,1.9689579642299389,11.020235777070651,0
Highway,Rural Route,12,29,17.91140950447374,6.527301443536899,7.248595187886573,1
City Center,City Center,15,86,36.64314621424311,1.2007345760465529,13.408240733484917,0
Rural Route,Suburb,5,74,7.380493077724729,1.6452724720653602,13.899992822434807,0
City Center,Highway,9,77,-11.005183153753691,1.7561344203648388,15.6499470615538,1
City Center,Suburb,12,33,22.676630379244287,0.5507470918863245,8.372675706592528,0
Highway,City Center,6,45,13.567534103069711,2.6706098991505476,11.589056907927347,0
Highway,Suburb,18,54,21.610606064129016,2.5939096002518727,5.6806047956191,0
Rural Route,Highway,23,11,7.643621765126474,0.4804694067821504,4.338298520429987,1
Highway,Rural Route,18,37,39.089597412654115,0.026855591027311977,11.690306860359557,0
Highway,Highway,16,35,16.134887974203448,13.70193827593214,9.661479558767011,0
Rural Route,City Center,12,32,12.920544292064246,1.7425760954672187,6.144729858762423,0
Highway,Rural Route,12,88,38.904921616769784,0.39942063934928823,10.537391805352827,1
Suburb,Suburb,20,45,28.403431504004097,0.6669368561902981,12.800922552602994,0
City Center,Suburb,1,15,33.895106441199125,1.9235808527608422,10.189296357442375,0
City Center,Suburb,9,44,18.278232389207396,0.2961082921372625,13.685432210989134,0
City Center,Rural Route,21,47,20.469098081648564,0.07598665858086744,8.017731740755472,0
City Center,Highway,12,44,14.032737045007218,3.203731650910216,13.248231019066061,0
Rural Route,Rural Route,8,83,12.865275810386567,2.5164795883885254,8.848687651988778,1
City Center,Rural Route,0,62,23.982385790589984,0.7409730528608052,13.690496791725902,1
City Center,City Center,13,47,16.315476448276186,0.12054354592078911,6.186427435334652,0
City Center,Rural Route,15,68,42.20819120369541,1.3321184327614868,10.692206391319152,0
City Center,Suburb,19,52,28.425253578301906,0.6464424524648795,10.685859658671475,0
Suburb,Highway,14,13,38.83261566866743,1.0142623045214745,11.431347715669105,0
City Center,Highway,0,14,-2.286801844253535,0.6403260848511086,8.94574029369771,1
Suburb,Highway,16,77,38.95421006787197,0.38539266612311,11.29502957860567,1
Rural Route,Suburb,23,54,-3.849463810234944,0.9787473644653208,9.405137518843619,1
Highway,Suburb,12,89,7.3908886432318415,6.6987734804788,8.420251899476394,1
City Center,Suburb,14,34,2.473529838673784,0.619113488166946,14.242278210217581,0
Highway,Suburb,15,87,22.430491403468512,0.8188457917968655,10.234097621708768,1
Highway,Suburb,15,20,19.818029524683904,0.7986938255606015,5.4585059117255605,0
Rural Route,Rural Route,1,38,27.949191942627344,1.3089640887701843,7.98090985398205,1
Highway,Suburb,16,43,19.11535718365815,3.7094693225508153,14.354461881490717,0
Suburb,Suburb,10,95,32.25100292467937,1.028739097277577,7.274178536331845,0
Highway,Suburb,7,23,10.673067464691293,3.2813202242491855,11.622534618306275,1
Highway,Suburb,19,33,32.48162811268392,0.24436263408487707,7.916373942956835,0
Highway,Highway,2,68,19.69259326639221,4.5058231083653055,5.685386008824636,1
City Center,Suburb,11,48,43.55860200648084,0.40988068796387567,11.441364659835408,0
City Center,Rural Route,19,35,28.719070099617127,0.07998113692335294,9.014242276402122,0
Suburb,Rural Route,15,52,16.96338330478424,0.344792702913802,14.765585304090258,0
Suburb,Rural Route,13,45,19.65927041530722,0.42329425654230834,13.376631665833685,0
City Center,City Center,15,48,9.908841155843728,1.4206034748455427,13.795773756463545,0
Suburb,Highway,20,70,23.59360163021769,1.1954496241091281,13.198260190644323,1
City Center,Suburb,16,25,16.958038196188046,2.5166778893148165,12.068536899757815,0
Rural Route,City Center,10,68,27.241682883590265,0.10458987761314342,5.9025872806974675,0
Highway,Suburb,16,15,6.620008424195728,1.3771403476128796,9.298136877418267,0
Highway,City Center,18,65,16.70327204360961,0.80834556780799,12.012622333204945,0
Suburb,City Center,21,17,8.404788539853357,1.9923262069377061,9.128783681095406,0
City Center,Rural Route,0,36,9.026585761761812,0.08936663829010587,9.91000505514296,0
City Center,Rural Route,11,80,26.060501672657235,0.07111924879939881,12.173835130285397,0
Suburb,City Center,14,36,31.24506338167284,1.1146175072605224,13.168171070154543,0
City Center,Rural Route,17,98,-3.325453412528759,3.335612130501362,7.232222106221514,0
Rural Route,City Center,22,55,38.61874531428408,2.2239669566447176,12.01012302738964,0
Highway,Highway,13,50,34.04087143715304,0.03369442517906985,11.694883667307433,0
Suburb,Rural Route,0,88,6.533242772633262,0.393178745549085,7.033394279991236,1
Suburb,Rural Route,12,34,28.26843527492845,0.5142577936495523,8.780550199256538,0
City Center,Rural Route,14,95,15.398140081754246,1.1000302903014887,10.449055479630237,0
Suburb,Highway,6,27,19.01899433069601,1.767239012433832,14.169844882107117,0
Rural Route,City Center,14,21,26.020545576345786,0.48786677491955394,8.755743367792727,0
City Center,Suburb,19,96,24.799958521390217,0.9641984926559923,11.252964867542122,1
City Center,Rural Route,9,60,14.270038087329514,1.7538679116949436,13.50629939462987,0
City Center,City Center,13,48,14.227676932332876,0.9671840418586285,15.564042329667387,0
City Center,Highway,5,98,14.81773495892837,0.30903014231690734,10.680483526635504,1
Rural Route,Suburb,13,19,31.42827578416462,1.353213956175204,3.6410031305789055,0
City Center,Rural Route,23,83,1.3818382853650455,0.7831072342177591,12.770245789842551,1
Suburb,Highway,21,86,18.380859460949495,3.9929727441133944,10.63321150759451,1
Rural Route,Highway,11,63,35.72546904861055,2.9888722202600513,7.465252753997165,0
Highway,Suburb,10,38,27.03703550908141,0.42212141808238324,12.133190713370658,0
Highway,City Center,19,50,30.509640551663658,0.33124935664831673,15.595994126497189,0
Suburb,Rural Route,21,18,18.519413877611782,0.8544298802975613,10.626967776662141,0
Suburb,Rural Route,23,72,8.364368202739534,1.062650289180346,5.13456463908669,0
Rural Route,City Center,18,86,20.556875570705643,5.377029081369035,14.332276293221522,1
Highway,City Center,1,46,13.110644608324213,0.7179859343464924,10.067933309784593,1
Highway,City Center,21,23,42.306865127285754,4.0436189249312955,12.137645893570458,0
Highway,Suburb,19,82,18.41823174392622,1.407645036923452,10.186036892275101,0
Highway,Suburb,0,81,26.37458993104977,4.336523225561799,11.36850588055775,2
Highway,Rural Route,7,48,37.023920351479404,2.4210133897387447,11.997049155718784,0
City Center,Suburb,13,49,9.03250817333456,2.4646688945817177,12.420848079646479,0
Suburb,Highway,8,63,-2.7972980513604924,1.4629341471310866,10.439985676055803,1
City Center,Rural Route,1,12,24.900137494131094,3.6689670627919884,7.718270294861494,0
Highway,Suburb,22,64,26.78327395783628,0.5871985699938437,10.581041053264501,1
Rural Route,City Center,4,42,15.859031989928273,4.75788010043665,12.365611705058004,0
Rural Route,Highway,22,80,8.437467688568734,2.0254703120787823,7.739181570359171,1
Highway,City Center,7,28,23.098191055709286,1.1550312317344895,6.680054446771354,0
Highway,Rural Route,15,43,19.762533377228944,8.055979517299248,13.999083396090404,1
Rural Route,City Center,21,87,23.22201430832292,3.9612076460951076,15.074744416734918,1
City Center,Suburb,15,59,8.670441367786065,2.9570036316347483,10.115115902841188,0
City Center,Suburb,12,56,23.247955865045988,0.6401418716183934,11.803659560554264,0
Highway,Rural Route,19,55,28.195353648124566,7.279470166882085,11.127343386581295,1
City Center,City Center,14,65,4.941119110150785,2.717261136265639,3.460184658649135,1
Rural Route,Rural Route,0,66,34.60416608664556,1.8588395031667613,10.620180541396326,0
City Center,City Center,21,92,22.54492774217688,5.096951544629864,14.397918958915959,0
Highway,Highway,2,60,28.50944485915063,0.35390801243371167,6.476874940942343,1
Rural Route,Suburb,5,63,7.210693712674583,0.29935883810747704,6.202487231221442,0
City Center,Rural Route,21,99,26.825849883774872,1.6589118902423108,7.808953557256489,0
Suburb,Highway,13,90,3.553582312953555,0.1167706546630522,8.577593314890533,0
Rural Route,Highway,3,37,10.51753373334916,2.1812100363942344,12.001427709784119,1
Rural Route,Rural Route,17,28,22.633674285027116,0.550825006463791,13.961921213464034,0
Suburb,Rural Route,14,36,17.240498346076347,0.25345564285463956,13.891542173569723,0
Suburb,Highway,8,57,20.274971687722278,1.0535572301477378,11.961841807164934,1
Rural Route,City Center,17,28,39.27386843371119,1.2545302236444593,5.226740540085385,0
Suburb,Highway,2,60,20.118143173225942,0.37382784451199336,5.214458674112745,2
Highway,Rural Route,9,16,27.09701718877587,0.08484503049960453,12.202540695940069,0
Highway,Highway,16,38,19.332340712041088,1.0690607190007895,5.239038999205784,0
Highway,City Center,6,52,19.036152968323105,2.850289401163689,11.666064784157497,0
Rural Route,Suburb,14,78,10.217321732706575,4.146120222392337,10.832490088538394,0
Suburb,Suburb,0,67,23.681222254729683,0.20528020341455994,8.609617340518689,0
Suburb,Highway,10,17,45.3547941868594,1.4875149449620269,2.360853411490363,1
City Center,City Center,16,51,20.87862973343228,0.6114286650996846,10.605345328980937,0
City Center,Suburb,4,85,17.329919987855426,0.9388359842584381,11.535570364812017,1
Suburb,Highway,6,51,31.401405600523063,5.419357946460521,8.33167971766899,0
Suburb,Highway,18,22,30.228027499615298,0.8679599592721227,6.724193618295598,0
Suburb,City Center,23,35,24.390573971287587,0.909350400931925,10.880005771909863,0
Rural Route,Rural Route,14,27,16.916311860507545,0.4699156965528174,5.643200942062558,0
Suburb,Highway,2,51,31.44427459644124,6.438672763109079,11.850581305240265,1
City Center,Rural Route,14,60,21.209300014119528,1.219404619753764,13.16752873165036,0
Rural Route,Rural Route,4,93,29.137604021578944,1.689764852062741,4.119583166805081,2
Suburb,Suburb,22,25,11.807025601834592,1.207227644652127,8.415589669301616,0
City Center,Rural Route,11,12,14.132900918512128,0.5831635374892528,9.853694139413498,0
Rural Route,City Center,19,88,20.968800078485533,3.325810432758614,9.941800250321823,0
Suburb,Suburb,4,54,7.6479273448152085,0.05776878472029275,7.363020970241521,0
Suburb,Suburb,2,31,16.30098954531976,2.3439370966801873,5.991213803772341,0
Suburb,Suburb,8,32,7.204610486878217,1.804148585054423,8.619580334638739,0
Rural Route,Highway,8,68,4.552472848837317,0.31162563910670044,11.932354351974205,1
City Center,Highway,6,71,44.359926764663996,0.3628160546997915,11.711434118245307,1
City Center,Rural Route,1,77,13.910252388139833,2.1530691374290183,11.74810553301868,0
Highway,Suburb,22,63,14.789670714121787,0.7483363869363054,13.752969482371881,1
Suburb,Suburb,22,66,20.80219098999142,0.6177789445687193,6.8579781785202485,1
Highway,City Center,20,32,9.382624675850035,0.12195607153629678,8.866070500236566,0
Highway,Rural Route,15,69,14.983319271142697,2.909001563790158,9.4454893666541,0
City Center,City Center,8,82,38.344091685014476,4.285562592381651,1.3525562942150025,1
Rural Route,Rural Route,12,97,23.58099582891247,3.427868178211402,10.672725930487422,0
Rural Route,Rural Route,18,94,29.860817424321322,1.2548466725161778,9.911000279091143,0
City Center,Highway,19,64,35.73593033334948,1.5269522108258118,6.590934853328039,1
Rural Route,Highway,16,89,22.106494863639377,0.5548726635016779,12.613878722773958,0
Highway,City Center,5,72,17.7875449344858,0.37954990352663787,12.424311088722051,0
Suburb,Rural Route,3,65,5.661455423617028,3.4632243684690915,11.199486484214498,1
City Center,Suburb,0,64,16.171065532253536,3.202385599425487,4.8735118213086235,2
Suburb,Highway,17,34,18.375022356643512,3.004396782359026,7.080973866271526,0
Rural Route,Suburb,18,35,11.927219903408732,1.2448530157142752,10.912106455894245,0
Suburb,City Center,8,58,35.45225409371374,3.9976818318165885,8.389132260797112,0
Rural Route,Highway,12,72,31.022945628205107,5.213662371732631,9.307517256196997,1
Rural Route,Highway,7,54,29.855421740763653,0.7960189748576534,6.696543173853675,0
Highway,Rural Route,22,82,18.83797359741222,0.5089962463049096,10.575720266724737,1
Rural Route,City Center,12,88,9.66968149345803,1.2482239348358326,14.514371750704779,0
Highway,Rural Route,14,48,33.280015142171,0.39525951946623855,10.971215994182344,0
Highway,Highway,10,74,23.353612846743825,4.308379920161492,12.913736312832476,1
Highway,City Center,11,78,27.730823723542752,0.8249507456247964,12.632839011551624,1
City Center,Highway,13,65,26.19247334583021,1.7168541255674976,8.925428498358892,0
City Center,City Center,3,18,23.10627254357165,1.8063516978314016,9.443316012594982,0
Rural Route,Highway,0,79,39.99615816508209,1.44716279875868,14.412108896023014,2
Highway,Suburb,23,37,13.426063276699523,0.34045171383789713,12.197617105964895,1
City Center,Suburb,3,54,16.91070448158813,9.42120365132174,12.882611960945107,1
Highway,Rural Route,18,35,36.41158601755322,0.37894185568057615,10.49981004291564,0
Suburb,Suburb,8,37,20.820634155074057,2.784684107775592,8.824131150064591,0
Suburb,Highway,9,49,18.74066566520483,3.1343175510528294,9.189253129002152,0
Suburb,Highway,3,24,17.469928652012232,0.3136906002920126,14.131840871627281,1
Rural Route,Suburb,19,15,26.793026129437592,5.411012226575899,9.997569325836075,0
Highway,Rural Route,8,36,17.70715173911912,1.3379191963282142,13.742947273301834,0
Suburb,Suburb,12,47,16.584466679837035,1.9824755811357129,14.215406704189451,0
City Center,City Center,11,77,26.628156164000345,2.0554842745433595,12.761827279924281,0
Suburb,City Center,10,84,20.932571663880374,1.4062137303066138,12.410940036642312,0
Suburb,City Center,11,94,9.905530097455195,0.30635374454625697,15.090713603557159,0
Suburb,Suburb,17,73,20.320164176352378,2.78666500479455,7.463162697844743,0
Rural Route,Suburb,11,39,33.945315019627756,1.743523243006181,8.76314724259878,0
City Center,Suburb,15,91,27.653061459116238,0.2526703869906937,6.221924420364744,0
Highway,City Center,4,12,35.17979671423629,2.410093218854049,5.50766529940579,1
City Center,Rural Route,19,71,12.687000708574555,2.4264527120692025,9.867053786722531,0
Highway,Highway,11,21,30.702297747470308,1.5902997737091231,10.8057145251776,0
Rural Route,Suburb,20,39,13.514831340358608,0.18982789926918467,11.516080542567224,0
Rural Route,Rural Route,10,94,7.676070789390568,0.8697179041246439,7.908154212530055,0
Rural Route,Highway,8,47,11.96936283261556,0.1045330253621833,8.760845415219968,0
Rural Route,Highway,17,94,21.314102633944636,1.2986281602387648,12.540217195119748,1
Highway,Highway,2,69,30.2795154982348,4.738457136393845,5.61847879675036,1
Suburb,Rural Route,19,47,23.104156445865648,0.004511048793396394,10.038028019802427,0
Highway,Rural Route,16,24,18.46718320633109,0.6202334572734909,13.917824199627134,0
City Center,City Center,13,27,9.677886000135999,3.217467332428236,9.20318844934145,0
Rural Route,Rural Route,0,61,27.05331331566252,0.019819547670875258,8.736515280880965,0
Rural Route,Rural Route,16,38,29.636226357893165,0.020451080272471545,13.728502007630482,0
City Center,Rural Route,7,69,22.98283606526389,1.887419368842111,5.758799058218277,0
Highway,Highway,4,30,9.47681376010485,3.113688617217381,7.587914384541815,1
Suburb,Suburb,4,26,28.087091296855377,2.996736208893531,7.703182703458491,0
Suburb,City Center,8,27,32.27244742594753,3.0244229646149905,12.08264446339676,0
City Center,Suburb,2,66,35.330168719778,0.8957215078920392,5.187829970251412,0
Suburb,Suburb,18,46,15.623029942742832,4.286452756102372,13.70085103473862,0
Highway,Rural Route,22,69,24.36304855801199,0.02583737896895397,9.920165834319507,1
Highway,City Center,8,47,14.654682419774154,0.7484816107743432,13.137387061658222,0
City Center,Suburb,21,21,10.776385642215761,0.8225268563513528,13.722475206889856,0
Highway,Suburb,17,84,35.832041782833294,0.3620155423435963,7.643201848955911,1
Rural Route,City Center,15,93,25.645671946772005,0.8196270163983849,10.05501306639982,0
City Center,Rural Route,0,82,32.92747631644329,1.7632189304289723,9.315783702825492,1
Highway,Suburb,1,10,7.751749099290077,1.4691024918068776,9.803664101131828,1
City Center,Highway,13,67,22.884190749090337,0.7696414309344873,8.291201028558083,1
Suburb,Suburb,13,12,25.08299066149807,2.767216054555157,13.34249694662723,0
Highway,Highway,0,72,11.678213771353725,2.5090631121141755,9.441817303893947,1
Rural Route,Rural Route,15,30,34.87838466025201,0.6589437288306588,8.997608771387647,0
Highway,Suburb,14,32,17.544798824454308,0.7808428461482554,13.370640231856209,0
City Center,City Center,14,18,24.53635292117492,0.6780074323970857,12.508517136673728,0
City Center,City Center,11,92,14.497416173483328,0.2758848803232062,10.862636025713492,0
Highway,Suburb,15,64,8.05592482142959,2.794966592577273,8.82283726029778,0
Rural Route,Rural Route,13,28,29.130600941843163,0.09476298570785831,14.39383205345024,0
Rural Route,Rural Route,23,71,23.79071047404357,0.3264041940858224,6.8294522373426245,1
Rural Route,City Center,14,96,22.37251687119789,0.2225437237936965,13.21714948275159,1
City Center,Suburb,22,48,17.21831344902056,3.4898163729423604,11.879359248414815,0
Highway,Rural Route,14,85,23.51829643319602,0.09001254655744602,6.200790525483001,1
Suburb,City Center,18,36,32.662374376224165,2.185025596376546,10.221715539040312,0
City Center,Highway,7,55,13.161904608608486,0.09098786210219131,6.037767152137287,0
Rural Route,Suburb,1,43,25.60272659988891,3.0877067888509595,8.95629567121961,0
Highway,Highway,1,42,22.024902510090595,4.877132370654239,10.840477864327578,1
Rural Route,Highway,9,59,18.15585426304062,1.3343475218267007,6.957089470544494,1
Suburb,Rural Route,2,29,3.544433605013925,3.2648174766765403,2.9566608769885807,1
Rural Route,Rural Route,22,49,19.880074864441614,2.4511457154315437,9.61673891061457,1
Rural Route,Rural Route,16,67,26.72688524608661,3.1756981957144883,10.643668428547754,0
Suburb,Suburb,7,40,23.239724190749076,2.911504963288116,8.869073550471947,0
Highway,Highway,22,47,5.613260026089883,0.45975203653867686,9.953831628291468,1
City Center,Suburb,3,95,32.470551474536634,1.3845311791701378,9.46115573976872,1
Highway,Rural Route,13,54,36.47920165294745,6.458568971359483,6.946997860710338,1
Suburb,Highway,20,50,18.90502701018456,0.8417655372969555,15.841354049185524,0
Rural Route,Suburb,9,18,43.11076340825143,7.04585501166899,10.950962653527679,0
Highway,Suburb,0,18,11.70449805097882,1.75011385919864,8.722510541160695,1
City Center,City Center,3,72,7.279010172302275,1.238349415073091,7.525648029879262,0
Suburb,Suburb,0,88,9.851781976931182,2.14447125333857,8.807306641130651,1
Highway,Rural Route,16,86,22.45138771644601,3.3838916669263246,8.90511945218657,0
City Center,Suburb,16,31,2.2165168882301742,1.002437683543392,10.114458833814012,0
Suburb,Highway,6,25,16.890871467908646,0.06701879187752993,13.438618680532441,0
City Center,Suburb,22,41,49.34550333525188,2.4675331810782613,7.586290456119696,0
Suburb,City Center,19,75,4.961755910002601,6.254726808378627,10.533172173861917,0
Rural Route,Highway,14,99,14.528904904166957,1.9615873087645328,12.398913019032243,1
Highway,Highway,12,23,9.639316999260974,0.41753102139713005,7.978457658294762,0
City Center,City Center,1,47,17.151828657160337,0.5706830465002328,7.9612126992839425,0
Suburb,Rural Route,18,17,16.518428794405285,4.810359288950711,5.47268527060968,0
City Center,Highway,23,30,13.304387702670532,0.027309801735067744,15.04363281877848,1
City Center,Rural Route,12,65,18.436952396305205,1.5914527596151908,11.523776659839386,0
Highway,Highway,23,55,26.332055895515172,0.3455607860739728,8.288858057200287,1
Rural Route,Highway,10,52,33.85345839801265,0.6647019002102107,8.15894389937058,0
City Center,Rural Route,21,55,17.155745138865278,0.7333976006702245,6.905853504821839,0
Suburb,Highway,14,57,20.057851610087194,0.4950844552956158,10.471301094670341,1
Suburb,Rural Route,9,79,24.632558283797106,3.143822485052751,8.973548112450468,0
Rural Route,City Center,8,93,7.642215833695037,0.8075605783622778,7.247844465175368,1
Suburb,Rural Route,8,40,18.473489988380244,0.8477215245833031,7.6847861994760205,0
Rural Route,City Center,19,42,14.944695021873901,1.2066378662314514,12.177152890186505,0
Suburb,Highway,0,53,29.51932973758854,4.651610998802549,8.85569597189463,1
Highway,Rural Route,16,80,37.51825451985832,2.3306136696871764,6.315836462883254,0
City Center,Highway,11,17,12.229374668369717,0.1274770513298556,10.194037992812197,0
Highway,Rural Route,9,82,32.799902301207574,0.08010691533360899,7.941273750395068,1
City Center,City Center,4,11,5.4162755685857,1.6712159792576327,11.93821745293615,0
City Center,City Center,17,26,22.006736846424722,4.3618070968558875,14.520825647527213,0
City Center,Rural Route,14,61,22.599968095726425,0.780911063006338,4.187656081019172,0
Highway,City Center,5,54,5.1608555615305445,0.5694311640829259,7.879177633864881,0
City Center,Highway,6,46,11.715732184082185,2.758169190615915,10.415549346204196,0
Highway,Highway,16,51,10.742791545306886,1.8430657280921754,9.770641778048555,0
Rural Route,Suburb,5,53,6.886007704899724,1.664944211723258,13.755553395697081,0
Suburb,City Center,7,90,-6.662179103237328,0.3233942971951102,9.942095574094521,0
Suburb,Highway,11,47,17.927505517687237,0.38707561360376147,10.61304829010945,1
City Center,Rural Route,20,15,19.13226165192766,0.6619803538012299,11.292489311543788,0
Highway,City Center,13,77,19.0537452739459,0.463457938242165,7.957470132925183,0
Suburb,Highway,11,60,27.657061044638514,7.11182859679308,11.545590989249545,1
Highway,City Center,22,44,0.6216868044043231,0.03757276106633815,11.216725845898953,1
Highway,Rural Route,9,67,16.189498821208996,1.9673002608522725,10.309583308259043,1
City Center,Highway,21,66,45.59977905854436,1.4579583951518782,4.246709200674118,1
Suburb,Suburb,19,82,28.86755912962787,0.7809103534307609,7.716992008321169,0
City Center,Suburb,14,15,28.924636692276955,4.371181840887393,10.557173218758514,0
City Center,City Center,6,22,9.834055381172593,2.2183108102559577,9.714634975931864,0
Suburb,Rural Route,8,68,18.040960956803517,12.819241280216524,12.246951250868332,0
Suburb,Highway,9,95,-2.9986065959738717,0.36942312354732676,12.270924239957624,1
Rural Route,Rural Route,9,39,25.85482307304182,0.18394076519128236,11.033773084841638,0
Rural Route,Highway,15,11,34.00299068689769,0.30024456686636564,12.271384418224521,0
Highway,City Center,6,67,5.502023910579638,0.6274798778857971,11.500282189406102,0
Suburb,Highway,4,45,8.41115677726427,1.0784055865377649,8.421100753041163,1
Rural Route,Rural Route,22,81,19.679719664957762,3.9697656155815606,9.982521679577001,1
Highway,Rural Route,2,54,21.532940018810255,0.6670102314834039,6.703428963422362,1
Highway,City Center,17,18,14.582745209528111,4.935941196221065,14.48018228595774,0
Highway,Rural Route,10,74,11.846304208574413,1.2431705936694513,6.236597541150878,0
Rural Route,Highway,14,86,11.953427367858708,2.082971189050019,3.7476633731283417,2
Suburb,City Center,20,59,19.50968806185202,0.6141585461211219,16.36199404549336,0
City Center,Highway,19,88,25.86137193465362,0.3392383084325997,9.721437189520211,1
Highway,Rural Route,4,41,19.506977556289304,4.07210429999962,12.684263729574422,1
Rural Route,City Center,23,52,18.551402074171058,0.23195823356404857,12.198817711386294,1
Rural Route,Highway,11,87,2.407457237276457,2.974629114918537,13.13619463074274,0
City Center,Rural Route,3,63,28.67058675371582,1.739693808195241,11.773400039037906,0
City Center,Rural Route,14,56,19.48609822003076,3.9485461450989514,11.792150269688836,0
Rural Route,Suburb,8,23,15.633737684134667,2.530408973094604,2.979980870493571,0
Suburb,Rural Route,6,57,22.551383404376995,0.6616359899448521,7.109141027782309,0
City Center,Highway,9,64,11.561901430450918,1.7086403724736052,2.1164590171948277,1
Rural Route,City Center,22,38,15.841407219243003,0.026319663192954267,7.540237599476462,0
City Center,Suburb,12,56,21.07587644074923,1.28954598626008,8.400853298511104,0
Suburb,Rural Route,7,72,13.214453063285678,0.17987925241647365,9.65026346416079,0
Highway,Rural Route,11,28,3.543246198262654,1.12053949577741,7.1568015103424845,0
City Center,Rural Route,21,18,1.9152781659181386,0.23219548112555163,8.942717103994697,0
Suburb,Highway,23,46,24.457328211039503,6.223624832455677,8.446324592576737,1
Rural Route,Suburb,18,61,19.688912132194073,1.4807625332067862,11.036242869445758,0
City Center,Highway,0,66,19.335302686286575,4.888711764866878,12.277376623689538,1
City Center,Suburb,15,97,8.381972743029255,0.04524028037115727,10.642622817333526,1
Rural Route,City Center,21,37,19.794506648627046,2.0303074924051128,11.890932527374098,0
Highway,Highway,16,45,15.995454077901975,0.7333192563236169,10.572519647570246,1
Rural Route,Highway,17,73,13.99938121728631,1.1306656842600082,13.56100800512458,1
City Center,City Center,10,27,19.249492454798546,4.1285131614102,15.59244069681773,0
Rural Route,Suburb,17,98,22.964309331928696,7.826156599985749,2.6612254602532506,2
Suburb,Rural Route,6,44,37.49902984204249,0.566031166758329,13.399614153284663,0
Rural Route,City Center,17,77,25.652933167182113,5.922788667879754,6.131197676177937,0
City Center,Rural Route,7,87,28.575626820018165,2.3341695482554856,10.557395877419866,0
Rural Route,Rural Route,5,48,31.046550703746476,6.048836185431898,10.784065700488805,1
Highway,City Center,6,99,12.359773772310167,1.6527492324650859,11.825308376405077,1
Rural Route,Suburb,22,17,16.791154290328443,6.475927949493338,9.84719369405195,0
Highway,Rural Route,21,97,10.950894718179583,4.459700348832258,9.98535776724166,1
Suburb,City Center,9,89,13.181780976645957,0.2752893755013832,11.030189285198688,0
Highway,Highway,10,93,15.717575758721496,0.7444183181730896,8.961574514207761,1
Rural Route,Highway,12,24,12.943447175803776,0.5569510105349605,4.301634245115759,1
City Center,Highway,8,16,22.24102457395659,1.697728361087359,9.994739035354776,0
Highway,City Center,6,26,24.32843131039753,3.2470679079755276,7.753514122897332,0
Suburb,Highway,8,95,6.938573346639622,2.84933410598861,7.497148958712508,1
Highway,Rural Route,12,95,16.879181488157528,2.5947299527794647,7.20529711067404,1
Highway,Highway,2,73,16.988683742220548,0.9408550405035448,4.086238872680559,2
Highway,Highway,2,21,5.275936710240089,0.300801496367102,8.80098562222502,1
Suburb,Rural Route,0,91,12.338545837770644,0.4729225639109328,10.002394805957323,1
Rural Route,Highway,20,65,28.7345233115413,2.707092636907093,12.304031228142335,0
Highway,Rural Route,19,55,28.60577509480059,0.3192447021150365,8.227813525467294,0
Highway,Highway,1,56,3.708101543743041,0.5044926802951663,14.73254845497254,2
City Center,Rural Route,2,88,24.72129007162078,1.1052150913267977,11.751272764678166,0
Suburb,Highway,14,25,5.297126229978543,0.1496894145873757,6.636742123716989,0
Highway,Rural Route,23,78,15.985176059359565,0.478271649439546,8.535146970968896,1
Suburb,City Center,5,11,19.026807023076426,0.3244923506706451,16.064630934085383,0
Highway,Rural Route,12,63,27.52775370483125,6.045047273348092,12.279857255138129,1
Rural Route,Highway,20,36,18.254120100027905,0.4252132344612647,8.419346994458726,0
Rural Route,Highway,0,40,9.861375659401372,3.957668435576129,12.677968472578971,1
Highway,Suburb,19,50,8.16058459372834,0.24387925500509922,6.216350794741833,1
Rural Route,Rural Route,18,45,21.67988667456656,4.075419234709114,8.34196844490281,0
Highway,City Center,0,56,13.662005310059424,1.8297523969641583,3.010165875614188,2
Rural Route,Rural Route,20,52,15.91306383889626,3.790322784690411,11.811114682826226,0
City Center,Rural Route,21,74,29.704645934759686,4.040062623616835,6.503324405793163,0
City Center,City Center,1,59,24.348979311493903,1.8145308191388714,9.758267094459718,0
City Center,Rural Route,14,10,35.86895843588319,4.994626267329357,5.3606933998090085,0
Suburb,City Center,13,81,9.818025793230703,1.76111512610984,10.60124773661445,0
Suburb,City Center,18,66,12.908085272369103,2.493517604410722,9.777529926153637,0
City Center,Rural Route,10,25,21.83687329378962,1.0759842180419115,5.578489024447177,0
Suburb,Rural Route,14,37,38.187975099164504,4.908390875402823,8.56798532439396,0
Rural Route,Highway,5,95,12.051346139540517,3.476390454387457,10.39959176748267,1
Highway,Highway,19,91,20.384106462048397,0.3647545845749227,11.335541628694425,1
Highway,Suburb,8,31,33.21230092757921,1.7178739668598046,14.749904963085433,0
Highway,Suburb,4,50,20.499210151411194,4.542702555477589,13.653624410687355,2
City Center,Rural Route,19,85,30.20003854636164,3.150696195665184,7.914847649747301,0
Suburb,City Center,1,28,39.57489422685727,6.569645643488397,7.878256659210157,1
Rural Route,Suburb,5,98,22.95123836302841,0.5261133943511376,5.708081009423383,0
Rural Route,Rural Route,17,59,24.584806238013833,0.9160224785587195,6.970782960300362,0
City Center,Suburb,22,68,27.4294506288012,1.4152708117922785,12.580466230177121,0
Rural Route,City Center,18,78,10.956285021002957,0.5296744815796225,5.232650745149103,0
Rural Route,Rural Route,8,43,5.1843327812614675,1.0018999484616145,9.535215389057933,0
Rural Route,City Center,20,48,21.584523915962844,1.5423869838908117,9.095349873895042,0
Rural Route,Rural Route,23,83,13.74870622175434,0.42475147324875107,7.726498150681372,1
Suburb,Suburb,5,16,30.52758219963624,0.593278318509296,6.09304626309217,0
Rural Route,Highway,13,61,23.142971603691414,0.2667028172081952,4.316946413735851,1
Highway,Suburb,23,69,30.358114033435278,2.4992058027423556,6.120020323541724,1
City Center,Suburb,12,61,7.983511001521952,0.8974298652735311,9.750687739082657,0
Suburb,Highway,10,88,30.015364334937033,0.49760527911696223,11.79297201565155,1
Rural Route,Highway,11,33,-2.9875828475618533,1.415807649198498,14.835794517258016,0
Suburb,Rural Route,18,35,8.803898558057309,0.14137999090050254,11.003450028474939,0
Rural Route,Rural Route,18,99,26.322384393417465,5.138488900640636,11.778329090563515,1
Highway,City Center,20,99,14.974385828915098,0.6976049442370755,14.824648139226863,1
City Center,City Center,18,19,15.936982553286926,4.351276756932599,11.01498763054535,0
Rural Route,Suburb,23,26,21.072342775305703,1.376797207136199,12.949236432439601,0
Rural Route,Highway,12,87,34.219550071304454,3.79624761323462,8.861224346322262,1
Rural Route,City Center,13,11,0.7823052350457935,0.5675512671644406,12.16375326631588,0
Rural Route,Suburb,23,86,32.48706362697862,0.3853998983412039,10.62999245703205,0
City Center,Highway,17,36,33.07460119141372,3.786412682842119,9.274468024943998,1
City Center,Rural Route,11,82,14.95626378038639,0.47886063305443116,14.64160664899416,0
Highway,Suburb,3,80,13.051151930116237,2.7423807991940063,6.39072571369983,2
City Center,Rural Route,9,57,18.820293235032977,0.8449696342904293,7.420266412776373,0
Rural Route,City Center,16,83,12.83828297398878,2.7581904856199726,13.532814032851817,0
Highway,City Center,3,18,23.447765704528287,4.764258279786224,12.913447172700023,1
Highway,Highway,11,95,24.750122503518323,7.994990911142349,10.038091288516341,2
Highway,Suburb,12,32,4.4609047542263465,0.8919789103241234,11.019081069178798,0
Rural Route,Rural Route,3,80,10.796438245289625,0.916231808992298,11.552152038732022,1
Suburb,Highway,9,82,8.148609709411254,7.967869205743698,11.095046833563236,2
Rural Route,City Center,2,36,22.1468748969752,3.954176161657549,10.723468300486092,0
City Center,City Center,14,97,28.723321094033675,0.09228049761091937,7.47858675964623,0
City Center,Suburb,1,90,9.26564506167268,1.7040513066740233,13.714695914599233,1
Rural Route,Rural Route,16,93,28.652761061763304,0.3999402123160559,9.387845807525173,0
Rural Route,Suburb,5,80,10.752004944090842,10.236174688716437,7.028268605464975,0
Highway,Rural Route,7,52,27.186219599626316,0.2991427240513252,10.402290876738984,0
Rural Route,Rural Route,2,16,17.162685704740873,1.6389979028322417,11.029639293841337,0
Highway,Suburb,17,92,15.582992942690558,2.188434143775156,11.18606480704793,1
City Center,Highway,21,72,31.424505374767154,5.531294687821068,12.918355911789764,2
Highway,Suburb,0,93,37.87690731058089,3.7580141915869203,8.860574859694097,1
Rural Route,Suburb,15,53,0.582505584348251,0.5640754537729059,9.804529311817683,0
City Center,City Center,6,48,25.994356797744167,1.700181954382477,7.468141534689512,0
Suburb,City Center,2,49,21.77334242168294,6.139789450329125,10.701155211635145,1
Highway,Suburb,22,16,26.57882507500357,2.661468403520916,7.424051112979808,1
City Center,Suburb,3,79,5.61485735636216,2.331661424709072,8.230250024977618,1
Highway,City Center,8,34,9.15679344636526,2.8121867837793135,12.95035417086504,0
City Center,Rural Route,4,68,13.285702749353522,0.7787097226147564,10.409439471364427,0
City Center,Suburb,18,22,22.130657687013276,2.6131355501004836,14.27369782201095,0
Highway,Highway,14,95,12.673462495325746,0.5301582464897514,13.530152584787693,1
Suburb,Highway,7,90,16.769771108062656,1.1175919463279442,10.647231566891538,1
City Center,Highway,5,95,28.30527922549608,4.413256012022349,11.061133130751704,1
City Center,Suburb,17,71,40.48813619098334,0.03830681501105672,9.284512725421324,0
City Center,Rural Route,18,17,27.592002593531866,1.0699588181285802,13.131722223592874,0
Suburb,Rural Route,23,54,28.593952043388786,0.6207329015437142,11.089373362315044,0
Suburb,City Center,14,27,18.18148955479967,0.4427642483105647,12.728682799713347,0
Rural Route,Suburb,6,97,11.093965977285778,3.647434502844897,8.059406428841275,0
Highway,Rural Route,9,69,16.74042007271489,2.3847379323413365,5.916779800071577,0
Suburb,Suburb,5,69,19.420977486121526,0.23899262588203418,11.5067637876361,0
Highway,City Center,13,11,8.398621852306235,1.364269388388176,12.108379325743263,0
Rural Route,City Center,16,75,28.151206854528112,1.2581141642492815,10.22556873454236,0
Highway,City Center,8,23,35.19450534568872,0.30753302665926846,11.735849193213824,0
Suburb,Highway,18,57,21.224219247172446,3.216504241438221,7.444000237433368,1
Highway,Suburb,4,65,30.840739772501188,0.9135398728745657,12.817894010069484,0
Suburb,City Center,22,21,32.084321430454544,2.8704463811531316,13.515156134559312,0
Highway,Suburb,6,64,9.653497766558912,0.4265414347549588,13.06204535348788,1
Suburb,Highway,18,37,2.621939664998596,0.7568873794055007,10.371905698466454,1
Suburb,Highway,19,98,15.009841648824153,0.20001849122755525,13.559482120198057,0
Highway,City Center,6,13,20.958826991281718,0.3097535161229675,6.571395629405414,0
Rural Route,City Center,23,99,8.038682442268339,4.294301737714377,11.720416410745433,1
City Center,Rural Route,1,45,34.222235826783844,0.23107456790855307,12.149350276103814,1
Rural Route,Suburb,22,59,39.488015652505865,0.20125725142559175,11.503725142153288,1
Highway,City Center,15,12,21.791969482273416,5.639438173390135,7.178890156800437,1
Rural Route,Rural Route,12,10,10.18202675593985,2.076371380410109,10.688074178154974,0
Suburb,Suburb,7,26,24.862953485057155,0.21275758686324053,9.231693979257315,0
City Center,City Center,5,80,10.15059710648111,7.13097027152593,4.1278018969819765,2
Highway,Rural Route,5,71,31.430935490208658,0.31822596794375657,6.466858239015642,0
Highway,Rural Route,8,57,17.685684087530056,2.907825429254381,13.483774519929726,0
Highway,Suburb,3,71,27.27252856179089,0.07094632023085984,8.806256744159551,1
City Center,Rural Route,10,78,29.0189726098959,1.9592162502628956,13.16839159599736,0
Suburb,Suburb,4,28,25.379580138401938,1.582419326206708,13.430952432451242,0
Highway,Suburb,16,43,37.85280729771661,0.46639739664468355,11.638722275839923,1
Rural Route,Suburb,19,58,21.78273116096421,2.060857888754127,8.156706608497888,0
Highway,Highway,6,89,14.968046830507063,1.9197173255240505,12.832703741456841,1
Highway,Rural Route,14,56,-1.0218955115153996,3.202460529669915,10.64066896780394,1
Highway,Suburb,14,59,-2.8396122426419055,4.1729171447182365,10.13400380087525,0
Highway,City Center,13,98,26.520381052220685,1.4271281508261835,7.265179148724575,1
Suburb,Highway,12,35,18.16155941329186,1.3478470631852664,8.49765295393871,1
Rural Route,Highway,10,65,11.846041931050074,1.9435845314329814,7.308834714177253,1
Suburb,Rural Route,12,87,8.860948311105597,2.612805527115213,12.877390506880557,0
Rural Route,Suburb,21,23,27.40954336671466,0.8806447678498442,14.603107813750569,0
Highway,Rural Route,23,87,10.164649540538774,1.4049486200864292,12.771056297462493,1
City Center,Highway,8,34,36.30660987142157,1.7594556808922617,10.596768630714559,1
Suburb,Suburb,9,13,43.509866157346046,8.909725277816158,9.079486721913016,0
City Center,City Center,3,88,10.99963188006429,1.7720672424304644,11.429248558944003,1
Suburb,Suburb,16,41,26.698251454262348,0.5076863762815774,8.748771959018196,0
Highway,Highway,13,91,24.40021593508989,1.7734146280277605,9.905914384755325,1
Suburb,City Center,23,87,10.123511897177446,3.4240443813602304,7.535596205679778,0
Highway,Suburb,17,74,10.180119233105286,3.8954751557300513,11.951922527191607,1
Suburb,City Center,10,70,18.7740877814551,3.2213819402963266,12.102724761860832,0
Highway,City Center,15,29,8.616105683106968,4.382255874542324,12.726566907979572,0
Highway,Highway,0,83,30.912569609811595,0.8152338688908417,11.673356826221703,1
Rural Route,City Center,6,19,17.538894861421873,1.4168084428980137,11.463910421769086,0
Highway,Rural Route,9,97,8.79371633661172,3.0245416065591724,6.868533901958382,1
Rural Route,Highway,8,43,19.110106411166342,0.6142733866831778,6.74296980819808,0
Highway,Rural Route,2,70,24.66423300742352,0.9290976685808675,10.993168579252629,1
City Center,City Center,21,36,12.755523219550605,3.557556042692543,13.302693691697357,0
Highway,Rural Route,22,49,0.06908808047070636,2.9400968581349245,9.198305395256707,1
City Center,Suburb,13,74,21.26367770762334,7.0947297780784035,10.016826350365468,0
City Center,City Center,14,42,7.830003672052378,11.02999297212092,10.047988236331685,0
Highway,Suburb,1,77,12.062516669553908,0.5508339859135749,4.470134985185457,2
City Center,Rural Route,23,80,24.69105169899079,4.614190219167355,10.721273256084427,1
Rural Route,Suburb,13,18,14.121011043463884,0.19857024182149097,8.350443915681764,0
Suburb,City Center,15,25,18.588882132007676,2.474371317202836,11.833241292681869,0
Highway,Suburb,6,14,34.530510986372605,0.49717757502798,9.90598813021858,0
City Center,Rural Route,3,32,16.47962664644758,0.7142391053038302,9.462212392988572,1
Highway,Rural Route,17,52,40.21316142570108,5.84947345033713,9.527562883364967,1
Rural Route,Rural Route,23,98,27.399146447350233,0.6107452274625852,9.018941063925798,1
Highway,City Center,4,66,10.686256981902721,2.236678396924921,5.915354974749935,1
Highway,Rural Route,5,60,15.236463855212403,0.3923424634954184,12.86004568400418,1
City Center,City Center,6,22,7.373571149594474,0.19608577114686282,8.098288159678388,0
Rural Route,Suburb,14,33,26.374563999301465,0.8289623378469704,8.596743269470476,0
Suburb,Rural Route,0,20,33.245145970885105,1.957375632593675,10.237196363279526,0
Suburb,Suburb,23,61,16.416061603891066,0.5698920211145595,6.653341033385577,0
City Center,Highway,3,26,1.3860524605799505,0.7138322279548455,8.50276072388205,1
Highway,Suburb,0,46,23.60469769963946,2.4670079683289567,15.749479055470733,2
City Center,Highway,10,22,11.380171034282853,0.21694408729139067,11.010203094069327,0
City Center,Suburb,17,71,12.893309808879414,1.1844513359208653,7.426591521503474,1
City Center,City Center,13,93,23.115271660604414,5.685491280751571,3.755980854005017,2
Highway,Suburb,21,17,32.31984120319434,1.0115821780424312,13.004182728797476,0
Rural Route,City Center,10,65,27.395017281203867,1.1390328739457531,6.963750162421299,0
City Center,City Center,9,92,24.295009882938174,2.680381728343934,8.37139072029009,0
Highway,Rural Route,16,79,18.42747897413456,3.019289429437484,8.751297154112502,0
Rural Route,City Center,3,53,6.795640383443951,2.93593216793479,7.26061208114996,0
City Center,Highway,23,69,23.479421169986217,12.300475039246185,9.771291060165094,1
Suburb,Rural Route,14,50,27.17729964692488,0.1482644410213914,8.34576645370447,0
Rural Route,Rural Route,15,30,14.049176534404127,8.06310965986194,11.833401304978226,0
City Center,Suburb,20,95,16.336365379708873,5.999063645310505,10.421655092955387,1
Rural Route,City Center,12,51,31.10051924183237,3.8229639223330105,14.296385620472503,0
Rural Route,City Center,8,83,16.075244800498478,1.210732644185095,14.357055524641885,0
Rural Route,Highway,10,83,17.294393512569744,4.0943727036333435,7.135549331716781,0
Rural Route,Suburb,10,38,19.116001880064093,0.4990582488421194,9.018954390211523,0
Rural Route,Suburb,5,89,26.655575829394213,3.1371278582537414,16.46291724212896,0
Rural Route,Rural Route,0,74,22.933312042382266,0.4097192099300146,6.524621520934458,1
City Center,Rural Route,21,26,22.19263000447998,3.3787162928201395,12.392875855535408,0
Suburb,Rural Route,5,39,35.17869313002281,1.9065793230078385,11.64399364580896,0
Highway,Highway,12,35,15.904810766223196,0.20635087494743656,7.453150836074935,0
Rural Route,Highway,21,62,10.494660968793179,4.513685907381875,7.5979035653507205,0
Highway,Rural Route,23,28,30.220980547459497,1.7252970750390992,15.534831586604334,0
City Center,Suburb,21,62,22.309316001412,2.1356712419164694,15.4748578698304,0
Rural Route,Highway,4,94,14.107538034399493,0.6667820766082616,11.289746921269314,1
Suburb,Suburb,14,26,16.40134586220233,4.10576287252906,5.8413870224750895,0
Highway,Suburb,17,55,7.260699728694657,1.5757982670793997,13.770573609117669,1
Rural Route,City Center,19,94,22.316801827881527,1.0933211357628696,5.828694115669902,0
City Center,Rural Route,13,62,5.385789640277359,1.5283488623942616,12.14559707591956,0
Suburb,City Center,14,73,26.820280576307965,2.430155685077262,5.1422131775796975,0
Highway,Rural Route,4,54,14.775992846457072,2.375200968403062,10.022855510159722,1
Highway,Rural Route,3,58,6.059691982919993,0.8850169418085524,12.65494234870717,1
Rural Route,Suburb,1,28,30.972487866912182,0.9731061340783759,1.5239247669056972,1
Suburb,Rural Route,6,80,42.56394387779976,1.6521606715896693,8.414862668645911,0
Suburb,Suburb,9,90,24.373205088385834,5.16478637922179,10.459935852034189,1
Suburb,Suburb,15,74,17.145791637225308,2.7363609607780983,8.967458660473028,0
Suburb,Rural Route,9,46,10.399316551829301,0.9899537144088596,7.986776273720395,0
City Center,Suburb,17,79,22.618346121051186,0.8220590009849222,9.599573591972336,0
Suburb,Suburb,16,35,26.367327633998244,1.4831488525612109,13.112571469410604,0
Highway,Suburb,20,11,20.068931514956393,4.080308875531628,14.106864720936777,0
Highway,Highway,12,68,28.954379229934048,0.017434251150605092,12.115063494021054,1
City Center,Suburb,0,14,35.13889687704065,2.4791037195497365,14.660083783643104,0
Highway,Highway,0,46,7.403117993433133,0.6977317582395275,8.395658287147702,1
Highway,Highway,14,40,22.940493017190743,0.4673917642117992,11.790353971583261,0
Suburb,Suburb,0,85,0.9666800057677563,0.024424527761784498,6.943460377641608,0
Highway,Suburb,5,57,11.859511951751658,4.538119222806932,18.793373345313544,1
City Center,Highway,12,15,27.198639579501418,4.866491961928251,10.30044118808482,0
Suburb,Highway,0,24,19.53194924613031,0.1267689168219004,12.41232079311645,1
Rural Route,Suburb,4,24,3.8910158043347955,1.4755165353138409,4.712605276796098,0
Suburb,Suburb,8,70,30.499111640103983,0.33110460085837534,12.344003637736334,0
City Center,Rural Route,16,25,14.56766210618361,2.8433254628407636,10.341097717089301,0
Suburb,Highway,15,29,28.508872287581404,2.18958800581297,11.392314700582169,0
Suburb,Highway,7,86,25.126819747349824,0.7051689653169759,10.040716546073952,1
City Center,Rural Route,16,53,11.668722189260764,0.24877019511117723,9.640608497647873,0
Suburb,Highway,14,51,28.689061178306115,3.5583262286187467,9.075554277322246,1
City Center,City Center,23,55,23.18616640199459,2.2432653480221223,9.731027266267848,0
City Center,Highway,0,43,21.750476832688516,0.013686614213808046,14.404825775371865,2
Rural Route,Rural Route,11,73,15.318487759642814,1.9770336183855928,8.897850131735359,0
Highway,City Center,4,38,8.97275960520567,3.3245809246720595,16.776351260558556,1
Highway,Suburb,23,12,15.813199361949692,1.7869463843498261,10.184130693167262,1
Suburb,Rural Route,5,18,15.595516533489853,1.1057748170336732,14.199901089281422,0
Suburb,Rural Route,0,84,28.516189687327092,1.7537476650790276,13.431778317265778,1
Rural Route,Suburb,0,84,3.5101544195056604,1.9336531356081808,5.309689356320485,1
Rural Route,Rural Route,9,34,34.70714889966858,2.0434948595487503,5.944396997703378,0
Rural Route,Highway,9,95,35.2559541755507,6.825227840349698,7.965307680378318,2
City Center,Suburb,2,51,13.589961974763042,0.39360651466737046,5.3689488840663255,0
Rural Route,Rural Route,16,55,34.01573810671513,1.9515142882037988,8.760813442000597,0
Rural Route,Suburb,18,82,9.944181129145646,0.4164934235945246,10.084353866795464,1
Suburb,Suburb,10,93,31.27125546840221,0.47133510105352744,11.94582840036679,0
Rural Route,Suburb,17,68,11.803409457002747,2.212832624242176,10.541729243733037,0
City Center,City Center,1,30,30.33436890887311,4.9527840439957584,10.015719353821781,0
City Center,Rural Route,8,83,5.626067698892395,0.34643246575501846,13.071223870159178,0
Suburb,City Center,23,31,30.828522785156167,6.5649913365815165,12.66964952625515,1
Rural Route,Rural Route,16,38,32.88580572109615,0.7694797131690174,15.723523739333178,0
Rural Route,Highway,13,72,5.304269762320537,0.9929056299538462,10.559871532262486,0
City Center,Highway,3,82,37.57259442976152,0.33371742771763996,2.767065404356952,2
Rural Route,Highway,16,70,30.184965017247904,1.9133720195458106,11.281595852973043,1
Rural Route,Rural Route,16,73,0.020079217698153684,1.8147635426720599,16.807093641000968,0
Rural Route,Suburb,11,78,15.100397310201306,1.1677596881192263,13.077958281643578,0
Highway,Suburb,19,49,30.376018056807517,1.2928760360963658,13.76590020836148,0
Suburb,City Center,17,84,27.23111611848545,1.9508922072523982,10.284489618219189,0
Highway,City Center,2,10,21.117875698772778,1.7517209959930813,12.739409946779475,0
Suburb,Highway,10,74,29.279646498992754,0.9376514677488064,13.923785597074405,0
City Center,City Center,17,71,11.259708178167195,4.310303309087863,8.997249055141257,0
Rural Route,Rural Route,3,63,20.473629402140347,2.203196623566227,8.497651151000573,0
Suburb,Rural Route,16,69,11.544188017973138,0.45984880532113975,11.364109186078021,0
Highway,City Center,17,55,21.348092601222213,0.7710396687544934,12.907784590814414,0
Rural Route,City Center,4,14,30.010309580255736,3.10118835517776,1.7338929062157469,1
City Center,City Center,13,31,27.815604796316087,0.22080280146143785,9.415661899072807,0
Suburb,City Center,9,99,22.228897375512354,2.7744455737418336,4.13963725130297,1
Suburb,Highway,14,62,29.896937505958117,0.8889601012422336,9.63226831353251,0
Suburb,Highway,0,79,30.881780137567137,1.6045453100597438,15.06884336477874,1
Rural Route,City Center,15,41,37.973228714625726,0.6585590606121549,8.127944922404703,0
Highway,Rural Route,10,20,31.674682045475876,8.603707709014227,9.141747172385811,1
Highway,Highway,22,19,26.56423018077778,4.725525837301468,11.985807304083043,2
Suburb,Rural Route,19,48,29.34091354643799,5.274712988151879,12.981356000926494,0
City Center,Suburb,5,40,22.435594142763854,0.40858353120595453,12.86849989918256,0
City Center,Rural Route,23,21,17.200505670066576,3.6864014981205404,10.111953854526451,0
Highway,City Center,21,89,28.676088271035265,1.5331444378819905,11.711400521852292,1
City Center,Suburb,15,47,27.57124335725055,2.461038804173599,11.579749980550602,0
Highway,Highway,1,76,22.919552726728604,0.4905331073874508,7.888762893411537,1
Suburb,Highway,0,75,18.054058058403644,2.489482975390178,4.746863884458724,2
Highway,Suburb,23,61,17.49946143952925,4.913040632087808,7.308927184219521,1
Highway,Rural Route,23,14,15.91289472260201,0.6225330532065543,14.316192743233664,1
Suburb,Highway,8,20,32.55707825584831,0.5314755106176708,16.63963955556219,0
City Center,City Center,21,34,31.784269584876565,0.2205552775540307,9.726944781238673,0
Highway,Suburb,11,44,31.35501896858702,0.620691734822177,14.200540142704572,0
Highway,City Center,16,44,9.48141407755126,1.5348462306890693,9.10780547645904,0
Suburb,Suburb,14,31,16.40709160434982,3.5761281086353884,11.047099347145785,0
City Center,Highway,18,46,17.42608725202247,0.6536783036966521,8.157385084757593,1
Highway,Rural Route,21,95,13.938555298397546,1.9412002405726514,13.043645613992892,1
Suburb,Suburb,9,64,38.62595098601173,1.3062793200916982,8.084152340220056,0
Highway,Suburb,11,84,24.004644555493435,0.680981915479056,7.322159502877431,0
Rural Route,City Center,13,81,23.28609191903709,1.4281659505699484,10.140252964920526,0
Suburb,Highway,8,73,15.340796645884268,0.3677552850853902,12.450299256370956,0
City Center,City Center,12,29,28.620919871481405,2.0409569812301056,10.490959335725066,0
City Center,Highway,2,13,41.91536759662428,0.24583350397786477,8.592919795103592,1
City Center,City Center,20,27,20.809510223963905,2.625943009527562,7.30096563515024,0
City Center,Suburb,13,60,17.66485198455134,0.39133081064743974,4.939324833525437,1
Highway,City Center,20,77,19.094148572115213,12.595059318651066,8.631240738140193,2
Highway,Rural Route,9,29,16.779480697052886,3.4708255100723058,9.541258492603182,0
City Center,Highway,15,18,19.97133935559953,0.8427021608526862,11.661881675695206,0
City Center,Highway,6,89,13.88525988350833,1.1109653849204875,6.498677867847502,1
City Center,Suburb,3,35,11.134511699103978,0.6000249503772854,12.004562799210705,0
Highway,Highway,19,34,19.78760942422994,2.9144172504285026,8.217524714774843,0
City Center,Rural Route,22,77,20.810986039119104,0.9584180421732879,8.458688215354499,1
City Center,City Center,10,50,17.26885436961998,2.814509076364154,13.746159299897512,0
Rural Route,Suburb,15,68,34.56978286196328,0.03714593881840891,2.567954781185552,0
Rural Route,Rural Route,19,54,24.15490650314046,0.2914878042071585,6.319513182363232,0
City Center,Highway,3,50,27.42458147819189,0.9081797262299834,10.13693667506977,1
Suburb,Highway,21,47,27.69022345783737,0.23061640131463076,9.985087012844016,0
City Center,Rural Route,21,28,21.04645946080875,1.8382293925027882,4.894046468093293,1
Rural Route,City Center,22,23,22.1865146500233,0.1043391427998942,8.517378853419835,0
Suburb,City Center,16,30,11.398323081583746,3.9288427838306674,12.8740455511981,0
Suburb,Suburb,12,24,26.55982846379287,2.8651625117188044,6.5115086988869155,0
City Center,Highway,10,12,16.666853052847397,0.4873469080533863,13.242256830695078,0
Rural Route,Rural Route,2,46,13.602486181862432,1.3224906242056769,7.851519228795125,0
Rural Route,City Center,8,55,33.01965987394898,1.2022779048089132,4.381227820947608,0
Suburb,Suburb,5,25,6.677589462139208,2.580983989212293,12.457256557718956,0
City Center,Highway,21,23,37.19075775667114,1.0266872507942515,10.75207532732486,0
Highway,Highway,20,18,36.39930656356362,0.06697975112049201,5.602190123128401,0
Highway,Suburb,10,16,17.777589294876524,0.639682999084731,8.371663061537744,0
Rural Route,Suburb,15,23,37.85199078539924,1.25545236747612,15.174889245111409,0
Highway,City Center,18,15,11.116573662142425,7.337543249588479,11.975057027333351,1
Rural Route,Rural Route,4,94,29.94088944510296,4.259932022608879,13.346158177795683,1
Rural Route,Highway,13,24,20.167996358099384,0.40033444090373405,6.585046994726335,1
Rural Route,Rural Route,16,61,1.9360612605183327,2.56946888872775,13.67583535500096,0
Highway,Highway,2,81,13.689890439152883,5.5237082262177655,5.728140970540819,2
Rural Route,Highway,3,43,18.254973099744582,0.017662992295636108,5.823042395943988,1
Suburb,Rural Route,15,10,27.79006311699187,2.5526975961803045,12.505357940454559,0
City Center,Suburb,15,78,15.22917589416482,1.2299052662377488,6.00675871315194,0
City Center,City Center,20,95,17.26854780589631,2.28034533822578,14.552682863566385,0
Rural Route,Highway,3,29,25.40983822201968,1.8607249195947881,6.242770366349852,1
City Center,Suburb,18,89,24.880960017038376,8.355299451083972,7.083813015472927,0
Highway,Highway,16,16,19.08274414336225,0.6816465148313045,13.459514690652224,0
Highway,City Center,12,16,16.97154572839788,3.0848952536820144,8.137743670693334,0
City Center,Highway,21,59,29.393064636280204,0.5348176433698181,12.385464473515214,0
Highway,City Center,22,11,16.91533349669382,1.1440123873427217,6.65984090821131,1
City Center,City Center,23,56,8.106139765346263,7.408463314252174,9.170197781423362,1
City Center,Highway,0,23,16.055995506013264,2.906033589840066,12.22259474877048,0
City Center,Highway,11,40,25.468166708397035,0.7590721485503265,7.462827646139672,1
Rural Route,City Center,3,59,18.507093882567762,1.931851241679014,13.068180536073989,0
City Center,Suburb,10,70,14.972360776357998,0.1019384485505686,8.919143477256165,0
Rural Route,Rural Route,4,50,7.451968989123932,0.6195688574063231,10.360273504373971,0
City Center,City Center,1,23,18.56063338850896,2.5344677651081957,6.9920124354046855,1
City Center,Highway,16,14,22.27912849853093,1.6883753953348535,7.688914773282271,1
City Center,Highway,7,84,9.926155876279301,1.268522408654539,7.467572934300391,1
Highway,Suburb,5,14,18.107128663522268,2.3480259644632766,8.173080189940816,0
Rural Route,Rural Route,20,73,9.061043581871147,1.0165208029271724,14.638609155543582,1
Rural Route,City Center,8,38,18.712216987799085,0.05300860170533061,13.362369743798729,0
City Center,City Center,12,84,37.25495362177706,1.1633068680032246,11.355398733066187,0
City Center,Rural Route,10,14,21.717132745067723,4.648213917450614,8.02414529278099,0
Highway,City Center,15,45,4.18426634753958,3.8844457073818477,7.47376313617362,1
Highway,Rural Route,15,88,23.31130278144675,1.0518689983338545,7.091157123946698,1
Highway,Highway,1,28,33.11814183194126,0.044944113260084156,9.088498787696505,1
Rural Route,Rural Route,9,73,6.159434887601645,2.022891846791305,10.840387643702456,1
Rural Route,City Center,11,31,9.545067826825777,2.703356371218135,11.842814672825593,0
Rural Route,Rural Route,7,43,22.583484776039647,0.6969702192720274,10.043224499746273,0
City Center,Suburb,10,65,19.12884547347666,1.295063146105099,11.696344362003606,0
Rural Route,Highway,9,26,32.11169370366708,9.621142944472263,12.807853914461926,0
Suburb,Highway,12,85,18.193629472248233,1.7176622880852863,8.884731797467815,0
Suburb,Rural Route,16,98,28.254474989892365,0.864875971966246,13.295140421527032,0
Highway,City Center,6,65,35.2810326271299,1.9749767604791888,7.048799430138318,0
Rural Route,Suburb,23,26,11.324106492246498,0.3969562851732919,11.75914575087568,0
Suburb,Highway,2,83,27.476722752778517,0.44441890862382083,10.09589227374816,1
Highway,Highway,19,91,15.991385674289122,5.178527730213737,10.525900162136574,1
Rural Route,City Center,12,27,-2.152357504254958,0.5467696437283373,8.896595594462763,0
City Center,City Center,18,54,24.76375837817217,0.7444167282782516,13.741963265222655,0
Suburb,Suburb,6,87,25.994410354027533,1.5695481685898254,8.18729114270942,0
City Center,Rural Route,8,65,4.507573015710964,4.599032020452823,14.162374680550943,0
Rural Route,City Center,18,89,15.460707845289711,3.0414707549414595,14.18209619880769,1
Suburb,Rural Route,12,59,13.769948430015761,0.08954273413301297,11.353336262928458,0
Rural Route,Suburb,21,67,28.099877460973516,2.362008354855567,9.061490148043564,0
City Center,Rural Route,7,27,4.508085664032311,1.4026066339293912,7.4866798127409675,0
Suburb,Highway,21,89,21.06758804275337,1.290821207208276,4.016883109794499,2
City Center,Rural Route,17,90,-3.3969338307726247,2.3524452981622797,11.619634356113115,0
Rural Route,Suburb,22,16,23.795097827753807,0.43688933232142474,6.665514850969154,0
Rural Route,Suburb,1,85,21.251289642004842,7.9787439190513005,7.085550331873574,1
City Center,Suburb,17,19,14.890393920068652,2.0730026561280606,11.653023495500822,0
Suburb,Rural Route,17,78,34.282972254909794,0.9103283204095902,8.710344998297764,0
City Center,Highway,10,94,-6.2314990557414305,1.8335927597359207,10.652798744187939,1
Rural Route,City Center,0,12,19.81845073408255,0.48789405997869156,11.38174798475131,0
City Center,Highway,13,92,31.975985586161837,2.00937995131078,14.814100454617689,1
Rural Route,Rural Route,15,53,21.28808579127408,0.05724579059808076,10.595721015380208,0
City Center,Rural Route,10,79,33.66066147662551,0.8346156483539331,8.351156039479589,0
Suburb,City Center,0,23,15.494265384146875,2.7528219006354515,9.774765269790223,1
Suburb,Rural Route,6,13,18.328394929500668,3.3002890888233636,8.266394171440574,0
City Center,Suburb,15,27,32.33256931719987,0.583164438463081,15.63926375155466,0
City Center,Suburb,13,61,28.94553740525029,1.550491666027235,11.116700783442736,0
Suburb,Suburb,14,47,43.99253308156752,1.5036421936591582,11.75400303745074,0
Rural Route,Suburb,13,89,21.028167872541953,1.0944815132584829,14.057505727689653,0
Suburb,Suburb,20,29,22.00246425939207,0.5186634895712601,7.45705092311759,0
Rural Route,Rural Route,10,97,15.38599924976306,2.429583795294987,5.720533882411403,0
City Center,City Center,15,53,17.959462128768223,0.5816718993843574,9.931777661884764,0
City Center,City Center,18,60,30.780655633926063,4.838816265212096,5.728963533359572,0
Rural Route,Suburb,16,28,19.997346284226943,1.5036778304673892,8.766683231202203,0
City Center,Rural Route,5,77,11.92708506386012,4.08781426475507,3.463261577008746,1
Rural Route,Highway,10,75,16.23948184602225,0.6870738842318027,5.944953893272224,1
Highway,Highway,16,22,19.096714147511737,3.2909506205233074,13.668790073854101,0
Suburb,Rural Route,8,71,12.574887313718907,0.24131739885886933,11.213910633928725,0
Highway,Suburb,17,70,15.420408568437686,2.9119778889900476,15.39295444601909,1
Rural Route,City Center,16,39,10.002057049689485,0.9786040215465548,9.906585790992068,0
Suburb,Rural Route,11,39,15.773951984094545,1.2697191445370595,9.79140337886989,0
Rural Route,Highway,22,60,31.66209150974848,0.3649807107022337,10.64642384658599,1
Suburb,Highway,21,97,20.48389395232291,0.037606738031905666,20.0,1
Suburb,Highway,21,57,44.61319393641058,2.1944115153631785,13.157814210256861,0
Suburb,Suburb,4,42,12.361346070091724,1.7720967702961106,7.478186157885568,0
Suburb,Highway,10,83,24.854944953388305,1.947988805518787,11.222026450081104,0
Rural Route,Rural Route,3,91,22.22205823581384,0.5887468407460789,10.45769714958806,1
Suburb,Rural Route,3,28,26.504395122340235,0.5469731812088501,12.162715070057997,0
Suburb,Highway,2,80,13.93930808009279,3.5474027404059827,15.61966003983192,1
Highway,Rural Route,23,66,16.31534829065805,2.8646996577481514,11.76332675473152,1
City Center,Highway,22,28,24.072557815474873,0.8213275430694359,8.887721970554402,1
City Center,Highway,16,97,14.953307435956058,2.0311490298529673,15.59304675669324,1
Highway,City Center,6,88,2.2653060032351853,3.5222665998894804,6.0823801014696945,0
Highway,Suburb,3,50,33.10451555043439,4.393379400739901,9.186522003224567,1
Rural Route,Suburb,22,51,28.880950643232843,0.011646365551511358,12.704375676937145,0
Rural Route,City Center,12,96,15.828626990302286,3.3582448296714946,7.62849185247425,0
Rural Route,City Center,11,61,22.183171930703246,0.8627733789520847,9.84467427169544,0
Highway,Suburb,0,13,30.068305429130696,2.534381087900792,7.896029974655413,1
Highway,Highway,20,13,33.44221232799857,0.9285246509537914,9.88498145415644,0
Suburb,Highway,18,14,21.04259309015388,1.8640735391833765,7.901203075935548,0
Rural Route,Suburb,20,50,14.146406055225972,2.0813421892618442,10.237134318686133,0
Rural Route,Highway,19,96,34.64268455555029,1.0383634475793724,9.011132430442084,1
Rural Route,City Center,17,70,20.947192541136374,1.4381009090750716,13.981723815421233,0
City Center,Highway,10,84,18.528019934924124,2.5915430404916067,11.156498847261194,1
Suburb,Highway,19,64,22.632132303619304,1.2936926765366599,12.214389373177742,0
Rural Route,Rural Route,2,84,31.547267197352028,0.028158265144974184,10.432930619086536,1
Rural Route,Rural Route,16,22,19.612012855583846,0.02597635882733472,8.696734432337257,0
Rural Route,Rural Route,11,23,29.85999266936274,2.1653451081319073,11.004401918044838,0
City Center,Highway,9,69,17.914578454993574,3.757742192812963,10.608378419856665,1
City Center,Suburb,7,81,26.090553462441527,3.0767806567617058,2.735762085059319,1
Highway,City Center,14,34,10.519116136222031,0.7432879949417274,10.100659177440589,0
Suburb,Highway,4,91,30.69609412456554,1.2740172498524172,12.015884993698677,1
Highway,Suburb,3,53,13.239583958969124,0.5335659494730587,7.851702748464474,1
Suburb,Highway,20,91,24.592870976873616,9.04716393108633,12.602561484309769,2
City Center,City Center,19,19,5.134317737400684,0.6035794359569652,11.066775071880691,0
Rural Route,Highway,18,80,20.248143313165084,1.076604658934183,8.809656439781829,1
Highway,City Center,20,59,21.881231918614777,2.2859369880981655,11.625710060648807,1
Rural Route,Highway,3,53,13.186741790576377,4.175232441428932,8.894223943033799,1
Highway,City Center,14,23,18.902253608998237,0.10569570747732078,10.830394417915521,0
City Center,Highway,16,24,22.62100836517781,0.7162653719345795,9.220235167398716,0
City Center,City Center,11,25,25.632686525449273,1.6832287081363555,11.647015753343396,0
City Center,Rural Route,2,11,21.00143108565086,1.9263091823463536,14.040474220796499,0
Highway,Highway,9,39,33.324438280783,0.14520039406674243,8.691643152339298,0
Suburb,Highway,14,39,31.58262295580034,2.1817569705925153,12.706680495550547,0
Highway,Suburb,9,91,19.693788686031773,1.501825341020587,9.10311320134843,1
Suburb,Suburb,23,40,6.696691470532965,3.516193492740288,9.12663238987791,0
Highway,City Center,22,86,15.129237851411462,0.5025438829025988,8.8142066006541,2
Highway,Highway,17,29,-2.291258960576865,0.4338930477834927,4.9359798862178526,1
City Center,City Center,0,58,18.1687013872066,3.153333811137119,11.501068956606732,0
Rural Route,Rural Route,2,44,34.017534423040345,2.4339075808177126,10.852139533655208,0
Rural Route,Suburb,20,32,27.910087097732184,3.137296098405776,10.488851183213688,0
Suburb,City Center,11,70,20.83510549900972,3.0459163128838123,14.663561220898536,0
Rural Route,City Center,0,93,12.725356943260731,0.21963124056511757,14.993863390328508,1
Highway,Suburb,2,64,21.22304290088523,0.6530760221297485,13.923844184343544,1
Highway,Highway,2,76,41.31227476098672,0.6024402964711637,9.294014805655117,1
City Center,City Center,4,17,34.87698603854576,5.454077131355846,9.14184274254048,0
City Center,Suburb,18,49,18.497047393988666,1.3367786974624303,6.945527949377664,0
Rural Route,Highway,0,68,5.180529869273222,0.23544462357526888,10.185510307252999,0
Suburb,Rural Route,3,41,42.08096295528831,0.6837919738020027,10.024760113637594,0
Rural Route,Suburb,3,16,12.711600412458907,4.1099138782865925,11.61533468713678,0
Rural Route,City Center,16,11,25.300753375993843,3.755502591890133,6.793460777923556,0
Rural Route,Rural Route,13,94,4.412831343071961,4.6119714058494905,8.877216252600272,0
Rural Route,Highway,17,15,16.769152698058427,0.9837747553597268,4.915163237729872,1
Highway,Highway,0,45,4.372166033472759,2.050766190498944,7.851883809593865,1
Suburb,Suburb,21,41,8.381145640043615,0.651942110721951,12.677903683404676,0
Highway,Suburb,15,54,10.752845004928515,0.39891589398369115,6.695725194541914,0
Suburb,Suburb,2,51,24.770045270150447,0.04428892940605849,15.231934505563473,0
City Center,Highway,22,62,19.03909824002597,0.5057651850457168,13.026707441161328,2
Rural Route,Rural Route,20,18,47.12259107049089,1.854572608910341,11.503723455468892,0
Highway,Highway,8,84,31.337973252620763,4.6912005149835485,14.000608390329909,1
Suburb,City Center,22,96,31.554910448774365,0.28640297406111825,9.636898700623048,0
City Center,Highway,3,84,25.03667538782195,5.0023540580819565,7.787426556841202,1
City Center,City Center,20,58,22.760519821968842,0.8474167224284629,9.712173028208682,0
Rural Route,Rural Route,4,11,31.890573220626912,1.113140287892529,4.843464258283301,2
Suburb,Suburb,10,76,-3.8122126493610935,0.9081929722461225,13.572214292489946,0
Highway,Suburb,20,20,13.777890167119349,1.0505528709453176,8.953334266063536,0
Rural Route,Highway,8,59,6.395056976514761,0.6000306956722103,7.734379687125247,0
Highway,Suburb,2,44,1.1571081370149052,2.3986650296919403,8.08136512797943,1
City Center,Rural Route,5,24,12.313052645316898,2.8391489864830657,10.049729314564933,0
Highway,Suburb,23,84,8.522123922305617,3.464487102630774,10.35886906238536,1
Highway,Highway,10,40,31.941960897436203,0.8349425390478742,9.561687830452499,0
Rural Route,Rural Route,8,71,20.916320286869247,2.893166652286996,9.548351165657333,0
Highway,City Center,14,37,-0.09964109825924083,2.030429332986562,11.649278055004046,0
Rural Route,Highway,22,34,23.140415293084732,6.336179443079241,6.7039727406324685,2
City Center,City Center,2,93,9.878065810348255,1.1060233696631365,10.675574263657865,1
Rural Route,Rural Route,0,34,20.62295231242726,9.735598220622018,9.046411323225207,1
Rural Route,Highway,19,84,23.937216834988277,2.697180595057224,4.006036081847264,2
Suburb,Highway,21,92,12.495176112202694,2.994699948061629,6.750090290263633,1
Highway,Rural Route,18,10,22.17359837138415,0.05208200574498158,7.624057424804217,0
City Center,Suburb,13,68,24.02073426747348,1.3759147472152486,15.011179315323597,0
Rural Route,Highway,16,78,18.357290042430673,1.5029798430219812,11.357512165705682,1
City Center,Highway,21,83,12.803754054686125,0.0828945922957329,10.812968262605832,1
Suburb,City Center,13,51,20.03142417999797,0.7483143821161737,8.53908470487973,0
Highway,Suburb,16,43,18.60513932304896,6.23102272825722,8.462954258730125,1
Rural Route,City Center,13,75,23.165207780332622,1.1106400830208323,6.451360647607819,0
Highway,City Center,11,27,17.362269750990322,0.41331534788619173,9.020772001099841,0
Suburb,Suburb,15,86,8.079802168230279,1.4403737896878228,14.1268281068566,0
Suburb,Suburb,0,14,18.30990969938889,0.06869760105059253,6.045648011295214,0
City Center,Rural Route,12,29,23.266776633734167,1.4512940507407919,8.240716085158951,0
Rural Route,Suburb,5,75,21.85135520814254,1.8041263802607757,12.778561194686851,0
City Center,Highway,16,84,18.890737448520827,0.8853820355764223,12.770423425663468,1
Suburb,Suburb,11,71,15.13387010296487,2.875817082127701,7.83837842710007,0
Highway,Rural Route,22,41,14.61657472822645,0.29170327105230454,13.490860262894174,1
City Center,Rural Route,18,67,15.654575945824114,4.210477450211474,8.695909128691437,0
City Center,Rural Route,5,59,30.761601959123105,6.222057773413646,6.552221254227034,1
Highway,Suburb,6,47,10.521493753374084,0.00247057451225368,14.494935973018949,1
City Center,Suburb,0,64,20.909895967041408,3.6994763546772425,10.275882044077896,1
Highway,City Center,0,37,7.420021228484085,1.410865272979123,9.496415614545066,1
Rural Route,City Center,4,83,27.64732286169133,1.2375851176251045,10.52448920431781,1
Highway,Highway,5,95,14.638672869879032,0.545400674070983,7.0902274122674545,2
Rural Route,City Center,15,90,11.743870425182557,1.1859704560952156,8.314289237253874,0
Highway,Highway,15,31,22.15448538908278,6.008623933378233,14.3107054879994,1
Suburb,Rural Route,13,52,-4.607481979366106,0.4734396717334079,15.577397982014201,0
Suburb,City Center,0,92,7.005229543144601,0.39456480065866545,6.660489663984619,1
Rural Route,Suburb,12,90,23.609090872602632,0.553870201327839,8.831924282045918,1
Rural Route,City Center,19,97,30.146060961750273,1.605184026224463,10.013164785257416,0
Suburb,Highway,9,45,24.509373157003573,5.327104626406762,10.602081595778419,1
Rural Route,City Center,23,61,21.39432963629566,1.7060760307705307,7.148843044369048,0
Highway,Rural Route,9,45,44.10384157935951,0.5580591644982572,11.951321509756639,0
Highway,Suburb,8,37,24.914002795447622,1.1612530551079103,12.177967013074412,0
Suburb,Highway,12,87,9.554870836021268,0.9899049815873799,12.550935349992354,0
City Center,Suburb,2,67,30.246617972315555,0.09537742868724698,12.257392477204018,1
Highway,Suburb,17,45,13.589652715910868,1.4293212829940938,10.243697921647982,0
Rural Route,Highway,19,79,12.917623627909212,0.26936442142896666,12.971667587740425,1
City Center,Suburb,1,18,6.190671396212906,3.6934120203689416,11.632198788634641,0
City Center,Suburb,16,30,15.885855578963515,1.592411403664026,5.54837464816996,0
Highway,City Center,18,73,7.705050195474261,3.723589115206485,5.56947163124687,0
Highway,Suburb,22,85,25.574246050341774,6.249163566771613,10.92572427825692,2
City Center,Suburb,12,70,18.745844767346775,5.736025651476058,13.857455430888388,1
City Center,Suburb,12,49,6.390460872052664,0.21167533519242585,11.33813636816901,0
Suburb,Suburb,0,65,19.189566703384795,5.794203281484652,11.764947092714825,1
Rural Route,Highway,1,13,29.938312603314053,3.176793749564544,6.8227318102596675,1
Suburb,Rural Route,0,40,36.22261372055122,3.007078030806195,10.202029059533169,1
Highway,City Center,23,36,2.103845387519879,0.1889038849806856,13.426319791896276,1
Suburb,Suburb,4,67,12.216545754159473,0.395718574601298,11.3374345160244,0
Suburb,Suburb,23,34,7.106497009656438,7.39087219719422,10.313926965545978,1
Suburb,Highway,2,78,23.53551060848231,0.4799949613387628,11.782376272224525,1
Suburb,Rural Route,6,79,5.910895901192127,0.3703793241588637,10.67962377132934,0
Rural Route,Suburb,23,14,30.592350478776574,0.8999365481344996,13.523615194779651,0
Rural Route,Highway,21,17,32.03692913409556,4.89189957830201,10.677362643873428,0
City Center,City Center,12,18,28.18118717155073,1.2932657361894795,9.907757347057283,0
Highway,City Center,22,24,12.827126077943415,5.06610376498587,6.857914010916369,0
Suburb,Suburb,17,16,13.456805678311046,0.8139488343302219,13.643175531470357,0
City Center,Suburb,23,81,15.43352776577304,0.5137332858305355,7.1787429188394,1
City Center,Rural Route,20,24,31.050751398699383,1.367197856508693,10.712435087279157,0
City Center,Rural Route,6,46,3.0196772552072204,1.9115027769849553,12.402868193260165,0
Rural Route,Suburb,0,92,23.86124115869855,0.9935134417841476,15.36800748589985,1
Suburb,Highway,4,48,10.665512398139704,0.8493891587385669,10.679888261117222,1
Suburb,Rural Route,16,15,15.805792314158888,0.4919527060823498,14.173876638626929,0
Highway,Suburb,7,92,27.361434480328136,0.6431859137813942,10.082159164216455,0
Suburb,Rural Route,14,66,4.845536744345997,2.236311833507042,8.318719533350357,0
Suburb,Suburb,19,90,17.22259491114273,0.9236694947627232,18.299264918546648,0
City Center,City Center,3,28,18.711628881197615,0.16623511743508154,6.345740271664228,0
Highway,Suburb,1,72,19.626076617001676,0.2973605826694637,18.763973118746804,2
Suburb,City Center,4,40,18.968189348348186,0.9316381960940847,14.885100760838977,0
Rural Route,Rural Route,0,84,25.566582847097322,5.16730961332089,8.27559267730371,1
Suburb,Suburb,4,88,15.480104437234289,0.9529458574897062,11.949544159166138,1
City Center,Rural Route,5,19,23.65366937135265,0.12511739645884784,5.806737374052666,0
Rural Route,City Center,1,96,23.298388340631334,1.08254993022766,11.77909690608575,1
City Center,Suburb,0,76,22.86068562568352,2.2101719594849047,10.966298523491954,0
Suburb,Rural Route,3,71,25.27838689210097,1.8008157446020687,12.599422515565054,0
Rural Route,City Center,6,12,22.820803989251484,0.6536857904809753,8.788065970848535,0
Highway,Rural Route,21,27,19.1032734100299,2.3300742831342274,10.477073624166993,0
Highway,Highway,0,34,7.310527653617333,1.9918823914079515,11.428824017133794,1
Rural Route,City Center,0,29,33.57186800800402,0.3779020919426448,8.534610732799143,0
Rural Route,City Center,7,67,36.94625608510289,0.3538204575133759,14.218286056005667,0
City Center,City Center,19,95,16.40592854006398,1.5845347797339628,10.390415583877774,0
Rural Route,Suburb,15,59,24.564078513542444,2.1543194648372324,11.033121916337283,0
City Center,Suburb,20,88,14.523871209742639,6.535637706605246,7.501666366691949,0
Suburb,Suburb,12,19,12.797802178167018,1.0961228029522492,5.045975513734004,0
City Center,Highway,22,30,20.553158113373016,2.8958224873397045,5.960977594612915,1
Rural Route,Highway,23,38,48.07455832049344,0.24777494113404244,11.78894346468511,1
Rural Route,City Center,22,19,35.95347011002865,4.407453835291786,7.629127607711,0
Suburb,Highway,17,22,34.455335910176146,2.0053730044069433,12.186633129128397,0
Rural Route,Rural Route,19,56,25.187719143432325,1.9832699507612355,14.964224638355645,0
Rural Route,City Center,9,32,10.824749184320314,0.3073344057178538,12.312929558795402,0
Highway,City Center,11,59,30.368156538600374,0.08077694685383102,11.278931930180311,1
Highway,Rural Route,0,96,-8.422068770392464,2.4176299373064514,11.967046826423324,1
Suburb,City Center,9,13,23.90874657131438,0.24898804071933228,13.312070852399378,0
City Center,Highway,8,76,30.978779377191866,0.27157106139219656,10.935157468368207,1
Highway,Suburb,2,94,21.514842547448577,0.4152790897952537,11.991084875259633,1
City Center,Rural Route,18,62,36.59372380280472,0.20571947517773354,8.303753163038051,0
Rural Route,Highway,8,11,5.741123246933812,1.9637530447087261,7.071363118095531,0
Highway,Rural Route,9,77,36.00695657205215,1.096379449922521,8.482620315392067,1
Suburb,Rural Route,18,74,18.42288295164275,0.618754350054367,9.020927832053145,0
Suburb,City Center,15,88,34.50782778203221,1.1623152128228953,8.89850472702243,0
Suburb,City Center,23,66,30.20196872459273,3.7175942476341475,13.439927582573182,0
Highway,Highway,17,79,35.140705120549356,5.236768340352765,1.852708776752383,2
City Center,Rural Route,13,16,29.754655100431968,1.3368160440703554,9.358803254435312,0
Rural Route,City Center,2,28,26.91934959018858,1.6728941577727723,12.22984149039888,0
City Center,City Center,1,53,33.66163752035071,0.5946567114462575,12.120289389693953,0
City Center,Rural Route,0,72,20.55479357483016,1.4414494535570153,7.543201823006005,1
Rural Route,Highway,17,74,26.023417159172674,2.757601869677763,15.216153450886189,1
Rural Route,Highway,23,48,19.96382049431126,1.3550881439258475,5.848741686383733,1
Highway,Rural Route,8,92,13.141667908585063,0.7192812481312231,8.950098597686326,1
Highway,Highway,12,35,25.269462553651643,1.744712040456383,9.070514548940704,0
Highway,City Center,1,53,21.96745800899453,5.861988702815418,9.040449503912093,2
Highway,Rural Route,6,21,32.5697424090379,4.3782245144242955,14.079101269533606,0
Highway,City Center,15,31,18.077456077855665,2.9327747596386318,10.047889069096048,0
Rural Route,Suburb,20,86,12.393085520146828,0.6465069528072491,10.959326425174138,0
City Center,Suburb,18,23,32.4300953016167,0.5529818741664212,12.637951874466289,0
Highway,Highway,14,95,20.63341087083543,3.646960880443681,8.081254797642254,1
Highway,Suburb,21,39,12.087708611609486,0.40011781792849915,9.535810113386047,0
City Center,City Center,10,53,33.89045986735623,1.8608366535252652,15.028203779409703,0
Highway,Suburb,0,93,29.267607075552156,1.1558190070145817,11.134728792334245,2
City Center,City Center,20,47,38.48832498764862,1.2621727050874285,6.715068998804751,0
City Center,Highway,6,68,16.59085397110633,1.2122640830891,7.430924046735003,0
Rural Route,Highway,19,51,15.191842125156601,4.6041733689136395,12.67579860408275,0
Suburb,City Center,7,61,9.13428389949493,0.18224527160598694,6.6115775429981145,0
Rural Route,Suburb,9,72,14.3309498371317,3.0548077571293355,8.581029728412123,0
Suburb,Highway,4,70,16.13639873008125,3.603773210913179,10.609906590226908,1
Suburb,Rural Route,8,43,26.830014645345464,5.725102034812337,10.040864519808114,0
Suburb,Highway,0,48,10.706302007406393,1.2051508001099518,14.44965277930878,1
Highway,Suburb,1,50,13.36663162610561,1.3865551456689635,2.6481477829176923,2
Rural Route,Rural Route,18,46,36.966573032432194,6.50354823276144,11.445841517595408,0
Suburb,Suburb,13,74,-9.309312402359812,1.2266436795992943,9.15225136288964,0
City Center,City Center,19,88,24.80260592787532,1.4005388592419752,13.951024625213318,0
Highway,Rural Route,9,41,7.095833872246022,0.8076957875770844,9.293118635409826,0
Rural Route,Suburb,8,17,11.94747861001128,0.06427680150379837,9.380052213719932,0
Suburb,Rural Route,9,27,34.23361737630497,1.13498438220509,9.987770241145403,0
City Center,Suburb,5,54,20.715765442967285,2.128951132209377,8.016578042631577,0
Rural Route,Rural Route,16,42,46.570760862853966,2.342017029662778,8.227261983973158,0
Rural Route,Suburb,5,14,26.268126272447855,0.013059840970442684,9.553132901866912,0
Highway,City Center,3,91,11.703261252342974,3.2294313785856152,14.934917294336255,1
Rural Route,Rural Route,19,83,25.577390196646842,1.3561846086191225,8.525950447867226,0
Highway,Rural Route,2,45,31.29972415390671,1.4710464364023483,7.9375078737878315,1
Suburb,Rural Route,22,32,25.21932678770256,6.526893434338602,8.799555680827233,1
Highway,Rural Route,18,49,17.84639094708656,0.6694387917253999,10.010188107677411,0
City Center,City Center,17,14,3.089426073712694,2.868046884207107,15.377333722791978,0
Highway,Rural Route,23,43,16.775540764637466,1.7102795356579388,7.708644178703369,1
City Center,Highway,3,33,36.676163422043686,2.4132757820871165,17.49727884792366,1
Highway,City Center,7,26,12.03283234460111,1.081942447394451,11.35689805740306,0
Rural Route,Highway,16,80,15.881788963959238,0.6548080638102418,6.999021593304648,1
Suburb,Rural Route,4,90,29.93289215089513,1.5798710951129935,8.358234674983832,1
City Center,Suburb,12,31,26.197025296629743,0.9398189356865894,4.190650734429415,0
Highway,Highway,0,24,6.901003653392442,0.5044012443743654,10.32004571553486,2
Highway,Rural Route,12,24,18.913832304312585,3.6556374984229283,13.154605797067177,0
Highway,Highway,3,34,34.0696968193308,1.29188452541683,10.093266940892988,1
Rural Route,Rural Route,21,62,20.264785785356434,3.7587663156015605,12.40842219570264,0
Rural Route,Rural Route,23,30,34.31231004943115,1.2850282211470325,11.285461843570697,0
City Center,Rural Route,13,75,34.877757954172026,1.6274578977406706,13.630403465519326,0
City Center,Suburb,2,41,10.723399394705242,10.71199521305908,7.0607863986500625,1
Rural Route,Highway,4,30,17.049549469164678,6.052556661791615,12.648646646226398,2
City Center,City Center,6,77,26.576035565955422,0.6340566393345507,15.660327827165258,1
Suburb,City Center,0,53,4.623139845856619,4.059861544120205,17.69589734699245,0
Suburb,City Center,22,92,17.769505407154238,0.989915978704793,14.260978527724909,1
Rural Route,City Center,11,75,25.46186361717454,0.14782864807799506,10.514414230197366,0
City Center,Rural Route,10,99,13.77748948802275,1.7150109652176349,7.104180343534493,0
Highway,Highway,23,23,25.881070783308438,7.549036735458158,7.550131063438145,1
Suburb,Highway,7,24,13.998273241202813,7.32359399448973,9.480475023134634,1
Rural Route,Suburb,5,29,13.887478821436625,0.27041502886432034,15.579767162560952,0
City Center,Highway,21,43,27.441859187417737,2.9501345770315734,8.408890877637756,0
Rural Route,Highway,1,45,33.68044933223274,3.2474088360925473,10.538791692479109,1
Highway,Highway,18,92,12.892553811270783,0.9200900719160882,12.82229133103862,2
Suburb,Suburb,19,18,7.886396485609385,2.149372707732635,0.14300138775004356,0
Rural Route,City Center,19,80,19.62743524254617,1.339484366946227,6.809762437144851,0
Rural Route,Highway,23,39,24.669016024769167,0.5172645281501167,15.859513607240487,1
Rural Route,Suburb,13,86,12.79272870850101,2.864796236119094,13.128707345337101,0
Highway,Suburb,0,72,36.60688722417558,0.6096638082971674,13.148933620597148,1
Rural Route,Rural Route,9,44,18.531596679768516,0.8323881757757102,7.181516667177702,0
Highway,Suburb,15,22,12.706318633521807,0.42148750738331403,14.35450475791032,0
Highway,City Center,3,88,39.31702079084779,2.5407331398956754,7.549175472101784,2
Highway,Highway,10,55,32.66542344610465,1.2276521266378742,10.274643570825425,0
Suburb,Suburb,15,65,12.725716738850728,1.1717207601812605,12.084077301065244,0
Suburb,City Center,19,18,30.671408196914154,1.8555269197666082,12.498659725302737,0
Rural Route,Suburb,0,96,13.441558626190591,0.3422017627697475,11.480643906055427,1
Rural Route,Suburb,15,45,27.67576511692936,4.568584653571677,9.397211616364844,0
Suburb,Suburb,18,12,37.77324427352681,1.251384418685387,4.4572475065010515,0
City Center,Suburb,20,28,7.911622543688157,0.9130753548157258,10.247058415207416,0
Suburb,Suburb,21,37,14.622298498245609,0.270930772095668,3.4945129130177994,1
Highway,City Center,8,32,14.84168909587332,0.36773559369620445,11.702737990554384,0
Suburb,Highway,8,16,22.65608394098636,5.060485482909268,7.064019462174721,2
Highway,Highway,8,85,24.733344993008508,1.2198818569009868,9.52141346048126,0
Rural Route,Highway,16,23,19.108999898096762,2.561591929322795,8.465402034854547,0
City Center,Highway,11,55,3.1816056443332137,0.16788603878024283,11.698036920769688,1
Rural Route,City Center,12,24,7.689893063726455,2.0626431772149396,7.62968883774849,0
Highway,Rural Route,7,76,11.164512690211692,5.089802344921443,10.768635130383045,1
Highway,Rural Route,15,24,25.598967002527527,0.7132454645506875,10.553646112396768,0
Highway,City Center,17,60,6.048896561914949,1.7309124638221822,10.197310160888698,0
City Center,City Center,0,97,10.863170802310119,5.63413827846348,11.178026907471125,1
Suburb,Suburb,0,17,8.663572470143134,2.541098294547804,6.392539285401252,0
Rural Route,Suburb,11,78,23.413045936263845,0.12870481533488,6.502333419171382,1
Rural Route,Suburb,5,71,31.317420893805277,0.9520020265418375,14.300427157797198,0
Suburb,Highway,8,60,21.541540664252807,0.17935222541034657,5.380382221855285,0
Rural Route,Suburb,22,72,39.93503275904907,3.951137649760207,16.499043444818845,1
City Center,Rural Route,4,77,21.539485126740388,1.9439383127790755,9.586711591437233,1
Rural Route,Highway,15,87,19.05854708822232,6.264559039571091,7.448561845531008,2
Highway,Suburb,17,25,12.158279579687871,0.03990818907257258,12.583445627394385,0
Suburb,Highway,16,93,22.02989717669327,1.1001288896599732,8.313299844786005,1
City Center,Rural Route,17,33,11.7322404918555,0.22044261938581375,11.014590462439225,0
Suburb,Suburb,0,15,10.21022908231571,0.8630673883882845,13.729244495567126,0
City Center,Rural Route,18,66,9.924385162810838,0.35320426391770254,12.139765618319172,0
Highway,Rural Route,21,40,17.75772537871819,0.7973576541613386,11.27948033704668,1
Suburb,Rural Route,7,15,14.998974972630204,3.4214136726301,11.963894305227301,0
Rural Route,Suburb,2,88,46.54733897417221,0.3503725308372854,10.120221931744773,1
City Center,City Center,4,38,22.093799527896422,1.2836338501292452,12.433283943065558,0
Suburb,Suburb,22,76,21.929200749752276,5.091432495966444,6.781665021714508,1
Rural Route,Rural Route,7,84,14.48043286764171,13.416641729120641,14.377348134722897,0
Suburb,Suburb,18,12,50.65474527056218,0.5770745245116151,9.531380334488276,0
Suburb,Rural Route,17,37,10.760522181992595,5.4842950504142705,10.531545488302488,0
Suburb,City Center,17,83,15.262902615862561,0.605966902945272,9.059346878074187,0
City Center,Highway,20,57,29.992107079043258,1.0672624073731956,11.818332513843876,0
Rural Route,City Center,0,89,22.023513983113205,4.2062166019019696,13.162370795447444,1
Highway,City Center,14,19,7.26964105152547,3.085205045903521,7.02379139990899,0
City Center,Highway,17,42,20.272923766588114,3.8966519307144583,9.792152081744305,0
City Center,Suburb,6,76,26.79684646420617,3.221444266429959,10.509566276253022,0
City Center,Highway,15,78,25.120196042978918,0.5359183868931536,11.308970190739746,0
Highway,Suburb,15,21,26.611842262657824,1.6364918411277947,9.12532264116118,0
Rural Route,Suburb,14,66,41.8569788908818,0.9730815328594022,8.70412483770201,0
Rural Route,Rural Route,5,53,22.715300928230185,1.231302078002911,12.658306550592162,0
Rural Route,Rural Route,8,22,27.95644458540357,0.3343685367474318,11.525913723006637,0
Suburb,Highway,6,33,-4.241780038278819,0.7589151867861296,10.646394183346104,1
Suburb,City Center,13,53,38.655649006872295,3.898892487260706,13.748215861952467,0
Suburb,Highway,10,66,20.649994058302557,4.556924990758576,5.986817065520221,0
Highway,Suburb,20,25,11.319943644893511,1.8840022794679911,12.39535805840366,0
Suburb,Rural Route,15,30,18.04771855296108,1.379375371041972,11.120882858873355,0
Highway,Highway,5,85,26.625218691680324,2.4954292825841327,5.635239695280078,1
Rural Route,Highway,21,60,30.347485258948154,1.877344940573147,13.498981545221856,0
Suburb,Rural Route,15,30,19.047526112125297,8.230115985319506,11.769589853179141,0
Suburb,Rural Route,19,69,26.014419719234702,0.4216613145603312,12.170025431181717,0
City Center,Rural Route,15,60,17.36782985600402,1.1922032919700913,9.08903266831066,0
Highway,Suburb,11,30,24.91627364223233,5.007946591919839,12.287767979533292,1
Rural Route,Rural Route,16,15,22.062729921956088,4.9240307688162055,7.807181913789096,0
City Center,City Center,4,82,23.008260070455915,1.3677678211052913,5.9637462866584485,0
City Center,Highway,12,74,16.890357422098667,0.2896099789794038,9.96083401153843,1
Rural Route,Rural Route,7,85,24.036583099795738,3.3743445539387573,12.025027582625821,0
City Center,Rural Route,23,67,11.734534001157632,1.759749755514794,13.044776814962827,0
Highway,Suburb,4,87,21.946186478700074,2.967073752908991,10.45207232578915,2
Highway,Suburb,11,15,13.655326294548448,1.241740970723756,10.220601163146885,0
Suburb,Highway,8,74,10.06336918449091,0.4560205541138122,13.04296139813211,1
City Center,City Center,2,95,12.944372010451886,0.048563679271287255,8.998190673843595,1
Suburb,Highway,2,43,17.91974777030919,1.6380479749632326,8.31362659120207,0
City Center,Rural Route,0,65,14.715280300102634,0.3511992288260188,14.854716439880923,1
Highway,City Center,21,84,23.96286310742314,0.4143859038805906,9.166715830539426,0
Highway,City Center,17,12,20.796919599855197,1.1464861464491025,12.749841964465528,0
Highway,City Center,23,51,30.145604493579285,1.1670689011667092,14.078891126669133,1
City Center,City Center,11,71,19.15537646040403,0.6414771769019704,10.630018035862152,0
Highway,Highway,8,15,21.806870585323786,0.2829478934112333,10.791555935099254,0
City Center,Suburb,8,15,38.659212406126755,5.799126809505862,15.393411890375248,1
Suburb,Suburb,17,72,15.61164501412366,0.2822992260096873,6.076083183643194,0
City Center,Rural Route,17,29,17.14847729646564,0.8639444294436687,6.025205218423666,0
Suburb,Suburb,6,30,32.03488425428343,0.7273070255181859,12.446616199357837,0
City Center,Suburb,3,11,10.43173118015083,4.024880565522152,8.773733271452272,0
Suburb,Suburb,12,99,33.15374242734039,1.055477185126539,12.58448558292042,0
Highway,Suburb,16,99,17.631025092951962,0.26487769187782323,9.830717716185733,1
Suburb,Rural Route,23,65,11.666982474578345,0.02062807134857811,12.498316149539598,0
Highway,Highway,1,19,29.052163290676052,2.5599057985108855,7.355616872149863,1
Highway,City Center,13,96,17.488736945606764,2.507034153502027,11.839366142819294,0
Suburb,Suburb,2,79,38.24287505336774,1.0818264030781053,8.497103924749563,1
City Center,Highway,4,32,20.81157652073183,0.27005473707702443,12.160692181225805,1
City Center,Suburb,13,39,20.73886009262284,0.9292643629049189,17.093789460416406,0
Rural Route,Suburb,2,87,14.138974782766278,1.782622910590837,7.586521821867887,1
City Center,City Center,22,46,18.532357030012086,2.4344061581372474,8.937736196245137,0
Rural Route,City Center,6,64,17.273561921099926,0.16294055260410087,9.616772457624872,0
City Center,City Center,17,58,33.31382361427425,1.6252469156483278,10.968253161181782,0
City Center,Suburb,12,43,22.896025660464883,0.6462705607110103,3.125948901141837,0
Highway,Suburb,22,53,27.0555074738604,1.9208315965578457,10.099717355263687,1
Rural Route,Suburb,21,31,20.984969946621696,2.08904451791559,9.344551092647754,0
City Center,City Center,9,40,15.890479319854752,4.8293520090720055,9.365673437075765,0
Rural Route,Rural Route,12,16,23.709909237959327,1.0565485240617492,10.883603418620561,0
Highway,Highway,15,30,35.90746783726565,1.5426095263173274,11.062217035720812,0
Highway,Rural Route,8,25,9.516070637618942,0.6245373835313351,11.015748731516213,0
Rural Route,Suburb,1,29,24.19481229937813,0.6753055339524474,6.768865692157465,0
Highway,Suburb,22,52,34.96581401065457,0.0942540372049896,9.248821487264637,1
Suburb,Rural Route,4,53,11.852272234094016,0.6739377582912127,9.122887027699715,1
Suburb,Suburb,21,56,29.22011325247332,0.1319135906195569,11.581880162138608,0
Highway,Highway,16,28,29.23170834577182,6.643799843371683,7.101733695876307,1
Suburb,Suburb,22,57,7.0571933803588145,1.957732949715861,10.580106359907061,1
City Center,Highway,21,88,31.10436469069682,0.3802604775458149,14.826573966888972,1
Rural Route,Rural Route,3,78,14.05881999437527,0.2483310304262636,2.0174107612803436,1
City Center,Rural Route,16,20,23.588498899437656,0.9244602284383617,9.490271249706018,0
Rural Route,Suburb,8,88,30.241411826520622,0.735319613371149,4.045503320560526,1
Highway,Highway,19,38,32.00081188937344,0.6549391514699067,10.000821483603522,0
City Center,Suburb,1,54,4.641504853392799,1.2629607261295428,12.506390777252937,0
Highway,City Center,23,77,37.88602503124546,4.880796259898073,8.467259377986798,1
Highway,City Center,17,45,34.179282276890405,1.678892054282973,12.778180202579692,0
Rural Route,City Center,20,57,30.519341203666208,1.473076213032522,14.082517301440319,0
Rural Route,City Center,21,96,23.614779635957397,3.2854562175103315,11.205324861309295,1
Rural Route,Suburb,10,24,15.643021200506807,0.008065464282980944,8.455081148833221,0
City Center,City Center,12,53,9.168181658462052,0.4397619315664568,11.608012813036929,0
Suburb,Highway,7,76,3.761596619150815,1.371095992831429,15.042672271695603,0
Rural Route,Rural Route,0,83,26.445360062345287,2.443656269222493,6.0065794291781875,0
Rural Route,Rural Route,16,49,30.514307561624864,1.327286254545412,13.324462717916253,0
City Center,City Center,11,95,19.153786781407952,0.3575739766167364,6.133250314229997,0
Rural Route,City Center,3,23,15.390254936190619,5.318029210152321,5.447276518396262,1
City Center,City Center,20,72,20.699128374978812,0.7969744140876732,6.299440249139762,0
Highway,Suburb,12,90,13.59611770282753,3.1043737744913016,9.881840905236478,1
Rural Route,Rural Route,8,94,20.216096958732383,4.440413330742376,13.788974014188089,0
Rural Route,City Center,6,60,13.022344214368502,0.850670571098927,3.966782469208285,1
Highway,Highway,22,88,26.120393144760584,3.7326873605662434,12.968620480445852,1
Highway,City Center,23,67,32.43869513218186,2.481091588211957,9.540686308604343,1
Highway,Rural Route,4,24,25.085063752405105,4.692673513406341,6.691335282318264,0
Rural Route,City Center,4,74,19.19534535315838,0.5788624071748797,11.774728109170258,0
Suburb,Rural Route,16,97,29.89130711151934,5.355360333810465,8.575505945588414,1
Suburb,City Center,8,64,20.18906312992809,0.1350731719211438,16.776708572814748,0
Suburb,Highway,5,85,29.573487236542277,3.1565693591462507,11.495386330811593,0
Rural Route,City Center,18,19,13.638560392508655,1.1442145377348716,10.167862713078096,0
Highway,Highway,15,51,14.932625760550746,0.39176206521648177,11.944656299125365,0
Rural Route,Highway,20,20,10.111851596030917,0.16546571515763242,14.030570077773891,1
Highway,City Center,1,25,15.345242089833544,0.9871096326088198,14.322489503307418,1
Rural Route,Highway,9,82,29.81396564897123,0.9863772210300917,12.784115780739533,0
Rural Route,Suburb,15,87,11.282523647109489,0.5226188412200511,14.13039862970824,0
Highway,City Center,4,28,-3.0456004037431192,0.4854566704797084,13.609794936900125,1
Suburb,City Center,14,40,15.85485393151927,1.0200328959634606,12.727873221118411,0
Highway,Highway,12,82,8.262708527569027,1.0556515661904238,8.817050531520163,1
City Center,Highway,12,62,14.955889328561176,1.1681005846751096,13.771712347332201,1
City Center,City Center,12,99,41.06869523992627,4.061445795987568,8.714080555938963,0
Highway,Suburb,14,17,11.11030548264122,1.889660815280291,10.790709536694747,0
Rural Route,Highway,13,33,26.3353393197765,0.04128962245297184,8.871525430760544,0
City Center,Highway,7,17,19.197847446690087,1.4641887079879383,12.021944421971876,0
City Center,Rural Route,10,92,23.724806631947505,2.8747652139953175,13.838688042881294,1
Rural Route,Suburb,17,57,14.907396669712817,0.11613618666360827,8.779403727517396,0
Rural Route,Suburb,23,39,31.613463327083547,1.0984673159481282,5.764808641927233,0
Suburb,City Center,3,67,24.268473416533443,1.200079370706904,13.031615330997525,1
Rural Route,Suburb,9,95,24.546353930617475,6.1591171947183305,13.106797200764815,1
Highway,City Center,0,64,20.988939590945645,1.291321269684671,14.693394708588308,2
Highway,Rural Route,4,82,32.55961235637823,2.771790982655665,12.681677304053641,2
Suburb,Suburb,12,71,25.601516106749358,0.7216586807519193,12.750910638345433,0
City Center,Highway,0,57,23.709047162658532,3.021962205916973,7.847741951195719,0
City Center,Rural Route,22,13,26.526451427905684,0.7791708205936817,12.21108691616705,0
Rural Route,City Center,7,46,2.400221082603405,1.1243206006336117,16.440483204518454,0
Highway,Rural Route,2,17,21.87760503688694,1.305862686228471,8.341023523806694,1
City Center,City Center,2,10,19.359762496005445,5.217214493737548,6.346052466703154,0
Suburb,Rural Route,6,79,31.68584177040794,0.1098704633527191,10.42168741723188,0
Suburb,City Center,3,56,12.989710026137194,0.4384702757716699,12.812319147023778,0
Highway,Suburb,2,84,22.011057599920477,2.446601762620883,10.649535949546035,1
Suburb,Highway,14,14,39.2384049536564,1.7234993189032577,15.351313039879665,0
Suburb,City Center,7,59,19.742849595688853,0.5794520275280507,7.418856595073273,0
Highway,Rural Route,2,33,6.697262027066111,0.6827308625657995,5.453317995071562,0
Rural Route,City Center,6,56,41.73940051031132,0.9155477904216316,14.287002121574611,0
Rural Route,City Center,17,27,12.844530628905227,1.196936033537177,5.776180877028507,0
Suburb,City Center,10,93,9.602220120986322,3.407797461876318,10.951363773441496,0
Rural Route,Rural Route,10,37,9.99639737702031,0.027823596702211396,14.205462957216179,0
Rural Route,Highway,16,86,27.276644939459004,4.565952051476027,10.64887271766896,1
Suburb,Suburb,5,14,32.97779973656485,1.0655532939729764,7.906260500901473,0
Rural Route,Highway,7,39,37.60403013952633,0.5240221993477119,13.8168710976685,0
Suburb,City Center,0,10,20.15320129061151,1.4202314693477311,10.512350465466769,0
City Center,Rural Route,9,95,10.131263030047815,2.155679338636137,9.337378740608806,1
Highway,Highway,18,91,14.300550679848335,0.09156903162521231,14.930521916213428,1
Highway,City Center,2,55,20.33584082729236,2.515994749920996,8.871563397260317,1
Rural Route,Suburb,3,78,19.788150286393055,2.8605860216069643,8.201987764382995,1
Rural Route,Suburb,10,40,33.08298166712126,0.36348093369505563,7.291780609506192,0
Rural Route,Suburb,14,79,6.823863098672383,0.36756066869002185,13.648124356924901,0
Highway,City Center,0,65,8.845238480547623,0.4557709392701421,11.282938945142833,1
City Center,Rural Route,8,98,16.90190212838003,3.185443931875974,8.537579431794825,1
City Center,Highway,10,37,23.692041424911018,0.6349168570038777,5.6830572700283195,0
Highway,Suburb,18,25,15.573437331208778,3.1786416304947216,14.226167029852684,0
City Center,City Center,12,63,14.759170908496369,1.5553365244632917,8.58167103215392,0
Highway,City Center,15,62,31.73746419306987,2.9149048370490194,4.54243683087175,1
City Center,Highway,3,21,24.719530563878898,1.613407010274259,10.26203867992562,1
Suburb,Suburb,0,29,10.152772225279218,0.818250293406011,13.098034236871149,0
Suburb,City Center,19,91,14.90291699146908,4.831824352145168,12.16039555965465,0
Highway,Highway,12,43,25.168170347234895,2.512608094443816,10.243591257699036,0
City Center,Rural Route,0,62,7.389776542118778,1.3235094511331924,8.67461316473585,0
Rural Route,Rural Route,4,73,25.107331209185944,2.029067035197609,8.318103873873698,1
City Center,Rural Route,4,32,16.562019137488498,1.9134097642993688,13.827927876502907,0
Suburb,Suburb,13,36,23.628082765526866,0.8866960285421278,4.141582540767962,1
Suburb,Highway,22,26,21.198644777550783,1.1025028476588332,7.15246539995842,1
City Center,Highway,13,57,8.826456853906507,0.7662043976571713,9.712509423761515,0
City Center,City Center,7,30,13.633802931129281,15.275678254512819,4.017043602397121,1
Rural Route,City Center,3,59,34.47400998349879,1.735308082697588,9.346144192810886,0
Rural Route,City Center,6,49,43.71321808087846,0.19314365711143675,6.319111663093972,0
City Center,Highway,19,12,2.5275781231461494,1.4642217376926996,11.424377572690727,0
City Center,City Center,18,26,30.431231160001424,0.10250651600296075,8.28041826199525,0
City Center,Highway,14,70,22.95616738785135,0.6811871707237842,8.800816165267479,0
City Center,Highway,21,59,40.82283256474308,1.181040813858554,8.070859893552202,0
Highway,Rural Route,3,99,14.414881559103264,1.5283005134613814,12.02866776636481,1
City Center,City Center,18,96,28.982838005503734,7.4745769590253595,9.793265745207561,1
Rural Route,Rural Route,8,15,16.973567536436097,8.05955601092217,12.838160710394362,0
Suburb,Suburb,20,37,32.814032104724404,0.20643533729356978,13.623874527864455,0
Highway,Suburb,12,81,43.11287864819363,1.5449551992483623,9.138867483220153,1
City Center,Suburb,13,64,22.13065220978722,3.397734185644423,7.908675074125155,0
Suburb,Highway,22,67,8.610376174021079,0.5428638359736155,8.743141729011157,1
Highway,Highway,13,54,34.13872772930008,2.7770985918587905,17.98547114550655,1
Suburb,Highway,21,81,25.654821696804444,4.217642757891193,8.147563487019353,0
City Center,City Center,9,28,23.780327533585858,2.17230484857348,9.475793333171758,0
City Center,Rural Route,15,38,35.83238608058682,0.7941111813925741,10.643391207715556,0
Rural Route,Highway,4,32,8.623635301335742,5.1313395366451635,11.63970595723575,1
City Center,Rural Route,22,41,12.838180551653407,4.30007299748453,10.310102819607906,0
City Center,Rural Route,5,19,25.94265345009549,2.5163323104658892,15.321824735670248,0
Highway,Rural Route,1,58,12.615215729741804,0.9040700350637215,10.707906221586162,1
Rural Route,City Center,12,74,16.83990624512606,3.139438131305335,9.552148181139298,0
Highway,City Center,12,38,32.74767695278103,0.7599134074708033,12.867636392930615,0
Suburb,Suburb,18,68,24.329535655285856,0.5832539569662639,7.3401064602681,0
City Center,Suburb,17,54,8.211724108349417,1.4472679806090456,11.6175828938764,0
Suburb,Rural Route,18,76,24.08035817575921,11.710530932734795,8.887530348090529,0
Highway,Suburb,0,60,32.39073207631966,3.262569057133893,13.85691975601047,1
City Center,Rural Route,7,20,21.715380625164286,2.6171319113241296,14.087867679247958,0
City Center,City Center,21,95,28.71798531483598,1.2030065053902361,9.477737389367212,0
Highway,City Center,15,91,14.829897598162109,0.7477875652427061,7.388834297050839,1
Highway,City Center,1,15,22.598783464820215,3.8745061439385635,4.413331990303445,1
Highway,Highway,7,76,4.2323570742055345,1.677422634223323,10.675631455770182,0
Highway,Rural Route,5,71,26.29732279663644,3.3560219347044957,3.602112526455813,2
Highway,City Center,15,14,23.601305894751313,1.337899467218342,9.744870964269545,0
City Center,Rural Route,22,18,7.097342787626676,2.8045019388146035,8.3171196894147,1
Highway,Suburb,10,37,35.208792618404644,4.045987202482762,11.674184209752699,0
City Center,Suburb,16,92,25.711343550209126,0.9931553079866762,9.959076777737794,0
City Center,City Center,22,86,13.07325381913535,0.027324955913204517,8.300964469608985,0
Highway,Rural Route,18,47,26.56127596162758,0.5885449927214821,12.5472100683078,0
Highway,City Center,10,52,10.155646662258262,4.928210010043955,6.726108089930726,0
Rural Route,Suburb,7,30,11.538623553697736,2.3265721054358446,11.68922791466533,0
City Center,City Center,21,71,10.207686798435669,2.672866428453089,16.186527808288904,0
Highway,Rural Route,3,55,9.918981966200446,0.7869405124721967,12.896714845354278,2
Highway,Suburb,10,79,24.37612844201174,2.4164502296935306,8.783668268492125,0
Highway,Highway,7,47,20.94524549812081,2.0785114091379846,6.945029074882555,0
Rural Route,Suburb,8,58,27.482212191692426,0.39293913143453224,12.803978404679883,0
Rural Route,Highway,1,84,-8.19685876696228,6.927685148117833,6.327068559965743,2
Suburb,City Center,15,90,16.084606021670204,0.8739907883394245,10.018044286839274,0
City Center,City Center,5,48,16.225952540769487,0.7988278286532516,12.173526755182314,0
Suburb,Rural Route,20,80,20.526342891688536,0.9214109245219206,6.9731475267967244,0
Highway,Highway,20,39,20.267717385823367,0.19240430869642475,6.807600210683564,0
Rural Route,City Center,18,30,22.280852948094058,1.9614639399848963,6.046388316722455,0
Rural Route,Highway,7,10,20.88814666204338,0.5452565531049839,14.783472720167008,1
Suburb,City Center,13,98,15.412024928552956,3.252280815337309,15.09552422226901,0
Rural Route,Suburb,23,41,16.00453742313397,1.0022660982448208,15.0508545406348,0
Highway,City Center,15,17,19.471808030210052,1.2270404378206463,15.452257871800931,0
Rural Route,Rural Route,11,78,25.04643320886077,2.0793026408001243,8.100894828514914,1
Suburb,Suburb,4,39,20.850978973151687,2.869886595736178,4.562005550809882,1
Highway,Rural Route,23,17,12.148150996265581,0.525628524007484,15.10974282366724,1
Suburb,Suburb,23,28,11.618736840207548,6.780178396311539,12.787531504957943,1
Rural Route,Highway,18,68,25.098955592521612,1.9474241921533528,12.54632990400603,0
Suburb,Rural Route,17,64,27.573927118991367,0.011309161100022155,6.879936554017876,1
Suburb,City Center,8,39,30.710142364406373,1.0744152089764218,10.29115295746834,0
City Center,Highway,1,88,15.090739193320047,1.1483042327677244,10.47780106769741,1
Rural Route,City Center,19,45,1.2231639635969032,3.3126919454765735,9.810585261290466,0
Rural Route,Suburb,11,64,23.816447954409668,0.7280891349717944,7.449213045925892,0
Suburb,Suburb,1,53,12.843681487542097,0.8046197311357027,4.29724800384378,2
City Center,City Center,9,36,18.966296402786917,0.14620423330526452,7.742007525288344,0
Rural Route,City Center,0,86,21.482298871890336,0.6668825379681576,1.3856020345680573,2
Highway,Highway,3,87,25.53649664022086,2.5243461201130892,8.76136420361162,1
Suburb,City Center,11,63,28.931988471798203,2.014384346506161,8.155005049404005,0
Rural Route,Rural Route,8,57,31.69634893645403,0.16979614247811936,6.496823075382455,0
Highway,Rural Route,3,39,33.19318518641633,0.24364361832487413,11.202597806194754,1
Rural Route,City Center,8,48,21.040464252715697,0.9461798585078561,8.969886147783935,0
Highway,Rural Route,5,22,3.1135726543134865,2.723264080540597,9.186535126129185,0
Suburb,City Center,0,25,13.904595311651635,3.5785444674722147,14.172974126201288,0
Rural Route,Highway,9,53,34.08126086351322,0.02946405681769208,9.036776673521686,0
Rural Route,Rural Route,13,80,21.487595579481432,0.7980038112661244,11.361292368248256,0
City Center,Rural Route,21,36,41.783746100234886,1.1042046920287893,6.750634677971801,0
Suburb,City Center,17,54,16.21014602815556,4.841224559691087,10.766298866742044,0
Highway,Rural Route,5,44,43.12863035674084,1.3919285204486866,9.692346635537797,1
Rural Route,Suburb,17,88,19.98491614731008,0.6286018364155136,10.277657615460349,0
Rural Route,Highway,19,37,15.802467183986607,0.9887469615955217,6.3254580335828825,0
Highway,Highway,15,16,12.883334603905906,1.1469432212904787,6.610784213540392,0
Suburb,Rural Route,14,71,26.598539770202812,2.2173002402861184,8.961485140305719,0
City Center,Rural Route,15,60,5.869460472133763,0.08391148845875046,13.99191760318513,0
City Center,Suburb,7,55,14.502442700832745,0.9867956250406902,5.679216879932693,0
Rural Route,Suburb,12,29,19.474183178346202,2.080052730924534,15.041541296396225,0
Highway,Rural Route,22,47,-2.578367885420473,0.666258145473145,7.880356917971637,1
Rural Route,Rural Route,10,70,19.025641239987767,1.7917560258755942,10.249270240955967,0
Highway,Suburb,6,41,37.2049652389028,0.8840888874696594,13.007806627349245,0
City Center,City Center,16,35,24.31955030489656,2.8436015792098313,8.93300799213986,0
Suburb,Suburb,17,67,13.41954345502668,0.12502290651047904,9.269148178159302,0
Highway,City Center,21,48,15.221246945731764,5.001144978373733,14.339560346267959,1
City Center,Highway,22,29,23.3714541447253,0.3765485935713671,13.28987583866306,0
Rural Route,Highway,18,91,14.892528650811347,0.34525044529978405,12.101892257306499,1
Highway,Suburb,12,59,24.68559799081942,3.673215928128304,9.562101487716532,0
Suburb,City Center,14,88,14.610247914832225,4.069440018148629,9.77077435531157,0
Rural Route,Suburb,22,61,9.757073144923439,0.19516681283519222,6.783088883104624,0
Rural Route,Suburb,21,95,31.80795428809673,4.787623659152972,9.147598948467481,0
City Center,City Center,21,31,27.09039767703082,0.6384772116088898,10.202146349389116,0
Highway,Suburb,0,62,1.115705305689655,1.92792688964195,9.899227149226967,1
Rural Route,Highway,15,94,16.631418257954483,0.14211891883603384,10.888300294975384,1
Suburb,Rural Route,4,75,30.42939179486978,0.9582053239583328,13.33442336003031,1
Highway,Rural Route,2,52,18.338593600691333,1.1983106809656816,5.465900769897316,1
Suburb,Suburb,22,91,14.194507282211907,1.8317144984642182,8.100256395841914,1
Rural Route,City Center,9,32,17.474558777849154,1.490026420655943,13.433332418640795,0
Suburb,City Center,18,86,21.109174079940942,1.2379094237782247,17.398618248009097,0
City Center,Highway,4,73,18.203642985115913,6.419842660855869,6.778835981196687,2
Suburb,City Center,6,18,19.173233231401248,0.4091902267120993,8.123882909919713,0
Highway,City Center,13,16,18.50060220232536,0.34393682559941585,6.0740932192143005,0
Suburb,Highway,2,50,10.26381589235353,2.499468545560927,3.8903681697262495,1
Suburb,Suburb,12,63,9.748404348494375,0.1549544199764068,10.823447215710596,0
City Center,Rural Route,12,74,9.100439738625939,1.319004953578263,11.782730580382605,0
Suburb,Highway,9,11,20.914995104573897,1.3235029257862119,9.101113380475006,0
Suburb,Suburb,1,13,25.827655308685415,0.7422007871992637,9.12833377863248,0
Rural Route,Highway,5,87,10.586968330273457,5.331238763259939,9.666675144529982,1
Rural Route,Suburb,7,41,4.998801698088615,0.6640857397999235,8.294154417034363,0
Highway,Highway,3,11,11.28680903829514,0.6805965594639328,9.869260648699223,1
Rural Route,Suburb,11,73,34.02403542365599,0.5339295682788728,14.160679083964325,0
Rural Route,Highway,14,23,16.86891133984689,0.31515182734564956,7.5178586697274685,0
Rural Route,Suburb,7,29,17.8591505337437,0.9051481968328958,9.1508728954021,0
Rural Route,Highway,6,98,12.022870208933636,2.2844216434155853,9.617066791230158,1
City Center,Rural Route,13,58,25.717058065859177,2.7108542888655816,8.297489730804404,0
Rural Route,Rural Route,22,17,18.766642816261307,3.357778739868388,10.203776929958337,0
City Center,City Center,18,72,12.733611217980748,0.44015623046491403,2.500122068188552,0
City Center,Suburb,13,55,9.6908937281552,0.0725660562953366,11.718742144875165,0
Rural Route,Highway,21,30,23.778475896161037,7.352784172753458,7.083384378316108,1
Suburb,Suburb,12,96,22.639851545994482,0.028872443827053472,7.47806028181623,0
City Center,Rural Route,20,41,7.617193115264524,6.47198486136511,9.497512379762874,1
Suburb,Suburb,0,17,32.273821883629545,3.530014080537499,5.830908081390761,0
Suburb,Highway,18,25,13.58111625358302,4.86253676537182,13.99361879854326,0
Rural Route,Suburb,0,49,-2.24753348038238,0.9793866917959044,7.5284592065550076,0
Highway,Highway,3,36,35.28634415829532,0.4393043038247453,17.898074438386864,1
Rural Route,Rural Route,9,27,18.974578014666434,1.8651638573250882,11.890600631558735,0
Highway,Rural Route,2,44,24.344706000273547,2.703794917841911,8.295118405058272,1
Highway,Rural Route,19,61,36.72286245338425,0.280504577697406,9.080808574861202,1
Rural Route,City Center,8,24,9.973785506236492,3.195231290134663,10.445773217041122,0
Rural Route,Rural Route,2,72,24.793354494413293,0.4678866186887421,15.096161362057696,1
Highway,Suburb,5,62,31.753283441498766,1.353277565818889,12.850858710677528,1
Rural Route,City Center,5,90,10.654893233950538,3.8825959015197626,12.625763346662016,0
Highway,Rural Route,22,75,34.606568358407614,0.42991557021225013,9.08328811620875,2
Suburb,Suburb,11,40,5.908403202811989,0.5538394509512986,8.299220742393999,0
Rural Route,Suburb,22,70,19.046350582161963,0.12965559314562672,11.912215026185063,0
Suburb,Suburb,0,73,9.246631457414999,0.31708688863788487,14.000711619777015,1
City Center,Highway,15,43,26.958429170025703,0.31687997770599713,9.585910989263683,1
Suburb,City Center,23,64,10.346057150846018,0.45487426650407575,7.945988664555111,0
Suburb,Suburb,4,68,13.826909769428278,0.6743060483909447,6.900113108019921,0
Highway,Highway,8,12,11.210345863575583,3.374619072417824,4.979475961815538,1
Suburb,Rural Route,9,26,7.9806406838016315,4.948262566608828,8.659580619452136,0
Rural Route,Suburb,12,87,12.330348828498003,1.042696954695513,9.236830385036226,0
Highway,Highway,14,87,19.546683414115588,0.27441101525468586,9.939808089845037,1
City Center,Suburb,11,55,18.997841169815867,0.5067156938101639,11.624917786284989,0
Rural Route,City Center,4,47,17.835268706015125,2.6651733914458715,8.593696714845802,0
City Center,City Center,4,44,13.334568893657359,2.2628424424672975,15.385853493282216,1
Suburb,Rural Route,17,10,16.43966692336909,6.835098796605789,6.583916474439364,0
Rural Route,Suburb,11,38,4.144141182760375,0.029189333008231785,12.048309638867378,0
Rural Route,Highway,2,13,13.010132288828476,2.778668034653959,6.341325696473005,1
City Center,Rural Route,6,70,17.782383303675015,1.4096040724109653,7.448633631002671,0
Rural Route,Suburb,16,26,22.94356939385046,4.659768246092924,10.843002398883973,0
Rural Route,Rural Route,18,37,21.722627582003174,1.716830000779607,13.131023096954479,0
Rural Route,Highway,17,59,7.7202018862229735,1.183593195957484,9.161369661257519,0
Suburb,Rural Route,0,99,24.277872656377074,2.192334218073762,10.253841920703294,1
City Center,Rural Route,23,17,21.222502313775443,3.5858015467077857,13.788196873087973,0
Rural Route,Rural Route,4,43,34.40166985180086,0.6639606213707755,6.333568619900635,0
Highway,Suburb,1,68,5.055990604770933,0.22751813389252942,12.309648206881711,2
Highway,Highway,0,27,18.635230907043024,1.1348558609454875,7.932802432803038,0
Highway,City Center,6,68,30.31306385325691,0.482920242351712,10.729287338292952,1
Highway,Suburb,10,36,17.03574127974337,1.122628573018845,11.619209513746384,0
Suburb,City Center,10,25,10.865441798206497,9.431795221981186,6.472771106291807,0
Rural Route,City Center,17,19,11.839390138289927,1.7072051577903924,7.760319848322677,0
City Center,Suburb,16,85,27.847906543034203,2.36572913684514,11.997573571854183,0
Rural Route,Suburb,1,31,4.5191197463925,2.265962935296221,9.21966827375784,0
Suburb,Highway,6,25,16.66769602841466,3.437399125108121,7.859015232719088,0
Highway,Highway,6,21,11.239305004893975,5.7694052800626,10.584196758404833,1
Suburb,Rural Route,9,84,11.990642763037082,2.150679015170377,6.7617468942670484,0
Rural Route,City Center,21,93,24.416008598332347,1.2928884614656773,6.452077888085046,0
City Center,Highway,20,60,16.047072231395493,0.7649555454060272,2.8348729820875285,2
Suburb,Rural Route,2,10,22.33034078265409,0.8934315768891954,11.079369886853163,0
City Center,Highway,11,36,7.579927840603142,0.8143750055293412,10.095976228043638,0
Suburb,Suburb,2,76,28.298985904643345,0.7845020733793693,11.621770296465186,1
City Center,Highway,10,21,22.126740161417843,2.3724295275082232,13.665577751446184,0
City Center,City Center,11,39,32.38007967668871,1.7720518818407722,9.276065636459226,0
Highway,Highway,3,18,15.930495841727367,0.451280944350647,9.791368586725026,1
City Center,City Center,15,62,24.495626610845427,6.988337861361806,11.029635113702595,1
Highway,Suburb,19,70,27.833969163544978,1.1162730688812268,8.289767664244572,0
Rural Route,City Center,17,63,24.29895034704908,1.6698196910059389,5.626872931506582,0
Rural Route,Highway,3,46,36.97789190735689,2.4253609915351246,6.545186136920288,1
Highway,Rural Route,21,74,3.367816989526734,1.9021648937910542,9.880549578775899,1
Highway,Suburb,5,51,21.74650917897801,0.745178294719466,12.99937385518071,0
Suburb,Highway,20,58,15.941455803232847,3.19607205819006,14.701971078095431,1
Suburb,Suburb,14,13,15.223101451099074,0.233412919798323,9.145891628409128,0
Suburb,Suburb,0,73,34.93534509823012,1.6832750493289297,10.503538285031805,1
Rural Route,Highway,2,88,13.797878655066091,0.6385304838975697,15.612420936755841,1
Suburb,Highway,4,60,28.52826512517975,1.9129881672169549,11.55046274725331,1
City Center,Rural Route,21,81,9.459162468039926,0.49178440452465233,10.41165317206655,0
City Center,Suburb,16,69,30.19513438052882,2.9585714288055307,10.630477170333766,0
Suburb,Suburb,13,96,19.77548271815757,0.5163406041620989,11.745883848636964,0
City Center,Highway,8,88,17.172394842937727,4.421692291582819,6.339102534641336,1
Rural Route,City Center,2,40,4.632454518078237,3.954562911126266,12.2816285890958,0
City Center,Highway,12,81,17.193174091509018,0.9000677636378409,11.317348268842771,1
Rural Route,Suburb,2,67,13.132463673645232,0.9749354090597019,13.264711241166175,1
Highway,Highway,10,91,37.47662555630899,2.417993859518503,11.482364520012249,1
Highway,Rural Route,1,13,20.516657357024098,0.1894424900603821,13.063745641089941,0
Highway,City Center,23,31,14.03503592981038,0.16876293938756215,7.231373005467555,1
Highway,Highway,14,12,13.611533013824001,0.2931156168214355,8.210709445176047,0
City Center,Rural Route,12,88,6.401048800469836,1.6532443973178361,10.4581209250453,0
Suburb,Suburb,18,56,35.22279130655842,0.3226917175841872,7.746369539730372,0
City Center,Highway,21,47,32.5627921551618,0.6504003997711763,12.566458975055676,0
Rural Route,Suburb,15,42,19.330808903319532,2.0820725667910476,5.753387533388277,0
City Center,Rural Route,17,87,41.793453990456634,0.03149423081241646,9.521215518972014,0
City Center,Suburb,6,57,19.86899595268146,0.3974790532920931,8.300517501087407,0
Rural Route,Rural Route,12,74,30.96433128404843,5.316539993674319,7.772736825321956,0
Highway,Rural Route,3,35,25.661613562018005,2.1787756705710937,5.887038032193674,1
Highway,Rural Route,8,17,14.25502051630768,0.7292734361795757,10.125401415733664,0
Highway,Highway,9,59,21.82359017746911,0.09272342103121033,9.75067742360038,0
Suburb,Suburb,8,89,23.727240272558966,1.7640144136459164,15.713155240990453,0
Rural Route,Suburb,6,47,6.957326256209404,0.5042857681490239,17.46376122170468,0
Rural Route,City Center,14,19,22.87975541914219,6.446542878801415,6.796098164149219,0
City Center,City Center,7,51,31.409445323532864,2.3228547035419003,4.290956787894711,0
Suburb,City Center,18,46,13.084698837931263,7.308869977117539,6.398026516269505,0
Highway,City Center,10,35,17.895784338910794,3.779612225304829,9.814421079824717,0
Suburb,Suburb,4,21,8.903964192236373,1.3195308666551337,13.375512549636696,0
Rural Route,Rural Route,1,93,15.172021574358137,2.214679409956463,8.555613124169534,2
Rural Route,Rural Route,9,58,15.947965991328322,3.343767335621214,11.734833411512474,0
City Center,Highway,15,23,35.78162484693597,1.726345993479899,7.602877657763773,0
City Center,Rural Route,22,55,16.82810130851192,0.12691820989931993,8.538632667512246,1
Rural Route,Suburb,12,44,14.696787479930071,1.2714414577022073,10.500389863222967,0
Highway,Suburb,7,38,19.060434399049257,0.2798425709484639,9.966596072928429,1
Highway,Suburb,8,21,2.9231395886315497,2.509457224687322,9.891824880047304,0
Suburb,Highway,10,91,-3.587138483557787,2.282803156825515,6.754603011764564,1
Rural Route,City Center,10,53,6.178847620568877,9.897629942486175,13.677681425432537,1
Rural Route,Rural Route,22,75,23.241029515931523,1.9820813682281226,13.654994242180727,0
Highway,Suburb,15,11,19.973230941899917,3.2202557246289945,13.705252801085138,0
Highway,Suburb,9,68,28.691051213945837,0.6247361625573903,7.968326946910821,0
Rural Route,City Center,23,26,4.796289676456196,0.8311040265211737,10.358170647213548,0
City Center,Suburb,11,19,17.95936803920739,4.97841382241367,8.425375550623404,0
Rural Route,Rural Route,5,27,4.081779477692658,2.8145642193359266,7.0758498802125835,0
Rural Route,Highway,11,31,22.673205093781384,2.129982766566128,10.854889240737972,0
Highway,Suburb,9,92,6.2210153346681665,0.5861336017847606,3.6329847306393885,2
Highway,Rural Route,17,67,17.566317030424592,2.3984875325818487,12.540520457772283,1
City Center,Suburb,17,62,22.063968896770383,4.356556015799324,6.5119065908931155,0
City Center,City Center,3,10,16.088008165987205,0.5248024330265256,9.060956513812961,0
Suburb,Suburb,8,97,-2.6195030475352574,2.449194384177156,3.1926291933765505,1
Rural Route,Suburb,6,70,36.623327448546675,1.0007407859987762,15.423272830359995,0
Highway,Highway,17,98,15.026241269571331,0.25286736883224004,11.974673144029012,1
City Center,City Center,7,40,3.904927025765943,2.883281624574099,10.257615302472487,0
Suburb,City Center,10,40,27.611960007958736,0.3657717260119264,7.935607170420633,0
Suburb,Highway,6,75,27.985697342715284,0.5831024920930269,6.802819794076555,0
Highway,Suburb,8,28,16.978190992994183,3.0551817367593372,9.399072082426272,0
Highway,Rural Route,7,62,35.36248225559745,2.710620999027644,10.906632892735717,0
Suburb,City Center,2,85,12.593040624613671,0.5865502114709213,9.310470454694682,1
City Center,City Center,16,83,21.756485882949754,5.659236516034877,11.592759283128895,1
Suburb,Suburb,1,31,25.108016394234244,0.48486994254509697,15.567188442067991,0
Rural Route,Suburb,14,32,35.1399821845651,10.109868829899552,6.780540159106003,0
Rural Route,City Center,13,96,0.5669062361946651,2.6780573602088014,10.709458176880046,0
Highway,Suburb,17,24,42.91805577724752,0.9968315263828728,15.223647421594343,0
City Center,Rural Route,15,35,31.738726998258784,0.2793270697583834,9.067738155643095,0
City Center,City Center,19,12,24.494559945440308,0.7728253924229059,9.582876056293616,0
Rural Route,Rural Route,21,96,12.00347747495333,0.43069432325599954,11.383780160369776,0
Suburb,Rural Route,3,29,11.163312513163593,1.9448735980588634,12.028291869288203,0
Highway,Suburb,19,49,22.87831328450628,0.8827706256636432,13.149309849336262,1
Suburb,Rural Route,5,48,24.93799997448291,0.6991355517191733,10.327833505634723,0
Suburb,Suburb,5,81,23.64867999989282,2.830484199956783,7.615431736317813,0
Suburb,Highway,10,27,21.597527459561352,0.5242871082620948,11.682287802634995,0
City Center,Suburb,16,50,24.319627637823686,1.7680794507546993,7.099257520084775,0
Rural Route,Rural Route,23,79,-1.8562259352453765,0.4328227587034997,10.995873568385553,0
City Center,Highway,2,36,17.33895586094489,2.5091194174652958,10.231753581267615,1
Rural Route,Suburb,12,24,6.16768203344887,1.9623065243412323,10.158218674904498,0
Highway,Rural Route,21,46,19.594613632021527,3.2004956932661957,9.753107707805174,0
Highway,City Center,2,67,33.0646569627046,0.1419118971880669,13.005715476494892,1
Suburb,City Center,15,14,10.913131093248868,0.47171164563294526,11.854123337567092,0
Rural Route,Suburb,14,82,12.907104300272628,0.3355604577923659,12.083704181766938,0
Rural Route,Suburb,10,16,11.50483168757869,0.4228283214319907,8.609055108308606,0
Rural Route,City Center,17,50,12.840928944757884,0.217430225705196,5.073763717823744,0
Suburb,Rural Route,14,93,25.540527008421325,1.6514467513409943,8.808629169959918,0
Suburb,Rural Route,4,19,27.871971805047373,1.8000052477725657,11.307265000544794,0
Highway,Rural Route,15,71,34.6920068012692,3.709267623362227,10.097192928962619,0
City Center,Suburb,15,35,9.948705984354696,1.0816701275158698,8.701676695341988,0
Rural Route,Highway,16,77,26.839395206608945,1.5202187152112392,10.664292753688207,1
Rural Route,Highway,8,33,28.503691928451104,9.489797922382103,9.19842435781683,1
City Center,Highway,22,87,36.532963487951776,1.5179120387514442,10.14639780379258,1
Rural Route,Highway,2,50,10.695120654621933,1.7046426566441333,4.033583518919926,2
Suburb,Highway,19,74,-0.035798748717681406,11.002049765453746,12.301431473911702,1
Suburb,Suburb,12,26,17.226142337787063,10.27559055173575,11.838471091041612,0
Rural Route,Suburb,21,33,48.08687450438418,1.1034009532459148,16.336747550550264,0
Suburb,Highway,2,36,9.047372163471582,2.0154245273763647,7.86419764202582,1
Suburb,Suburb,6,16,24.869249472118796,1.31094188759788,8.490420667926331,0
Rural Route,Suburb,5,82,-2.1652859657500265,2.551048260716724,10.522791354763793,0
Highway,Highway,8,21,38.14839917919452,5.573749239218134,9.89767400329572,0
City Center,Rural Route,11,94,1.2179546219642887,0.7411400945348853,14.739599357240143,0
Suburb,Suburb,14,12,-3.9112959611309073,3.4171376386869596,8.77500627809774,0
Highway,Rural Route,20,88,20.988690891318353,2.1275461635577,9.538829262542588,0
Suburb,Suburb,19,94,21.183695461316958,0.657521536706859,8.313351754546574,1
Suburb,Suburb,2,19,34.19289450132726,3.192053078401911,14.570869125761497,0
City Center,Highway,9,42,28.494613239905714,1.114203468827449,11.461589119830707,0
Suburb,Suburb,0,55,-0.005760783628659283,0.25656961833346176,14.712657616535282,0
City Center,City Center,18,68,18.481304612050735,10.046334162655608,18.745190304587748,0
City Center,City Center,18,61,13.029107408219541,1.109019855508444,7.711556227928918,0
City Center,Highway,22,15,6.649476800584706,1.5598192019978165,13.234581688292074,1
Highway,Rural Route,22,11,24.336725805822958,3.300121215753979,9.229786930817333,1
Rural Route,Rural Route,12,38,30.4298096247151,6.4820452863855005,7.937074917341454,0
Highway,Rural Route,11,49,11.947041873437053,4.12537102204578,5.601151557027484,0
Rural Route,City Center,0,70,16.671497349982058,1.4891049952923097,16.38509932584124,0
Rural Route,Rural Route,18,77,17.338137676896352,1.5779777355243179,13.006104744721789,0
City Center,Rural Route,23,77,13.389148708462436,0.6594733654662432,9.323714158884847,1
Suburb,Highway,15,38,15.726159643429362,1.2427803441046568,11.865803545136496,0
City Center,Rural Route,22,71,13.382741601378873,5.868856035605251,4.57307237442725,2
Suburb,City Center,22,69,21.24634201994417,2.5961343692450116,9.71685744788456,1
Rural Route,City Center,14,93,14.135572818497003,0.023896171372235993,7.714243304819025,1
City Center,City Center,15,50,24.270924607622362,0.24774332667741494,14.336711559370508,0
Suburb,Highway,10,96,14.098915938672599,5.149083453874323,14.538366124750052,2
Highway,Highway,23,91,26.467405786976876,3.7772368373588274,12.671354984087685,2
Suburb,Suburb,5,98,13.883154194927153,1.3317040740043358,12.842089374839713,0
City Center,Rural Route,10,74,26.057362818942007,1.9193271669818788,8.05039742549509,0
Highway,Highway,2,73,11.514087336810592,0.6839837125327997,12.150864479768314,1
Suburb,City Center,14,88,28.853625426112814,3.1484383941697214,5.861850186636145,0
Suburb,City Center,0,72,2.219750341589414,1.8492378649761818,5.45750882026205,1
Suburb,Highway,6,57,19.941536949501515,2.3737444161456125,9.683556520292724,1
Suburb,Highway,0,29,14.328490098683812,0.9397187609289759,11.590588183314344,0
Suburb,Highway,16,46,19.5381867905742,1.1257752920507913,11.794405561493736,0
Highway,Suburb,8,73,8.140112134082916,0.46558511462579744,6.228934993780147,0
Rural Route,City Center,22,95,18.05403063599428,5.915045024052283,5.345283805861215,2
Highway,Suburb,12,14,8.906463468289534,5.858279990137634,8.645358695134902,0
Highway,Suburb,10,43,17.618295933844934,3.40476550336558,7.370766441164307,0
Highway,Rural Route,19,48,16.688480622262404,5.483889963507337,11.836052699640923,1
Rural Route,City Center,5,76,23.299228067842723,2.189208976761534,6.9614129700462835,0
City Center,City Center,0,90,20.658093134165455,0.5348489517267789,15.832906264132134,0
Rural Route,Highway,6,71,38.78302393604953,2.855987832772023,11.087080619033244,0
Highway,Highway,11,97,14.900652445849996,0.78690374146182,9.559220432577968,1
Suburb,Rural Route,21,33,18.673713572289607,1.1613580497276381,6.558013064336534,0
Suburb,Suburb,19,12,51.843065686094505,0.6413753997415027,6.036614487204786,0
Highway,Highway,22,80,17.76448070203323,1.101982881545577,9.037248274806213,1
Suburb,Highway,18,98,29.532213689172764,2.274606645949781,8.263479039753763,0
Highway,City Center,16,76,25.765498614526635,0.23444015123257086,4.8045140809514395,1
Suburb,City Center,3,88,43.34779520291228,0.22232558603640262,14.114898944585203,0
Rural Route,Highway,2,59,5.693542823623655,2.3025710405454434,6.68434105782233,1
City Center,City Center,0,38,4.554192832144764,3.024451510296167,11.057840713124925,0
City Center,Rural Route,17,83,8.821203786074157,1.6035446373284892,11.326615580879952,0
Rural Route,Highway,20,41,21.727791090205052,0.4009083610824235,5.1434670565719225,1
Rural Route,City Center,14,96,9.965976866660027,1.1268952092173168,8.84585285024705,0
Highway,Rural Route,7,48,-1.3344185957255021,2.839086230179197,5.771100726734334,0
Highway,City Center,0,18,10.75642364915696,2.3150253181187472,11.22279629434194,0
Highway,City Center,19,23,23.685833404780922,0.23276535832035214,10.187550692608122,0
Suburb,City Center,13,77,10.96404460980351,6.957054307636701,9.768152866819488,1
Highway,Highway,3,73,31.424121350646736,0.505566706954635,7.539483118897751,2
Rural Route,Suburb,4,29,8.746152612614893,0.49792169773877026,13.543110181587544,1
City Center,City Center,22,37,20.141439460251007,1.231843636665562,8.866512463349641,0
Suburb,Rural Route,12,23,16.090749025958587,0.7927425522474895,5.56795863898985,0
Highway,Highway,23,53,21.884801584925004,8.268582460454079,7.167124087637412,1
Suburb,Highway,14,86,22.88854148934636,0.15914681101000863,3.978683337920234,2
Suburb,Rural Route,5,48,35.851963453903146,0.7318327175002781,8.036962567794614,0
Highway,City Center,0,37,26.898459638191802,0.964872098371033,7.2728384849985375,1
Suburb,Suburb,22,73,15.792337005872795,1.3602999969906935,12.083734793114745,1
City Center,City Center,18,98,26.128627402483417,0.033085009154858826,11.716682633611368,0
Rural Route,Rural Route,12,41,27.50248303385903,0.1719048905659602,10.637981651078999,0
Rural Route,Highway,5,18,40.44965878741407,0.5962990450617289,12.84136269390749,0
City Center,Suburb,14,37,18.42866753778119,1.6148819888589185,6.464790588896323,0
Suburb,Highway,15,26,19.170849470032884,2.920067560984981,10.954960565008657,0
Highway,Rural Route,23,96,33.12299296282208,2.3198821654065345,5.685990485631947,2
Suburb,City Center,22,86,0.014793237334579601,1.6741501755820045,8.569463918148482,0
City Center,Suburb,15,64,17.95362018327247,1.012448584719128,11.023555655473904,0
Suburb,Highway,9,19,26.943331736840566,4.091154949641914,8.404709657024352,0
Rural Route,Highway,21,89,30.47212824955757,1.2315300238440916,14.899761463616812,1
Suburb,Highway,8,15,-2.09351485255981,0.7112161853366162,8.955892420830175,0
City Center,City Center,8,57,6.617324285614071,1.9849137982136387,12.402365371245171,0
Rural Route,Suburb,16,84,-4.926902213340028,2.356057862533588,9.206415030590728,0
Suburb,City Center,16,76,28.729390105255234,1.0165585531191734,10.39500104983095,0
Suburb,City Center,16,50,22.04456688051098,0.057093787741694976,8.9049059564994,0
Rural Route,City Center,23,88,34.19013822157574,0.19772225444531938,10.531436447028447,1
Highway,Rural Route,11,69,20.29167439644189,3.736402929125385,15.179943864125146,1
Rural Route,Rural Route,12,86,42.40984052644181,0.11641941266572561,14.629473230731232,0
Highway,Rural Route,11,51,10.569696544069553,1.793072618548882,8.538493824026979,0
City Center,Suburb,13,90,16.32860863888322,0.4059696842801989,9.312984007007463,0
City Center,City Center,9,80,24.12830445696462,0.5199426169784357,10.15251739890418,0
Rural Route,City Center,22,37,12.872462102921158,0.6385765477795025,11.926261147225231,0
Rural Route,Rural Route,18,22,24.17166029822838,0.07808754090693082,15.563456056107514,0
City Center,City Center,1,90,18.893473170474515,0.3901699859565734,13.857828156123642,1
Highway,City Center,3,24,18.31077728438317,2.1025033459981795,9.19972798483576,0
City Center,Highway,18,45,18.74717082089186,1.381169477671518,11.20902340714543,0
Rural Route,City Center,6,24,27.054000299739954,3.192343454757437,10.67716941295511,0
City Center,Highway,14,84,16.5710961838803,0.12639533494405222,8.182700326578058,0
Rural Route,City Center,14,65,8.800531381735768,4.3946184943705795,13.040632942459375,0
Rural Route,Suburb,23,13,20.67168996234377,11.25282742189644,2.4579481723565006,2
City Center,Rural Route,5,61,13.660841534433926,0.0317303219891535,13.018388077465142,0
Highway,Highway,2,19,10.007882354071798,6.8616684242635175,11.23560579337319,1
Suburb,Rural Route,5,54,2.6901388688638974,0.5380156217894616,4.580623509501505,1
City Center,Highway,15,93,29.311322270877042,2.3588409768511713,6.87469462907839,1
Suburb,Highway,1,38,26.62498882297711,0.6919884955334611,3.802350628327096,2
City Center,Highway,6,62,34.07412917964925,1.4755063120770424,15.090328588799697,0
Suburb,Suburb,10,38,20.02775049832023,1.4284087090732145,7.02507255941814,0
Highway,City Center,6,32,30.785517463196914,0.8960318155808896,12.730590369275223,0
Highway,Highway,3,66,10.563321850208249,2.528484587127852,12.83764992686567,1
City Center,Suburb,23,59,0.9188760835069161,1.8307646984738075,9.637987466456247,0
Rural Route,Highway,19,30,12.483441098896071,1.4196794743751986,8.006284016341619,1
Suburb,City Center,6,52,17.940563382897345,8.130268175445057,11.53829623204317,0
Rural Route,Highway,3,19,23.604556774308044,5.6271323305939465,10.646277575751151,1
Rural Route,Suburb,11,85,32.80853603102919,6.221650920913473,12.808713104289652,1
Rural Route,City Center,4,39,23.220803793809814,4.262715698992129,6.480081912433487,1
Highway,Suburb,22,60,42.57396758082088,0.5891591814772316,13.067296907308936,1
City Center,City Center,18,42,21.198200236311987,0.8614920827083054,14.04304066503855,0
City Center,City Center,4,27,21.007354501039913,0.5254706774323704,9.229695871340276,0
Highway,Rural Route,18,87,23.382026388712408,8.562826497746924,7.132047841673842,1
Highway,Rural Route,20,31,23.789524851190862,0.3313109094816377,8.55014376870007,0
City Center,Rural Route,2,73,23.645885044666898,0.9130276718372398,8.079609458789813,1
Rural Route,City Center,10,30,7.677480049250969,0.44389959004811597,9.457492522684657,0
Suburb,Highway,6,10,28.521927484960173,0.505798312214664,7.785604930580313,0
Suburb,Suburb,16,24,45.05685317702482,0.5676135417595869,11.369523532946072,0
Suburb,Suburb,8,45,11.170160184923892,2.041473751172427,11.910074129528727,0
Rural Route,Suburb,20,56,19.58761484362814,0.15819327942229697,8.922996843066246,0
City Center,Rural Route,8,63,6.272091586207155,1.6997417457374955,4.136569885393792,0
Highway,City Center,9,95,27.519213094036388,3.421681830817271,11.329078219329977,1
City Center,Rural Route,12,41,27.509605607488776,2.9093500681152196,5.574620448144591,0
Rural Route,Highway,14,67,4.95966634789243,0.3277966980540536,10.748765895160417,0
Highway,City Center,21,55,6.875478571947411,4.923905861947435,10.215604179074647,1
Rural Route,Suburb,4,63,-0.816645288236657,2.940138019836882,9.013089645643879,0
Suburb,Rural Route,2,42,35.703795745833084,0.010633238277305869,11.934497692752506,0
Suburb,Rural Route,7,48,11.612834171840147,2.6740458334893735,11.090695132358736,0
Rural Route,Highway,19,32,18.65788798570789,2.6744117485975902,11.163045943805962,1
Highway,Highway,9,52,16.333459473024103,1.3735990613290525,12.463063374869826,1
Highway,Rural Route,12,64,29.88448021845874,0.09414635168913305,8.761535977597841,1
City Center,Highway,2,11,26.60222438398449,1.7345532726172666,8.719651859070146,1
Suburb,Suburb,21,75,26.0682092470068,2.9027050534579715,13.231669724869041,0
City Center,Highway,7,47,11.879438081226638,0.6318175965507358,11.925690429282882,0
City Center,Highway,8,38,26.812312759343644,2.199635339206535,8.59091528704144,0
Rural Route,Rural Route,21,76,29.284373909475605,0.8736830651363393,3.988784860654488,2
Rural Route,Rural Route,20,80,26.516970347806932,1.7059504458516006,11.176125042047493,0
City Center,City Center,11,45,7.109378683719605,0.9708543237214118,11.457723490736274,0
Suburb,City Center,10,38,8.702563342687139,0.7241259122488061,6.36282401000697,0
Rural Route,Rural Route,1,46,37.37123856849034,3.8746964701927538,7.454387978248791,0
City Center,Highway,17,96,39.43945897000508,2.8035329522214916,8.7765147309692,1
City Center,Highway,8,54,19.30022829654376,0.847611958539029,11.3569762438731,0
City Center,City Center,1,25,19.287287676514854,1.1405555970548649,17.450728543326136,0
City Center,City Center,1,40,21.574148065328856,2.3533860607022294,13.353137989640611,0
City Center,City Center,2,43,25.790040339801486,3.3328503586817275,5.474674606964628,1
City Center,Suburb,15,59,5.5749689567648115,2.306187189209062,8.691361360553971,0
Rural Route,Suburb,18,74,22.304188343636675,1.5571120366731679,9.71640114376858,0
Suburb,City Center,3,91,9.692485052930175,6.175073814916947,11.50736480654426,2
City Center,Highway,22,71,19.79758525311511,2.9757119345970797,7.562564402348843,1
Highway,City Center,17,52,11.161697271711354,0.2456732530070653,11.753591756942264,1
Rural Route,Suburb,19,65,13.517162906969443,1.6335202991664626,8.460867704464626,0
Rural Route,Highway,17,24,21.815874107078255,1.0537631380438077,11.748802517789759,0
City Center,Suburb,9,57,13.826963299811831,3.1688627644936735,10.227381094749438,0
Rural Route,Highway,10,58,9.011504389993162,0.09138231321582749,16.136299715059568,0
City Center,Suburb,16,90,34.53509301955026,1.057719768961077,12.936465120332993,0
Suburb,Highway,23,53,9.154572230085948,0.7662617153970179,13.941663447743476,2
Suburb,Highway,22,19,-3.1045673885516365,0.3044057866771491,6.827019742118735,1
Rural Route,Highway,23,29,25.68764796249759,0.9522176250391755,8.403713021897637,1
Rural Route,Highway,19,79,17.1032009002964,2.2343690489019394,10.981524953221962,1
Highway,Rural Route,15,17,19.70662394713641,0.8978244813068414,6.299814906626014,0
Rural Route,Suburb,19,54,21.581830027969293,1.7350324468562857,13.136150956062416,0
Highway,Suburb,12,43,32.70654877692406,1.7969595651643753,10.391430047825274,1
Suburb,Rural Route,1,60,38.63798199901956,1.7691535900148423,13.299786543229567,1
Suburb,Highway,23,13,22.534446490884893,1.5080541766810116,11.446966748931507,1
City Center,Highway,1,48,8.242729382975478,0.24883351068785112,10.134589113257087,1
Suburb,Suburb,13,93,21.45963508417692,0.49296747174859923,9.631961207868898,0
Highway,Rural Route,3,33,25.8918215037026,3.2195466998838342,7.693437563942997,1
Rural Route,Highway,16,97,30.036356434688862,1.395778769806512,7.514909099106006,1
City Center,Highway,12,64,21.37293875349322,2.4488702460282243,12.665997943146836,0
Highway,Highway,3,35,14.394589198722265,1.6875173025588668,12.004057673730781,1
Rural Route,City Center,2,34,10.93212246043044,0.07891721225563822,13.702210967445616,0
City Center,Rural Route,11,45,18.834459144639297,3.1813674437967276,8.362977311310484,0
Suburb,Highway,21,80,4.989955521014288,0.13297244835587904,13.367766340712555,1
Highway,City Center,22,83,23.943808605789595,5.735524423555066,9.470271905681287,2
Rural Route,Rural Route,7,67,21.773161454734154,0.48510366309877045,11.739802994956198,0
City Center,Highway,1,21,21.723462271046905,1.4365449616788837,13.874600241393786,1
City Center,Suburb,5,10,27.17626817817652,0.13139954752130706,16.21311600272498,0
Suburb,City Center,21,59,34.5097095873991,4.506302246810679,13.217261970977173,0
Rural Route,City Center,9,34,19.29568772954629,7.818080373397157,10.608448641037803,0
Suburb,Highway,11,89,20.769332757796768,0.3163333058087835,11.682871919453047,1
Suburb,Highway,20,14,16.303346520241572,0.7013475241932217,13.747021822373144,1
Rural Route,City Center,9,92,25.515112398502207,0.0320035398888719,12.129704219713984,0
Rural Route,Suburb,9,77,19.92383665921114,3.0926022337047656,8.802248842460154,0
Rural Route,Suburb,22,15,31.55059667718839,0.7463763155418658,11.844365346445125,0
Highway,Rural Route,2,35,31.340469275318448,1.777533381866578,13.910926685431843,1
Rural Route,Highway,19,64,23.16075006741846,0.08001652904335997,15.437289993986496,0
City Center,Suburb,9,48,19.203885606403578,2.5137647499462386,10.186409414284146,0
Suburb,Rural Route,8,18,17.267525525273545,1.5075104492936722,6.649722809184766,0
Highway,Suburb,19,54,24.803665241207764,2.5818247023278085,4.660973675627347,2
Rural Route,Highway,18,23,24.83026659057522,3.117150396399918,12.386912891337872,0
Highway,Rural Route,13,64,17.26367260156586,0.18695802043183105,5.399704258337723,0
Rural Route,Rural Route,1,18,22.884432257279965,1.7259365689892934,10.960121106932368,0
Highway,Rural Route,4,24,12.2577805784511,2.0993244681729295,13.233032379743557,1
Suburb,Suburb,19,46,24.509291195454622,1.4543130096512638,9.51046377002787,0
Suburb,Highway,7,59,13.09809946108182,0.40278710908285725,5.512169686574939,1
City Center,Rural Route,6,93,27.7203564742342,3.175326266704204,6.220175922241405,0
City Center,City Center,5,81,16.83285668860541,11.949866954262948,7.240550775926109,1
Rural Route,Highway,10,30,36.73844259768037,6.965048234547669,9.627830384991002,1
Suburb,City Center,11,66,20.39097995600402,3.005922125013687,13.612442144178747,0
Highway,City Center,17,28,22.379648918998882,1.0829398781608304,10.035270311674308,0
Highway,Rural Route,18,67,6.013380948771301,0.8228672622361778,16.459893547787065,1
Highway,Rural Route,9,15,34.06543147176675,0.1420165143850606,13.122637751048583,0
City Center,Suburb,20,13,19.620653043723756,1.0766893250279972,10.88644185998052,0
Highway,Suburb,13,52,37.39504596538063,0.3393207325898659,9.785327810687207,0
City Center,Suburb,2,51,20.482436880842233,0.5869569141726413,8.506998427688655,1
City Center,Highway,17,12,17.858730817311873,4.449152409071436,10.447877113882255,1
Rural Route,Suburb,23,10,14.885263437256535,6.917163526303886,11.627073494177482,0
Highway,City Center,14,64,26.421827950995297,5.934639536343153,10.963638691024093,2
Highway,Suburb,5,24,25.207567733814614,0.429744917213296,8.50417361362806,0
Suburb,Rural Route,9,56,6.659653711814899,4.6231347914288605,6.904233054171515,0
Rural Route,Suburb,11,94,14.311095903767253,0.3051495465417022,15.587697244793482,0
Suburb,Highway,6,55,27.22484243566068,1.417172332939894,11.902743875666726,1
Rural Route,Highway,16,67,13.555242297846172,2.063758794707738,11.06650805836296,0
Highway,City Center,0,80,11.82963069017202,1.241529778876754,11.519163038161166,1
City Center,Highway,17,90,21.962438502353955,6.066346456174514,13.304087077082182,1
City Center,Suburb,14,92,20.87145002716595,0.8105684182175654,8.59640039250401,0
City Center,Rural Route,18,48,15.360127152688289,1.4989173029652654,9.61104839485249,0
City Center,Highway,0,12,37.67386332659484,0.15689615308695906,7.742496628192647,1
City Center,City Center,4,39,18.50989383681399,3.8241231812918928,9.978432044933028,0
Suburb,Suburb,14,44,7.350058437389595,1.0666994480345808,7.972171593791711,0
Rural Route,City Center,2,66,3.8108830302748053,2.4114961957347956,6.980879127029744,1
Highway,Highway,0,38,30.224761275860637,2.2929532387186407,5.14094554474656,2
Suburb,Highway,7,59,9.026072526910136,2.255646980375216,14.97410990253575,0
Rural Route,City Center,11,71,20.304415594281473,1.4142418351150836,8.996370102294044,0
City Center,Suburb,21,61,11.260224677318753,0.6501277340248551,11.460265866030259,0
Rural Route,Highway,18,23,18.978884328833004,1.962162881944268,10.289075293891973,0
Rural Route,Rural Route,11,44,23.47986907798622,6.529394749561773,11.491678434593414,1
City Center,Highway,12,37,6.3445814452921745,3.590923700535937,3.989472218336605,2
City Center,Suburb,0,67,15.442983910262114,0.23030152724836322,8.590341068854306,0
City Center,Highway,18,39,13.264097125607492,0.04692091726029793,13.478623732614732,0
Highway,City Center,5,99,10.346305337101349,1.3821840152324478,15.829203470162785,1
City Center,Highway,7,16,16.24333880804327,2.990695388929289,8.906454875657802,0
Highway,Highway,3,48,13.761997079355918,0.7534712211356845,9.2522242908347,1
City Center,Suburb,4,78,28.729879859083013,2.4162178787310244,13.199246538691435,1
Highway,City Center,21,44,12.842229061858461,5.3741807295793835,11.3221843298323,1
Rural Route,Suburb,6,61,24.508232784666777,1.2286147254340043,10.08891271765395,0
Suburb,Highway,22,23,24.158269831148104,0.5598502211912807,9.806345519966683,1
Rural Route,Rural Route,3,72,4.988930083699874,4.996174963014461,8.288570596952464,1
Rural Route,Highway,19,45,14.943004845511545,1.2783181042173466,8.183646141867118,1
City Center,Suburb,3,33,18.899378482554006,1.0479544790090225,10.396121040054991,0
Highway,Rural Route,14,49,22.654118521226007,0.8719359677552886,10.949979435851523,0
Suburb,Suburb,20,38,17.636306767973053,1.0998847864310972,11.10611691281327,0
City Center,Suburb,4,62,30.419143254207892,2.2396178418718202,7.94359727818998,0
City Center,City Center,23,31,21.047459782476505,1.1373319303201601,13.997791956633725,0
City Center,Rural Route,8,81,24.455145370641826,0.7837869077804656,5.136157758830248,0
Rural Route,Highway,1,24,14.07826546564744,2.722326932571363,11.588848554320112,1
Highway,Suburb,6,78,24.600797510175248,0.4537295003501275,8.380199948072384,1
Highway,Highway,16,73,39.36389605903664,0.45112726630495886,7.402326678115315,1
Suburb,City Center,15,13,25.265853628894035,2.3843225817362486,9.025517019589078,0
Highway,City Center,16,84,31.03015474669573,4.030404083331348,5.225170123203349,0
Highway,Rural Route,19,27,17.084505179935526,0.5520626521497555,11.062823553388764,0
City Center,City Center,22,51,29.242460040313972,0.424221709336887,14.843452913454271,0
City Center,City Center,1,39,30.115686238399185,2.2191799347467804,8.067166274235056,1
Rural Route,Highway,10,24,22.454486208545827,1.9393963177380786,17.05259415428904,0
City Center,City Center,1,79,19.252490629121766,1.1857074088540398,7.417416233461745,0
City Center,City Center,0,64,5.049127480330661,0.20154354202298957,8.730290992223932,0
City Center,Suburb,1,62,19.676155262352324,0.19254923761240975,14.079433346608022,1
City Center,City Center,22,25,25.652234729236856,3.00423473916951,6.408622968906095,0
Rural Route,Suburb,8,82,12.347570373639375,1.2021175242857567,9.320141480008534,0
City Center,City Center,21,43,7.2991706602913915,3.9033929928223468,15.157155578561447,0
Suburb,City Center,1,36,21.019516788991982,1.7100792081841474,6.463231858554975,0
Suburb,Rural Route,14,22,22.30665919933555,1.9285376930826712,11.77165638799426,0
Suburb,Rural Route,9,36,6.526287587603253,5.442101949486687,11.531758370509802,0
Suburb,Suburb,14,82,20.40771691526375,0.35972730552746396,4.231790303407195,1
City Center,City Center,9,78,22.899275586087736,1.566249815297593,8.153299212267981,0
Suburb,Highway,22,95,33.21303699201788,0.11979429790581435,17.14447330400091,1
City Center,Rural Route,16,40,15.234808647614067,0.8892177978323018,10.671386111649369,0
Rural Route,Highway,8,12,40.86421715062901,0.32056873786298945,11.151504453502247,0
Suburb,Rural Route,17,39,20.53885220833628,0.416105884664401,10.713807945166097,0
Highway,Rural Route,3,30,7.9805746776172946,5.460429665323081,16.128403055219508,1
Suburb,City Center,8,15,16.69814438768473,1.8867202906884866,7.07867011314444,0
Suburb,Rural Route,15,41,8.871536299461315,4.45417864208532,7.964621343908347,0
City Center,Highway,3,51,18.32762107714589,1.1722487583365067,9.667733802843326,1
Suburb,Rural Route,15,71,24.684664170111674,1.820832772670599,11.667201954014551,0
Highway,Suburb,18,98,22.681885639640768,0.06524166607051995,10.461125246165794,1
City Center,City Center,0,41,8.698747559467579,1.2678790576112622,10.545970976854724,0
City Center,City Center,22,95,7.455069474627528,1.6604860576306189,8.343440331241387,1
Rural Route,Suburb,5,97,24.19389041529,0.03384010890999606,11.821333145510154,0
Rural Route,Suburb,9,48,26.4409897996928,3.1164364213334235,4.3231699501117244,0
Suburb,Suburb,15,73,15.110695045964949,0.7003152678516484,8.35732828040079,0
Rural Route,Rural Route,3,39,-5.376721820491312,1.2047384203850846,7.5364550521934985,1
Rural Route,City Center,21,72,8.416009730987604,1.5341484902391864,6.6962918619307725,0
Rural Route,Suburb,21,40,29.863003686616793,9.706533256685391,4.657998754826162,2
City Center,Rural Route,12,96,12.614697124146126,0.20890884562166456,10.697548412587974,0
City Center,Suburb,15,49,16.52767975097739,1.620618847905693,11.288782479952989,0
City Center,Highway,19,42,25.533396533776358,1.5125750479552034,11.310174046547074,0
Rural Route,Highway,5,72,16.937299911929777,0.14279801841021725,12.823904902769385,0
City Center,City Center,10,34,33.974228608231286,2.009907089987053,13.346444335063083,0
Rural Route,Rural Route,23,45,16.265634755991574,0.6761394387378681,3.8821193443311586,1
City Center,Highway,2,33,11.393465218533088,0.21911186639814212,11.892793838236589,1
City Center,Highway,19,67,31.82272203017573,0.39359225374754425,10.547478291792517,1
Highway,Rural Route,9,48,20.478060933834573,3.4700389289257374,10.514074554463733,0
Suburb,Suburb,0,55,9.216021514629904,0.21990823898851522,9.628410195897098,1
Rural Route,Rural Route,19,86,24.718243726853636,1.2581952638010847,8.348819091560419,0
Highway,Suburb,10,19,17.056728365154925,0.4345046802007194,11.58364562047373,0
City Center,Highway,11,96,8.541360429017043,0.3542378967274333,7.058840621401305,0
Rural Route,Highway,13,91,20.95115772979343,0.46061772041572757,13.308567043676081,1
City Center,Highway,7,41,18.419034976374885,1.3576324599465945,8.507012821609969,0
Suburb,City Center,10,45,3.1258112012128265,0.5430621985067439,3.8761161566678686,0
Highway,City Center,3,37,9.406760048592758,0.2034740664855188,10.337825182711828,0
Suburb,City Center,6,25,38.65345666461246,3.232933808509208,6.467780257868999,0
Highway,Rural Route,9,25,20.813095723570513,1.552281221750943,6.40539900669579,0
City Center,Highway,18,27,33.46670476395734,0.34122946537769805,12.051391263058845,0
Suburb,Highway,3,17,23.088182001675584,1.2751594914783728,12.804098264546742,1
Suburb,Rural Route,1,89,32.37135984234038,0.14162297663614062,9.672939125028803,1
City Center,City Center,20,84,25.557486341102166,1.7370491532590282,3.961547251283103,1
Suburb,Rural Route,17,79,10.53671026412687,0.8319547970439497,11.59425755269552,0
Rural Route,City Center,13,10,26.068251124413383,0.21857761957970578,9.041356087754982,0
Highway,Highway,15,71,10.47222843995533,0.4058091214874447,14.134786615275628,1
Highway,Suburb,21,85,29.293690354993018,0.8483869021521128,15.901396540424642,1
Highway,City Center,10,47,22.17724051759271,3.283999216913153,5.487188026152635,0
Rural Route,Highway,9,54,20.18772523838886,0.3817295638308688,17.417751740162746,0
Highway,Highway,16,67,15.614689693802525,0.23231321637257316,5.325237888312764,1
City Center,Suburb,13,90,27.984433023682875,1.4510887210126422,8.384907728673959,1
Suburb,Highway,21,10,18.423473209165365,1.6360469660237775,13.078881184393097,1
Rural Route,Highway,3,41,0.9010483165498471,0.18915179777742178,7.835049717986958,1
Highway,City Center,18,17,2.857485831226903,0.6695039759758469,7.560000340493572,0
City Center,City Center,1,49,7.307276813895147,0.6096945447651695,4.880657330751665,2
Suburb,Suburb,6,65,27.84180210379167,0.41213439508180266,5.9930385310430765,0
Suburb,Suburb,8,72,28.602505865180035,0.7585368949179876,7.5569802369644385,0
Rural Route,Highway,18,97,23.24997725326547,0.07562910851617531,12.323202820456142,0
Rural Route,City Center,15,83,23.14408795187106,2.1085198164127306,15.035544687030702,0
Rural Route,Suburb,21,83,34.46134637190073,8.928582089535547,7.724245860482997,0
City Center,Suburb,15,45,23.428483920799966,2.010499467431904,8.797682611144007,0
City Center,Rural Route,17,98,26.38109565502306,0.8959409453514815,7.018386792369705,0
Rural Route,Suburb,22,66,19.892526633149668,2.2047003385697947,5.4153302668436805,1
Highway,Highway,20,83,15.389449860052395,1.695003393764257,5.423419416449718,1
Suburb,City Center,20,92,17.197650697494982,3.7514729097026347,6.1734807982395274,0
Suburb,Suburb,10,54,40.507688192885155,1.945058578316735,9.849740987700434,0
City Center,Rural Route,6,88,9.132814374452556,2.0106611730570383,8.114696418521115,0
Suburb,City Center,8,89,23.1431159541329,0.5011944266412371,8.868261281571938,0
Highway,Suburb,3,11,4.8461114220602965,1.074432419198177,11.190424261927713,0
Suburb,Rural Route,12,77,13.894834497050734,0.8444578588936091,9.722458907693081,0
City Center,Suburb,3,59,27.738260859659015,0.022981912570198774,6.506275854694276,1
City Center,City Center,18,38,1.9003806912964905,0.7516594022300119,12.871831424148093,0
Highway,City Center,1,90,29.047392879743164,1.3313057705464093,3.9359913412991867,2
Highway,City Center,8,19,40.47543609439266,1.8318247729620065,7.6781919177712,0
Suburb,Highway,11,36,23.651605168185114,5.453516624539452,15.166516120197645,1
Suburb,Suburb,1,24,32.6191409454302,0.5465428379397673,11.021502232051237,0
City Center,Highway,5,69,22.4803807885787,0.3307613138696438,4.6053088488345395,1
Highway,City Center,4,40,27.110888542078577,4.071931925087022,5.250052085409658,1
Highway,Rural Route,4,30,24.537662599839905,5.689372614048369,8.980213114544128,1
Highway,Suburb,19,69,14.899441923364133,1.3386825993895388,8.540146115261804,0
Suburb,Highway,21,67,14.003173824072013,0.24482473179216271,12.127213593551058,0
Highway,Suburb,4,50,31.814570574844808,1.3286852837644856,13.392246926631273,1
City Center,Rural Route,3,55,19.577861419760197,0.23181707323829637,8.453154065213585,0
City Center,Highway,8,54,18.58227865505864,4.294337492362469,9.68396636233139,1
Suburb,City Center,21,35,18.375129824284112,2.4630313315827395,6.902300333080122,0
Rural Route,Highway,9,60,23.064067698394975,0.5518680837500487,9.526499835638292,0
Suburb,Suburb,15,45,8.144794871412085,4.3552679447383715,6.924900777553725,0
Rural Route,Suburb,9,61,18.17856408434368,2.0316792745643997,10.07313729225094,0
Highway,Suburb,9,90,23.105592838646967,6.126452682797052,8.120563334898002,2
Suburb,Suburb,18,60,7.209143541987224,7.87261592582338,11.8769120759858,0
City Center,City Center,9,12,22.092317279057433,0.006574372233728807,13.148222411846184,0
Highway,Highway,5,23,11.023734582227386,0.2561536409813344,13.881817609325346,0
City Center,City Center,16,58,23.124374623162154,1.5833834260466264,10.108263055920107,0
Highway,City Center,4,86,41.585119669133704,6.2404549217972605,11.821390014631547,2
Suburb,City Center,5,10,18.791365311260698,10.311426936089424,8.501179466705555,0
Rural Route,Suburb,23,66,9.213664624414745,1.675920217825574,7.477474021802971,0
Highway,Suburb,14,26,22.370837200281116,0.38184041236373867,5.8976516417470135,0
Rural Route,Suburb,18,59,24.742101124823044,0.35598194268040145,11.075743493754674,0
Highway,Highway,17,23,10.630770165130382,2.886641871327685,3.8483662004060024,1
City Center,Rural Route,3,68,2.815199738294197,1.7926707359478526,12.618859638827757,0
City Center,Suburb,7,90,10.661406324712674,1.5915734647228283,8.923591462708094,0
Highway,Highway,15,12,19.516483165226617,1.2538386367026728,9.12195914860197,0
Rural Route,Suburb,23,49,15.446864563707928,2.582947704781991,12.021980672980995,1
Suburb,Suburb,18,98,30.7749395035582,3.9046196729697327,4.498627775377402,1
Suburb,City Center,19,75,25.17113073685482,0.7218194565468734,9.33398842302592,0
City Center,City Center,2,43,21.01985688962756,0.4992773532983033,14.735294619524218,0
Suburb,City Center,9,99,2.5504078072291136,2.218532682018893,9.148358396724078,0
City Center,Highway,1,18,26.304024058558653,4.923922029250295,6.030612659537686,0
Suburb,Rural Route,3,93,39.79177267709069,0.855904437656638,8.960349334538172,1
Highway,Rural Route,5,30,28.623063844145275,0.6361402121619518,13.926729419340964,0
City Center,Highway,10,34,13.423053379381951,0.5126630348801391,7.704667675702314,0
City Center,Suburb,13,53,18.63647640334028,0.5873758972061336,5.380260228154377,0
Highway,Highway,15,34,24.590800585023697,0.2898974297155065,8.599336276561276,0
City Center,Suburb,20,18,33.86661202643943,1.816537129391305,5.785771461834466,0
Suburb,Highway,18,71,12.942488651548178,0.6593040864595733,3.231212188141698,1
Suburb,Highway,1,35,15.344858550998564,1.9087348799227817,12.26101489829551,1
City Center,Highway,16,66,19.56833446050751,0.17336616979417382,13.1441451606713,0
Suburb,Rural Route,8,46,18.69317288407811,0.24536783302168544,11.257028969112852,0
Rural Route,City Center,16,25,27.923595706411632,1.5363533048381826,12.680448476719626,0
City Center,Highway,14,46,22.622976866703645,1.4329583108272925,8.780908889189345,0
Highway,Rural Route,6,85,6.028232427974697,0.6335625594199636,14.05526337047489,0
Rural Route,City Center,21,33,13.43217965191123,3.510440676847127,8.114934194569294,0
City Center,City Center,22,35,13.720027270558978,0.4141643689687729,10.001547031232711,0
Highway,Highway,18,29,-2.149167044897247,0.8946412861672518,7.468995248171517,0
Suburb,Suburb,2,18,29.29636672718356,1.6216631194918867,5.793657400289852,0
Highway,Suburb,0,96,21.324250426727367,4.037989297426201,8.092436374690408,2
Rural Route,Suburb,3,38,14.593206572220227,1.0844639447473938,16.68765102885103,0
Suburb,Highway,17,40,29.026101579351884,1.0169931942470471,14.600070133042275,0
City Center,Suburb,7,28,23.013294031735008,1.732799623859306,12.325363373160764,0
Suburb,Rural Route,18,29,7.138788380384275,0.7616291356238718,8.714343575886817,0
City Center,Rural Route,22,96,26.095924562064226,2.4700551215943616,8.646259861011494,1
City Center,Rural Route,22,36,33.72963013923177,0.5718896730859228,15.139896903203669,0
Highway,Rural Route,5,94,18.601032449825478,3.4654269745880657,10.066940133475365,1
Highway,City Center,0,53,19.32950807165602,0.6358796125181002,12.371953448080815,1
Highway,Rural Route,7,44,21.077601741126518,9.840080322765374,8.338839379125275,1
Rural Route,Suburb,0,80,7.821057233837381,0.7609474441958162,9.108051679872723,1
Rural Route,Highway,18,31,21.414197485716937,4.221057788155988,12.342008426784524,0
Highway,Suburb,10,83,11.085026405516986,1.0128571237411523,7.793790348530417,0
Rural Route,Rural Route,20,96,19.93474377579162,0.5648712968170325,11.04480952879312,0
Suburb,City Center,23,24,21.65891530741058,0.5127886910923113,7.899028282697265,0
Suburb,Rural Route,14,22,25.30789697251019,3.7967920219870943,11.5305464732959,0
Rural Route,Highway,22,13,25.67557410411402,0.7385160926364361,7.8090107411779295,0
Rural Route,Suburb,10,91,10.723081371679417,0.8266811032073628,15.257695661823409,0
Suburb,Highway,18,65,21.876133714168283,0.43878383460117704,9.807273464665963,0
City Center,Highway,20,32,29.560910631832222,6.5051091880450596,12.323473671349552,1
Suburb,Highway,9,43,8.466166008950216,0.5613968714145243,9.938017287282852,0
Suburb,Suburb,23,26,37.45103271341925,0.5685587204489203,8.495888964917318,0
Rural Route,Rural Route,11,37,10.275796740690165,5.7611637205848805,11.722912090963666,0
Suburb,Highway,0,23,36.27442953164953,4.623228567356921,13.461404458185392,1
Rural Route,Suburb,23,43,10.451619031964752,0.5724619401003996,5.654939222662514,1
Rural Route,City Center,6,84,19.437796011458385,4.000899491075786,10.39310621293541,0
Highway,Suburb,16,66,18.07095073977151,0.5748927686864557,9.675729484322227,0
Suburb,City Center,9,86,6.33195604887516,0.17649154585572976,10.62931315028945,0
City Center,Suburb,5,64,26.981936998799565,3.433615873781776,14.061543510247247,0
Highway,Rural Route,16,75,27.49534382264391,2.952947242045911,12.448833100547702,1
Rural Route,Highway,17,46,26.19741387506542,0.6981708395849969,13.469948007607687,0
Rural Route,Rural Route,4,77,17.515213761350303,0.18892684407951965,10.789308758199947,1
City Center,Suburb,17,85,12.98243692564781,0.4624494435778912,8.699139671694146,0
Rural Route,Highway,16,35,30.991564828562524,2.9485606809440035,2.7256166997384508,1
Suburb,City Center,21,70,22.134439988669506,6.690455528392226,14.245967992060326,0
Highway,Suburb,15,76,12.437133505246717,0.599514899267884,2.499601131864101,2
Rural Route,Highway,7,93,22.1453702283651,3.4103431751897926,14.762708577319497,1
Rural Route,City Center,23,83,3.252971125518666,0.5173670026664885,12.222783076469414,1
City Center,City Center,12,61,21.07786672787566,2.276372573426822,15.905659711869355,0
Suburb,Rural Route,23,27,26.557741752888774,0.17463405255092193,10.797134600852123,0
Rural Route,Suburb,15,62,18.20591606335141,1.7603787981650552,11.500900261237568,0
City Center,City Center,10,72,27.10906809779884,0.6272032441088221,9.444217904452477,0
Rural Route,Highway,5,62,28.13220472167791,5.203221151594117,10.227374345479143,1
City Center,City Center,2,36,22.75315556746773,0.6842790192186916,7.8257981727084776,0
City Center,City Center,0,40,37.680700014603914,1.0164603060399493,9.647738099484897,0
Suburb,Rural Route,17,10,33.53955765117882,3.6736698833793198,7.46047387501763,0
Rural Route,Rural Route,4,15,26.27332644214215,1.1534842590543464,10.138671864228193,0
Suburb,Highway,12,20,23.551277246036168,0.544699765099948,9.9230573564521,0
City Center,Rural Route,9,43,17.436293964404893,1.5861309347339576,9.939473765629353,0
Highway,City Center,4,93,13.528372782584402,3.6650528761492747,9.72911124154557,2
Rural Route,City Center,13,72,27.974857695769728,1.1354185460249133,8.145806035139687,0
Highway,Rural Route,16,62,18.008468389839365,0.28517538727593666,11.67864266442917,0
Rural Route,City Center,0,94,9.859090618222965,0.9660542580839947,10.944731172515594,1
Suburb,City Center,1,94,11.978410902854504,6.178993153826924,10.828816295325026,1
Suburb,Highway,6,27,13.298100894139944,0.1494936885505576,7.174654665246472,1
Suburb,Rural Route,9,30,37.535523272261,1.0500018149275987,12.020000182740286,0
Suburb,City Center,19,28,28.47827854067738,2.0884118153926012,7.708622804692151,0
Suburb,Rural Route,6,13,20.342758326574916,0.16354347663072114,8.431702525830183,0
Highway,Highway,23,86,24.139501828072397,0.8460951972950111,10.275236605081549,1
Suburb,Rural Route,15,91,25.300299258634066,5.646193414430604,13.450466568427153,0
City Center,City Center,4,38,11.314085956480787,0.062229550224109136,6.3765271216724635,0
City Center,Rural Route,11,34,8.324328828556922,2.7865725312778973,7.034023043528926,0
Highway,City Center,16,65,30.515425111862747,3.6824242789259007,4.111314962537724,2
Rural Route,City Center,15,86,6.502770899565608,0.6488601024934504,11.518634517987167,0
City Center,City Center,19,72,19.825675058169335,0.4834155337931715,8.98817298937103,0
Rural Route,Highway,15,36,12.782715111315845,4.925998210211384,11.273236941464795,0
Highway,Rural Route,18,69,22.209902477490505,2.887861316445383,11.014723535727104,1
Rural Route,Highway,14,92,17.46947918668141,0.24067919837926546,12.364097911859167,1
Rural Route,Rural Route,11,58,25.339824060321554,0.477015089439999,10.004317516371842,0
Rural Route,Highway,20,74,-3.1116384467522984,1.9423131953017356,7.872093655417357,1
Rural Route,Suburb,9,47,31.206702235903226,1.0874447708138735,10.696040502709861,0
Highway,City Center,21,92,27.353837965683436,1.4030619347375515,11.243668313623928,0
City Center,City Center,1,61,30.115453608545756,6.054133629187152,8.954943576355495,1
Suburb,Highway,6,10,28.963874081543334,1.0902664577817227,10.27250112779029,0
Rural Route,Suburb,12,49,23.13798096736859,4.268758657317093,5.9649737331535,0
City Center,City Center,2,90,13.586508196022908,2.1620048253931645,6.182523593896153,1
City Center,Rural Route,14,30,24.384315259673663,0.25935072184784114,5.018678746144112,0
Highway,Highway,0,95,22.89536836643849,2.7291208208264117,10.865674448369026,1
City Center,City Center,2,24,28.76562114798443,1.4688096814220268,12.219894582650511,0
Highway,City Center,9,59,26.216498618680703,0.5100354837587452,5.723263736879588,0
Rural Route,Highway,14,57,20.942306473041842,0.6837115081943618,10.483340680841662,1
Rural Route,Highway,21,41,24.331282274223387,1.6298723701901616,11.341483215893984,0
Suburb,Rural Route,5,58,25.21730217196603,1.8411120814985782,8.802085334316022,0
Suburb,Rural Route,19,77,30.883300827189046,6.895094505397952,14.804646783417418,0
Suburb,City Center,14,54,37.358808994901786,3.858186606158326,5.628585411298625,0
City Center,City Center,23,41,25.97082115934949,0.4609388577823131,8.867322716630472,0
Rural Route,Highway,20,13,25.2637313511987,2.974370388678536,1.2632851112270824,1
Highway,City Center,6,74,17.770036284965585,0.016652752828838442,11.03688152256529,0
Suburb,City Center,20,80,16.566818353785806,0.27808386396955465,7.8042242348635344,0
Highway,Highway,4,82,12.741775703986931,0.4455382829943355,4.072865746340708,2
Highway,City Center,3,74,-11.997605623635387,1.8186270220731662,11.782029730921971,1
Suburb,City Center,21,89,11.607874884756109,0.4330435631571707,9.529412125232819,0
Rural Route,Suburb,17,27,18.272705695221962,0.909120404939382,9.079069749589422,0
Suburb,Rural Route,2,63,16.937394426139917,0.5562023183747398,13.38231514718852,0
Highway,Highway,16,56,24.566041785528334,0.8232177580953951,7.65631186794378,0
Suburb,Suburb,17,15,11.959784549388791,5.7102524962193,11.931857793313515,0
Highway,Rural Route,17,75,12.39996222785346,11.886379580375236,12.367900221278544,1
Highway,Rural Route,23,18,-1.1370438994064997,2.314955345136529,8.312495601503963,1
Suburb,Rural Route,23,77,24.714294955568416,1.6987033361406594,10.025404451457671,0
City Center,Suburb,1,32,11.121645511714805,2.4650727452260677,15.036229649737317,0
Suburb,Suburb,12,52,12.839933906531357,2.9537707511306377,6.970625962868873,0
City Center,Rural Route,21,60,25.647473551568922,2.686567397883139,11.664792304132778,0
Highway,City Center,14,81,11.172698834786992,0.1708816470728919,10.186333395149296,0
Highway,City Center,4,34,23.803375914467658,0.7429780343528495,13.812054163560443,1
City Center,Suburb,2,89,7.933749231027928,0.841456138873183,9.898797156561319,1
Highway,Suburb,4,44,19.788757498608913,0.9217055697344955,12.057259177335348,1
City Center,Suburb,4,26,13.903481742928225,0.8441458511704795,5.198443715774106,0
City Center,Rural Route,4,27,17.33705286426057,3.093793057093168,3.567502086413194,1
Highway,City Center,2,36,35.116800037430295,2.753517284962509,6.852283236463476,1
Rural Route,Suburb,2,24,3.6071226235392864,0.009221833700252707,8.675362830675937,0
City Center,Suburb,19,90,34.2241070927669,0.7030380130143608,8.93747831038236,0
Suburb,Highway,22,78,10.812245097886965,1.9545439634091446,13.276837242455237,1
Suburb,Rural Route,17,89,28.69081773265981,0.25627052048558724,8.821034578013442,0
Highway,Highway,19,24,30.673169551747627,0.14772002468850895,10.071478640136725,0
Rural Route,City Center,3,51,24.304622155519017,3.5251562667095273,10.418682874738433,0
Highway,Highway,0,43,7.81556388111991,1.2054588882424608,8.105494397372654,2
Rural Route,Highway,15,57,22.724296836435897,3.871546553275445,9.945082798843735,1
City Center,Highway,7,92,45.59562250323274,3.469466369568031,13.153483127594223,0
City Center,Rural Route,16,17,20.112357012401294,4.476790555430574,10.897573647725151,0
City Center,City Center,7,19,18.99183238303057,0.0989573857792361,11.779622067887328,0
City Center,Highway,6,14,18.029434692793984,0.4119094242414725,10.999660901896435,0
Suburb,Rural Route,7,57,25.155633670732293,0.7023606040579764,14.941372499908432,0
Suburb,City Center,20,35,19.128191616674684,0.29289839665264095,6.842799596071655,0
Highway,Suburb,23,95,22.845905096932018,1.3290021361266435,17.501852163892877,1
Rural Route,Highway,11,32,17.076766446898354,3.2086708052042305,12.989025612952739,0
City Center,City Center,15,71,9.637551286951462,6.039304614158764,13.534417736157025,0
City Center,Highway,11,22,43.22069100684279,4.4068217668362335,13.929863391351205,0
Rural Route,Suburb,18,18,19.033486984073292,1.2225323764241514,13.109030958905407,0
Rural Route,City Center,9,29,51.98398193291884,2.0239030037963364,6.129671037714499,0
Highway,Rural Route,6,66,24.249152460469183,0.524538458933417,6.6009799821822766,1
Rural Route,City Center,11,33,25.999822025755588,1.0317064819320305,12.097628943553827,0
City Center,Rural Route,19,42,16.907154304782452,4.098718691428528,11.732739015170553,0
City Center,City Center,4,29,14.070426786248724,0.059264505238045086,12.65740592703139,0
City Center,Rural Route,15,69,17.133298809362607,1.5218213559745093,10.139936151010373,0
City Center,Suburb,8,57,11.676873359654982,4.123962493737284,6.048139109042752,0
City Center,Suburb,6,73,10.753191816491029,0.26023986250789216,9.669616961856256,0
Highway,Suburb,19,39,37.84601055413869,8.096396001571792,12.22409138438834,1
City Center,City Center,21,82,27.9975260566788,0.024937756708045836,9.240485954723333,0
Highway,Suburb,13,26,34.98185124354066,4.345220234464673,9.985730099317486,0
City Center,Highway,10,23,31.24899689638518,0.8728981056464425,10.090159360189084,0
Suburb,Suburb,6,28,13.986284354980246,0.2847189639829716,8.433977956035774,0
Suburb,Rural Route,9,80,4.6031416649555705,0.3424265858921093,7.558272587863872,0
Suburb,Rural Route,8,68,15.398568293031628,2.41581920909162,16.3251264214961,0
Suburb,Rural Route,3,76,20.91831819011613,4.091544366196371,14.67580013210037,1
Highway,City Center,15,53,31.443431184593166,2.0492354742446275,13.210427010062046,0
Highway,Highway,9,41,19.453953523215255,5.282418484740249,11.245093284610954,1
Rural Route,Suburb,18,20,49.66365795176017,3.696390390438994,6.985898182305074,0
City Center,Highway,23,11,15.673040094301463,0.01814568194021335,12.661906512185459,0
Suburb,Highway,16,99,25.910576024481916,2.21387165337975,13.345928729126785,1
Highway,Rural Route,8,77,14.014091082042928,0.7266358875240049,8.966574589507742,1
City Center,Rural Route,12,26,24.062823858223442,1.2121049903892795,6.7968980166043576,0
City Center,Rural Route,0,90,18.744265685945486,0.19749982370614952,11.280759628989738,2
Highway,City Center,1,49,17.513390427540948,0.6628476558562031,13.203744091201392,1
Suburb,Highway,12,96,13.812078971042085,2.0030762444750527,8.079881570661243,1
Rural Route,Highway,23,55,21.475424064312364,0.492778630971302,11.586128901857116,1
City Center,City Center,8,97,28.361729264676455,2.085617371210014,7.277680129961615,0
Rural Route,City Center,6,13,10.249336357947843,5.128735493972889,6.589961821252104,0
Suburb,City Center,15,47,19.514270050279187,0.009905097306556566,10.614600260319644,0
Suburb,Highway,18,72,24.931340706556366,3.081416868742981,7.556836834796741,1
Rural Route,Highway,6,38,26.828911076730087,2.0506430615952667,11.290257798840804,0
Suburb,Rural Route,5,28,38.630278471837755,0.0955102018055298,5.153699334284941,0
City Center,Rural Route,17,38,25.78678446050238,3.1228879135969607,7.428899255544012,0
Rural Route,Highway,18,44,15.9997790276489,0.5085488426921991,13.08731598061713,0
Suburb,Rural Route,10,79,14.319984415899974,0.6180035706466631,12.077545925230915,0
Rural Route,City Center,11,32,14.197418256384095,0.19636309791650003,11.25712189618336,0
City Center,Suburb,9,55,13.640232233980997,1.5287700631571746,8.663554997559213,0
Suburb,Rural Route,12,53,22.15736018607391,1.379201912777283,10.041129301903878,0
City Center,Highway,11,57,24.205502447097647,0.8528908466022107,9.325717852096338,1
Suburb,Rural Route,20,61,28.24544815386787,0.3696585355892455,17.001323921882875,0
Highway,Rural Route,9,17,26.649947266352378,3.639744568434945,10.949306235501432,0
Suburb,Rural Route,19,64,32.46107154644385,4.181060470337489,7.700172632590045,0
Rural Route,Suburb,17,75,13.31079156140636,1.5555792145727882,9.75725853660815,0
Suburb,City Center,3,86,36.36484185633198,0.560024015096093,4.958394923892611,1
City Center,Highway,23,49,13.703441016602369,0.2020953601881124,4.288665463975455,2
City Center,Suburb,4,94,23.479323581752645,4.058168716486661,14.38814200755283,0
Suburb,Highway,4,40,18.05241321016835,0.20196847684113353,10.821065562590967,1
Rural Route,Highway,11,57,19.761042123904343,0.026535330509078654,8.645235359353842,0
Highway,Highway,2,70,26.72288763217259,1.2674845427973631,9.920436561268108,1
Rural Route,Suburb,7,61,5.615798306812271,2.6281038478363286,9.687496874713098,0
Highway,City Center,21,47,11.692757369461765,1.223270813823172,10.202770320218203,0
City Center,Highway,1,45,27.49226735246932,0.10555849465698412,13.44324309023894,1
Rural Route,City Center,17,96,19.978473838087815,2.342553800354221,11.606311784362648,0
Highway,City Center,8,64,17.4338218268497,2.0563036643460553,8.771247448077155,0
Suburb,Rural Route,12,94,8.790594383366226,2.2884523113137902,4.753359289014842,1
City Center,Suburb,6,22,17.5038918766977,0.47449126820533305,6.99306619658506,0
Suburb,Suburb,9,46,26.809469415669696,3.17631598066458,12.27536842810855,0
City Center,Rural Route,8,56,14.365268808543343,1.3046563052010132,14.686292874675473,0
Rural Route,Rural Route,21,99,33.64063346858433,1.5372627672675943,7.3661611690576585,0
Rural Route,City Center,14,80,30.768849308026255,1.5785674458942929,6.912663920270219,0
City Center,Highway,4,31,16.49947095481229,0.6760048373050092,8.702851666365358,0
City Center,Suburb,11,48,14.056512672100391,0.5757217884443275,15.353218579363439,0
City Center,Highway,0,96,-7.644783355742369,0.009555049400115112,10.443106041199275,1
Rural Route,Highway,11,67,9.231389580586338,1.0103841840769343,7.713213455287335,0
Highway,Rural Route,21,39,8.6166366344011,1.3275767342570988,8.916603999110029,0
Suburb,Highway,5,27,5.690335690653045,2.7158316998514453,8.415443611898066,0
Suburb,City Center,18,27,19.640235223233912,0.13790066109287444,12.112399876389713,0
Rural Route,Rural Route,18,83,23.12080560326113,5.153765275710694,15.860445207127443,0
Suburb,Highway,15,48,38.14655342273463,0.6129374656662915,10.392495558759695,1
City Center,Rural Route,18,35,20.66490661400694,0.9136874126729613,13.281265186261097,0
Highway,City Center,2,80,-0.33553787844991234,0.09914211572517645,5.961795213606669,1
Suburb,City Center,22,16,12.522559686633501,2.117647382149545,17.023016730724084,0
Highway,Highway,9,78,26.105642755423013,2.468333491861999,5.982761960335023,0
City Center,Rural Route,17,74,19.185872530883287,5.28427823099938,13.63554050252307,1
Suburb,Highway,12,55,28.568280095944132,0.8214448169971318,11.015864246386345,0
Rural Route,Highway,17,27,14.862510264354302,0.5951112583096944,6.2256862693397,0
Highway,Rural Route,2,22,31.520373194649423,2.5898858578057506,12.503356611005655,1
City Center,Highway,22,34,22.460300742177463,2.4538066782685712,9.912757956276074,1
Highway,City Center,2,17,22.71477583931577,5.53318333247065,7.264830891580803,1
Suburb,Rural Route,22,83,21.49954887569641,0.45962805972551607,10.032201669640923,0
Suburb,Rural Route,11,41,12.348438796888654,2.4435447125582295,5.050429573147413,0
Rural Route,Rural Route,19,26,19.42809445159176,0.13841845518625098,8.55292601632192,0
City Center,Rural Route,6,88,22.937609175533705,1.3092692313890457,7.106700197302935,0
City Center,Highway,23,88,5.99345391357093,0.254282624952591,9.452830706658169,1
Rural Route,Highway,7,57,20.795942527635205,2.117702605060621,4.807657612534181,1
Rural Route,City Center,8,72,32.148779184985344,1.839928751354617,4.627073385572673,0
City Center,Suburb,13,49,24.33818133370123,0.10013111489800199,7.452718596720509,0
Highway,Suburb,4,93,33.672901497693005,0.7702012261571484,9.88507582079274,1
Highway,City Center,20,24,24.077273233058385,1.005164826073188,7.080238796235403,0
Rural Route,Suburb,18,15,11.023691024326322,0.5701982077461437,11.384638146268596,0
Highway,City Center,20,72,27.90759760837597,0.07887516489457859,12.106265108352565,1
City Center,Highway,15,17,8.589738816972867,0.7678629482849598,7.467589928332177,0
Suburb,Rural Route,23,41,17.915628102718443,3.146452110499194,14.17140843017347,0
Suburb,Rural Route,11,54,17.24003642682775,0.8929151361625417,9.091298680977085,0
Highway,Highway,20,61,13.21721604194067,0.7812606450650879,15.49459916518943,1
Rural Route,Rural Route,3,88,43.78967221854361,5.686130115428252,9.221127867967946,1
Rural Route,Rural Route,7,91,19.273546919549073,0.08504420843141011,6.63509122358976,0
Rural Route,Suburb,6,22,38.100617105393326,2.9159089643299687,13.684274081175841,0
Rural Route,Highway,14,33,23.435904805129958,1.3197869241812632,6.875791973032328,0
Rural Route,Suburb,5,49,11.790781892732678,5.781393891907607,13.413112802474206,0
Highway,Suburb,4,23,15.90412236096396,1.0000046292058857,10.361876752815583,1
Suburb,Rural Route,13,84,19.61518672186649,2.462292953941644,8.332340984999442,0
Suburb,Rural Route,20,79,16.58191674425403,0.14500238918906738,7.694714819081664,0
Highway,Highway,12,71,17.26047778609714,5.283750508825839,9.741264045583613,1
Rural Route,Rural Route,9,98,25.73743960521231,0.8448441367200105,12.039545240730972,0
Highway,Rural Route,17,70,23.65370054434002,1.4846940755782414,9.879730225383216,0
Suburb,Highway,3,10,26.89993722730729,0.2981177506348561,14.43852557392783,0
City Center,Rural Route,7,98,35.266845775258496,5.821233997469779,6.472687883423782,1
Highway,Suburb,23,75,15.28514167219561,2.2354092086416397,9.71016017835883,2
Rural Route,Highway,10,41,31.13892584528025,0.11091438031323599,13.301980402255328,0
Suburb,Rural Route,16,22,33.93601929294391,0.33732678131805377,6.388302811069101,0
Suburb,City Center,17,42,32.93900793537247,1.0210979828733162,13.120791597207266,0
Suburb,Highway,20,41,2.4006918959283006,0.48866035336798536,10.059388019654548,1
Suburb,Highway,10,65,37.97686530462869,0.7266096591861262,10.330355327083181,0
Rural Route,City Center,15,33,13.636010189445294,11.975870266587007,8.981340591127921,0
City Center,Rural Route,11,13,1.5932769618354854,2.1496862367351177,6.373110274043706,0
Suburb,Rural Route,12,97,37.731100907860075,5.107680248449604,9.763572321502025,1
Highway,Highway,15,32,25.134043681739556,1.144687199951735,8.332648587234095,0
City Center,Highway,22,38,25.547049325040273,2.4776964497060936,14.57291725125879,1
Suburb,Rural Route,20,30,16.679276440880145,1.2312255415927567,11.531267843789026,0
City Center,Rural Route,0,39,21.820979124969774,0.7956622708997823,10.103496397201841,0
Highway,Suburb,15,99,18.6068347915356,1.4644960912349871,13.953217437569764,1
Suburb,Highway,14,29,13.757971891704077,1.1148250799955646,9.831663415199952,0
Highway,Highway,5,25,20.229908474007274,7.878855073668032,12.108641848483472,1
Rural Route,City Center,11,76,21.131382072977992,1.37101846901748,13.49263539566368,0
